"Institution id","Case url","Institution name","Institution tags","Jst category","Voivodship","County","Community","Jst full name","Q1","Q2","Q3","Q4","Q5","Q6","Q7","Q8","Q9","population_2025"
"43","https://fedrowanie.siecobywatelska.pl/sprawy/wnioski-o-informacje-w-2025-314","ABRAMÓW","samorząd gminy","gmina wiejska","Lubelskie","Lubartowski","Abramów","Lubelskie / Lubartowski / Abramów (0608022, gmina wiejska)",61,61,0,"[a, c]",0,0,0,"b) NIE","b) NIE",3760
"44","https://fedrowanie.siecobywatelska.pl/sprawy/wnioski-o-informacje-w-2025-315","ADAMÓW (pow. łukowski)","samorząd gminy","gmina wiejska","Lubelskie","Łukowski","Adamów","Lubelskie / Łukowski / Adamów (0611032, gmina wiejska)",35,35,0,"N/A",0,0,0,"b) NIE","b) NIE",5000
"709","https://fedrowanie.siecobywatelska.pl/sprawy/wnioski-o-informacje-w-2025-316","ADAMÓW (pow. zamojski)","samorząd gminy","gmina wiejska","Lubelskie","Zamojski","Adamów","Lubelskie / Zamojski / Adamów (0620012, gmina wiejska)",95,95,0,"N/A",0,0,0,"b) NIE","b) NIE",4290
"1728","https://fedrowanie.siecobywatelska.pl/sprawy/wnioski-o-informacje-w-2025-1354","ADAMÓWKA","samorząd gminy","gmina wiejska","Podkarpackie","Przeworski","Adamówka","Podkarpackie / Przeworski / Adamówka (1814022, gmina wiejska)",13,13,0,"N/A",0,0,0,"b) NIE","b) NIE",3940
"843","https://fedrowanie.siecobywatelska.pl/sprawy/wnioski-o-informacje-w-2025-317","ALEKSANDRÓW (woj. lubelskie)","samorząd gminy","gmina wiejska","Lubelskie","Biłgorajski","Aleksandrów","Lubelskie / Biłgorajski / Aleksandrów (0602022, gmina wiejska)",96,96,0,"N/A",0,0,0,"b) NIE","b) NIE",3120
"1960","https://fedrowanie.siecobywatelska.pl/sprawy/wnioski-o-informacje-w-2025-170","ALEKSANDRÓW KUJAWSKI","samorząd gminy","gmina miejska","Kujawsko-Pomorskie","Aleksandrowski","Aleksandrów Kujawski","Kujawsko-Pomorskie / Aleksandrowski / Aleksandrów Kujawski (0401011, gmina miejska)",116,116,0,"N/A",0,0,0,"b) NIE","b) NIE",11300
"456","https://fedrowanie.siecobywatelska.pl/sprawy/wnioski-o-informacje-w-2025-171","ALEKSANDRÓW KUJAWSKI","samorząd gminy","gmina wiejska","Kujawsko-Pomorskie","Aleksandrowski","Aleksandrów Kujawski","Kujawsko-Pomorskie / Aleksandrowski / Aleksandrów Kujawski (0401042, gmina wiejska)",80,80,0,"N/A",0,0,0,"b) NIE","b) NIE",11940
"2204","https://fedrowanie.siecobywatelska.pl/sprawy/wnioski-o-informacje-w-2025-786","ALWERNIA","samorząd gminy","gmina miejsko-wiejska","Małopolskie","Chrzanowski","Alwernia","Małopolskie / Chrzanowski / Alwernia (1203013, gmina miejsko-wiejska)",111,111,0,"N/A",1,0,0,"b) NIE","a) TAK",12160
"1081","https://fedrowanie.siecobywatelska.pl/sprawy/wnioski-o-informacje-w-2025-611","ANDRESPOL","samorząd gminy","gmina wiejska","Łódzkie","Łódzki Wschodni","Andrespol","Łódzkie / Łódzki Wschodni / Andrespol (1006022, gmina wiejska)",97,"BD",0,"N/A",0,0,0,"b) NIE","b) NIE",14870
"462","https://fedrowanie.siecobywatelska.pl/sprawy/wnioski-o-informacje-w-2025-787","ANDRYCHÓW","samorząd gminy","gmina miejsko-wiejska","Małopolskie","Wadowicki","Andrychów","Małopolskie / Wadowicki / Andrychów (1218013, gmina miejsko-wiejska)",222,200,1,"[a, b, c]",0,0,0,"b) NIE","b) NIE",41470
"405","https://fedrowanie.siecobywatelska.pl/sprawy/wnioski-o-informacje-w-2025-969","ANDRZEJEWO","samorząd gminy","gmina wiejska","Mazowieckie","Ostrowski","Andrzejewo","Mazowieckie / Ostrowski / Andrzejewo (1416022, gmina wiejska)",51,50,0,"[c]",0,0,0,"b) NIE","b) NIE",3680
"53","https://fedrowanie.siecobywatelska.pl/sprawy/wnioski-o-informacje-w-2025-318","ANNOPOL","samorząd gminy","gmina miejsko-wiejska","Lubelskie","Kraśnicki","Annopol","Lubelskie / Kraśnicki / Annopol (0607023, gmina miejsko-wiejska)",106,106,0,"N/A",0,0,0,"b) NIE","b) NIE",7830
"2201","https://fedrowanie.siecobywatelska.pl/sprawy/wnioski-o-informacje-w-2025-1514","Augustów","samorząd gminy","gmina miejska","Podlaskie","Augustowski","Augustów","Podlaskie / Augustowski / Augustów (2001011, gmina miejska)",100,100,0,"N/A",0,0,0,"b) NIE","b) NIE",28520
"406","https://fedrowanie.siecobywatelska.pl/sprawy/wnioski-o-informacje-w-2025-1515","AUGUSTÓW","samorząd gminy","gmina wiejska","Podlaskie","Augustowski","Augustów","Podlaskie / Augustowski / Augustów (2001022, gmina wiejska)",67,67,0,"N/A",0,0,0,"b) NIE","b) NIE",6350
"1569","https://fedrowanie.siecobywatelska.pl/sprawy/wnioski-o-informacje-w-2025-2141","BABIAK","samorząd gminy","gmina wiejska","Wielkopolskie","Kolski","Babiak","Wielkopolskie / Kolski / Babiak (3009022, gmina wiejska)",34,34,0,"N/A",0,0,0,"a) TAK","b) NIE",7200
"710","https://fedrowanie.siecobywatelska.pl/sprawy/wnioski-o-informacje-w-2025-788","BABICE","samorząd gminy","gmina wiejska","Małopolskie","Chrzanowski","Babice","Małopolskie / Chrzanowski / Babice (1203022, gmina wiejska)",109,108,1,"[h]",0,0,0,"b) NIE","b) NIE",8960
"58","https://fedrowanie.siecobywatelska.pl/sprawy/wnioski-o-informacje-w-2025-527","BABIMOST","samorząd gminy","gmina miejsko-wiejska","Lubuskie","Zielonogórski","Babimost","Lubuskie / Zielonogórski / Babimost (0809013, gmina miejsko-wiejska)",95,94,1,"[i]",0,3,0,"b) NIE","b) NIE",5990
"1082","https://fedrowanie.siecobywatelska.pl/sprawy/wnioski-o-informacje-w-2025-1283","BABORÓW","samorząd gminy","gmina miejsko-wiejska","Opolskie","Głubczycki","Baborów","Opolskie / Głubczycki / Baborów (1602013, gmina miejsko-wiejska)",80,72,0,"[a, b]",0,0,0,"b) NIE","b) NIE",5450
"2238","https://fedrowanie.siecobywatelska.pl/sprawy/wnioski-o-informacje-w-2025-970","BABOSZEWO","samorząd gminy","gmina wiejska","Mazowieckie","Płoński","Baboszewo","Mazowieckie / Płoński / Baboszewo (1420032, gmina wiejska)",90,90,0,"N/A",0,0,0,"b) NIE","b) NIE",7270
"1729","https://fedrowanie.siecobywatelska.pl/sprawy/wnioski-o-informacje-w-2025-1923","BAĆKOWICE","samorząd gminy","gmina wiejska","Świętokrzyskie","Opatowski","Baćkowice","Świętokrzyskie / Opatowski / Baćkowice (2606012, gmina wiejska)",64,26,0,"BD",0,0,0,"b) NIE","b) NIE",4450
"2205","https://fedrowanie.siecobywatelska.pl/sprawy/wnioski-o-informacje-w-2025-1516","BAKAŁARZEWO","samorząd gminy","gmina wiejska","Podlaskie","Suwalski","Bakałarzewo","Podlaskie / Suwalski / Bakałarzewo (2012012, gmina wiejska)",66,63,0,"[f, i]",0,0,0,"b) NIE","b) NIE",2970
"179","https://fedrowanie.siecobywatelska.pl/sprawy/wnioski-o-informacje-w-2025-1355","BALIGRÓD","samorząd gminy","gmina wiejska","Podkarpackie","Leski","Baligród","Podkarpackie / Leski / Baligród (1821012, gmina wiejska)",48,48,0,"[c]",0,0,0,"b) NIE","b) NIE",3000
"2206","https://fedrowanie.siecobywatelska.pl/sprawy/wnioski-o-informacje-w-2025-2367","BANIE","samorząd gminy","gmina wiejska","Zachodniopomorskie","Gryfiński","Banie","Zachodniopomorskie / Gryfiński / Banie (3206012, gmina wiejska)",24,24,0,"N/A",0,0,0,"b) NIE","b) NIE",5650
"1781","https://fedrowanie.siecobywatelska.pl/sprawy/wnioski-o-informacje-w-2025-2025","BANIE MAZURSKIE","samorząd gminy","gmina wiejska","Warmińsko-Mazurskie","Gołdapski","Banie Mazurskie","Warmińsko-Mazurskie / Gołdapski / Banie Mazurskie (2818012, gmina wiejska)",95,89,0,"[a]",0,0,0,"b) NIE","b) NIE",3110
"1570","https://fedrowanie.siecobywatelska.pl/sprawy/wnioski-o-informacje-w-2025-971","BARANOWO","samorząd gminy","gmina wiejska","Mazowieckie","Ostrołęcki","Baranowo","Mazowieckie / Ostrołęcki / Baranowo (1415012, gmina wiejska)",18,18,0,"N/A",0,0,0,"b) NIE","b) NIE",5810
"223","https://fedrowanie.siecobywatelska.pl/sprawy/wnioski-o-informacje-w-2025-319","BARANÓW (woj. lubelskie)","samorząd gminy","gmina wiejska","Lubelskie","Puławski","Baranów","Lubelskie / Puławski / Baranów (0614022, gmina wiejska)",88,88,0,"N/A",0,0,0,"b) NIE","b) NIE",3410
"180","https://fedrowanie.siecobywatelska.pl/sprawy/wnioski-o-informacje-w-2025-2142","BARANÓW (woj. wielkopolskie)","samorząd gminy","gmina wiejska","Wielkopolskie","Kępiński","Baranów","Wielkopolskie / Kępiński / Baranów (3008012, gmina wiejska)",70,69,1,"[c]",0,0,0,"b) NIE","b) NIE",8320
"2207","https://fedrowanie.siecobywatelska.pl/sprawy/wnioski-o-informacje-w-2025-1356","BARANÓW SANDOMIERSKI","samorząd gminy","gmina miejsko-wiejska","Podkarpackie","Tarnobrzeski","Baranów Sandomierski","Podkarpackie / Tarnobrzeski / Baranów Sandomierski (1820013, gmina miejsko-wiejska)",78,78,0,"[a, c]",0,0,0,"b) NIE","b) NIE",11130
"1083","https://fedrowanie.siecobywatelska.pl/sprawy/wnioski-o-informacje-w-2025-2026","BARCIANY","samorząd gminy","gmina wiejska","Warmińsko-Mazurskie","Kętrzyński","Barciany","Warmińsko-Mazurskie / Kętrzyński / Barciany (2808022, gmina wiejska)",167,167,20,"[b, d, e]",0,1,0,"b) NIE","b) NIE",5440
"808","https://fedrowanie.siecobywatelska.pl/sprawy/wnioski-o-informacje-w-2025-172","BARCIN","samorząd gminy","gmina miejsko-wiejska","Kujawsko-Pomorskie","Żniński","Barcin","Kujawsko-Pomorskie / Żniński / Barcin (0419013, gmina miejsko-wiejska)",106,106,0,"N/A",1,0,0,"b) NIE","b) NIE",13960
"1084","https://fedrowanie.siecobywatelska.pl/sprawy/wnioski-o-informacje-w-2025-2027","BARCZEWO","samorząd gminy","gmina miejsko-wiejska","Warmińsko-Mazurskie","Olsztyński","Barczewo","Warmińsko-Mazurskie / Olsztyński / Barczewo (2814013, gmina miejsko-wiejska)",156,139,14,"[a, g, i]",0,1,0,"b) NIE","b) NIE",18440
"2114","https://fedrowanie.siecobywatelska.pl/sprawy/wnioski-o-informacje-w-2025-1","BARDO","samorząd gminy","gmina miejsko-wiejska","Dolnośląskie","Ząbkowicki","Bardo","Dolnośląskie / Ząbkowicki / Bardo (0224013, gmina miejsko-wiejska)",88,88,0,"N/A",0,0,0,"b) NIE","b) NIE",4780
"1413","https://fedrowanie.siecobywatelska.pl/sprawy/wnioski-o-informacje-w-2025-173","BARTNICZKA","samorząd gminy","gmina wiejska","Kujawsko-Pomorskie","Brodnicki","Bartniczka","Kujawsko-Pomorskie / Brodnicki / Bartniczka (0402062, gmina wiejska)",76,72,0,"[a, b, c]",0,0,0,"b) NIE","b) NIE",4470
"2197","https://fedrowanie.siecobywatelska.pl/sprawy/wnioski-o-informacje-w-2025-2028","BARTOSZYCE","samorząd gminy","gmina miejska","Warmińsko-Mazurskie","Bartoszycki","Bartoszyce","Warmińsko-Mazurskie / Bartoszycki / Bartoszyce (2801011, gmina miejska)",93,93,0,"[b, c]",1,0,0,"b) NIE","b) NIE",20770
"2443","https://fedrowanie.siecobywatelska.pl/sprawy/wnioski-o-informacje-w-2025-2029","BARTOSZYCE","samorząd gminy","gmina wiejska","Warmińsko-Mazurskie","Bartoszycki","Bartoszyce","Warmińsko-Mazurskie / Bartoszycki / Bartoszyce (2801032, gmina wiejska)",84,83,0,"N/A",0,0,0,"b) NIE","b) NIE",10080
"2369","https://fedrowanie.siecobywatelska.pl/sprawy/wnioski-o-informacje-w-2025-2369","BARWICE","samorząd gminy","gmina miejsko-wiejska","Zachodniopomorskie","Szczecinecki","Barwice","Zachodniopomorskie / Szczecinecki / Barwice (3215023, gmina miejsko-wiejska)",87,86,1,"[c]",0,1,0,"b) NIE","b) NIE",7580
"809","https://fedrowanie.siecobywatelska.pl/sprawy/wnioski-o-informacje-w-2025-320","BATORZ","samorząd gminy","gmina wiejska","Lubelskie","Janowski","Batorz","Lubelskie / Janowski / Batorz (0605012, gmina wiejska)",77,77,0,"N/A",0,0,0,"a) TAK","b) NIE",3020
"1571","https://fedrowanie.siecobywatelska.pl/sprawy/wnioski-o-informacje-w-2025-612","BEDLNO","samorząd gminy","gmina wiejska","Łódzkie","Kutnowski","Bedlno","Łódzkie / Kutnowski / Bedlno (1002022, gmina wiejska)",74,70,"BD","[b, d]","BD","BD","BD","b) NIE","b) NIE",4910
"1783","https://fedrowanie.siecobywatelska.pl/sprawy/wnioski-o-informacje-w-2025-1925","BEJSCE","samorząd gminy","gmina wiejska","Świętokrzyskie","Kazimierski","Bejsce","Świętokrzyskie / Kazimierski / Bejsce (2603012, gmina wiejska)",65,64,1,"[h]",0,0,0,"b) NIE","b) NIE",3770
"1086","https://fedrowanie.siecobywatelska.pl/sprawy/wnioski-o-informacje-w-2025-973","BELSK DUŻY","samorząd gminy","gmina wiejska","Mazowieckie","Grójecki","Belsk Duży","Mazowieckie / Grójecki / Belsk Duży (1406012, gmina wiejska)",105,105,1,"[f]",0,0,0,"b) NIE","b) NIE",6080
"1780","https://fedrowanie.siecobywatelska.pl/sprawy/wnioski-o-informacje-w-2025-614","BEŁCHATÓW","samorząd gminy","gmina wiejska","Łódzkie","Bełchatowski","Bełchatów","Łódzkie / Bełchatowski / Bełchatów (1001022, gmina wiejska)",67,67,0,"N/A",0,0,0,"a) TAK","b) NIE",13340
"1961","https://fedrowanie.siecobywatelska.pl/sprawy/wnioski-o-informacje-w-2025-613","BEŁCHATÓW","samorząd gminy","gmina miejska","Łódzkie","Bełchatowski","Bełchatów","Łódzkie / Bełchatowski / Bełchatów (1001011, gmina miejska)",114,77,3,"[a, b, c]",0,0,0,"b) NIE","b) NIE",50960
"1087","https://fedrowanie.siecobywatelska.pl/sprawy/wnioski-o-informacje-w-2025-321","BEŁŻEC","samorząd gminy","gmina wiejska","Lubelskie","Tomaszowski","Bełżec","Lubelskie / Tomaszowski / Bełżec (0618022, gmina wiejska)",77,76,0,"[i]",0,0,0,"b) NIE","a) TAK",3060
"181","https://fedrowanie.siecobywatelska.pl/sprawy/wnioski-o-informacje-w-2025-322","BEŁŻYCE","samorząd gminy","gmina miejsko-wiejska","Lubelskie","Lubelski","Bełżyce","Lubelskie / Lubelski / Bełżyce (0609013, gmina miejsko-wiejska)",132,132,1,"[a, b, c]",1,2,0,"b) NIE","b) NIE",12440
"760","https://fedrowanie.siecobywatelska.pl/sprawy/wnioski-o-informacje-w-2025-1357","BESKO","samorząd gminy","gmina wiejska","Podkarpackie","Sanocki","Besko","Podkarpackie / Sanocki / Besko (1817022, gmina wiejska)",57,57,0,"N/A",0,0,0,"b) NIE","b) NIE",4320
"1088","https://fedrowanie.siecobywatelska.pl/sprawy/wnioski-o-informacje-w-2025-1756","BESTWINA","samorząd gminy","gmina wiejska","Śląskie","Bielski","Bestwina","Śląskie / Bielski / Bestwina (2402022, gmina wiejska)",80,80,0,"N/A",0,0,0,"b) NIE","b) NIE",12260
"1782","https://fedrowanie.siecobywatelska.pl/sprawy/wnioski-o-informacje-w-2025-615","BĘDKÓW","samorząd gminy","gmina wiejska","Łódzkie","Tomaszowski","Będków","Łódzkie / Tomaszowski / Będków (1016022, gmina wiejska)",77,77,0,"N/A",0,0,0,"a) TAK","b) NIE",3110
"2053","https://fedrowanie.siecobywatelska.pl/sprawy/wnioski-o-informacje-w-2025-1757","BĘDZIN","samorząd gminy","gmina miejska","Śląskie","Będziński","Będzin","Śląskie / Będziński / Będzin (2401011, gmina miejska)",181,180,0,"[b]",1,0,0,"b) NIE","b) NIE",52460
"1572","https://fedrowanie.siecobywatelska.pl/sprawy/wnioski-o-informacje-w-2025-2370","BĘDZINO","samorząd gminy","gmina wiejska","Zachodniopomorskie","Koszaliński","Będzino","Zachodniopomorskie / Koszaliński / Będzino (3209012, gmina wiejska)",91,90,0,"[c]",0,0,0,"a) TAK","a) TAK",8550
"1089","https://fedrowanie.siecobywatelska.pl/sprawy/wnioski-o-informacje-w-2025-1284","BIAŁA","samorząd gminy","gmina miejsko-wiejska","Opolskie","Prudnicki","Biała","Opolskie / Prudnicki / Biała (1610013, gmina miejsko-wiejska)",90,90,1,"[h]",0,0,0,"b) NIE","b) NIE",9660
"810","https://fedrowanie.siecobywatelska.pl/sprawy/wnioski-o-informacje-w-2025-616","BIAŁA","samorząd gminy","gmina wiejska","Łódzkie","Wieluński","Biała","Łódzkie / Wieluński / Biała (1017012, gmina wiejska)",55,51,0,"[c, i]",0,0,0,"b) NIE","b) NIE",5250
"1090","https://fedrowanie.siecobywatelska.pl/sprawy/wnioski-o-informacje-w-2025-2030","BIAŁA PISKA","samorząd gminy","gmina miejsko-wiejska","Warmińsko-Mazurskie","Piski","Biała Piska","Warmińsko-Mazurskie / Piski / Biała Piska (2816013, gmina miejsko-wiejska)",182,161,21,"[A, E, H]",3,21,0,"a) TAK","b) NIE",10200
"182","https://fedrowanie.siecobywatelska.pl/sprawy/wnioski-o-informacje-w-2025-323","BIAŁA PODLASKA","samorząd gminy","gmina wiejska","Lubelskie","Bialski","Biała Podlaska","Lubelskie / Bialski / Biała Podlaska (0601032, gmina wiejska)",235,234,1,"[a, b, c]",1,0,0,"b) NIE","b) NIE",15860
"1962","https://fedrowanie.siecobywatelska.pl/sprawy/wnioski-o-informacje-w-2025-324","Biała Podlaska","miasto na prawach powiatu","miasto na prawach powiatu","Lubelskie","Biała Podlaska",,"Lubelskie / Biała Podlaska (0661, miasto na prawach powiatu)",214,204,7,"[c, f]",0,3,0,"b) NIE","b) NIE",53470
"2116","https://fedrowanie.siecobywatelska.pl/sprawy/wnioski-o-informacje-w-2025-617","BIAŁA RAWSKA","samorząd gminy","gmina miejsko-wiejska","Łódzkie","Rawski","Biała Rawska","Łódzkie / Rawski / Biała Rawska (1013023, gmina miejsko-wiejska)",88,84,4,"[a, b, c]",0,0,0,"b) NIE","b) NIE",10560
"1784","https://fedrowanie.siecobywatelska.pl/sprawy/wnioski-o-informacje-w-2025-618","BIAŁACZÓW","samorząd gminy","gmina miejsko-wiejska","Łódzkie","Opoczyński","Białaczów","Łódzkie / Opoczyński / Białaczów (1007013, gmina miejsko-wiejska)",52,52,0,"N/A",0,0,0,"b) NIE","b) NIE",5420
"1091","https://fedrowanie.siecobywatelska.pl/sprawy/wnioski-o-informacje-w-2025-176","BIAŁE BŁOTA","samorząd gminy","gmina wiejska","Kujawsko-Pomorskie","Bydgoski","Białe Błota","Kujawsko-Pomorskie / Bydgoski / Białe Błota (0403012, gmina wiejska)",193,191,2,"[c]",0,0,0,"b) NIE","b) NIE",26960
"2208","https://fedrowanie.siecobywatelska.pl/sprawy/wnioski-o-informacje-w-2025-1358","BIAŁOBRZEGI","samorząd gminy","gmina wiejska","Podkarpackie","Łańcucki","Białobrzegi","Podkarpackie / Łańcucki / Białobrzegi (1810022, gmina wiejska)",79,79,0,"N/A",0,0,0,"b) NIE","b) NIE",8700
"62","https://fedrowanie.siecobywatelska.pl/sprawy/wnioski-o-informacje-w-2025-974","BIAŁOBRZEGI","samorząd gminy","gmina miejsko-wiejska","Mazowieckie","Białobrzeski","Białobrzegi","Mazowieckie / Białobrzeski / Białobrzegi (1401013, gmina miejsko-wiejska)",99,81,2,"[a, c]",0,0,0,"a) TAK","b) NIE",9660
"1958","https://fedrowanie.siecobywatelska.pl/sprawy/wnioski-o-informacje-w-2025-2371","BIAŁOGARD","samorząd gminy","gmina miejska","Zachodniopomorskie","Białogardzki","Białogard","Zachodniopomorskie / Białogardzki / Białogard (3201011, gmina miejska)",61,60,1,"[a, b]",0,0,0,"b) NIE","b) NIE",21920
"857","https://fedrowanie.siecobywatelska.pl/sprawy/wnioski-o-informacje-w-2025-2372","BIAŁOGARD","samorząd gminy","gmina wiejska","Zachodniopomorskie","Białogardzki","Białogard","Zachodniopomorskie / Białogardzki / Białogard (3201022, gmina wiejska)",64,64,0,"N/A",0,0,0,"b) NIE","b) NIE",7170
"1785","https://fedrowanie.siecobywatelska.pl/sprawy/wnioski-o-informacje-w-2025-325","BIAŁOPOLE","samorząd gminy","gmina wiejska","Lubelskie","Chełmski","Białopole","Lubelskie / Chełmski / Białopole (0603022, gmina wiejska)",79,79,0,"N/A",0,0,0,"b) NIE","b) NIE",2760
"1715","https://fedrowanie.siecobywatelska.pl/sprawy/wnioski-o-informacje-w-2025-2143","BIAŁOŚLIWIE","samorząd gminy","gmina wiejska","Wielkopolskie","Pilski","Białośliwie","Wielkopolskie / Pilski / Białośliwie (3019022, gmina wiejska)",91,91,0,"N/A",0,0,0,"b) NIE","b) NIE",4520
"1731","https://fedrowanie.siecobywatelska.pl/sprawy/wnioski-o-informacje-w-2025-1518","BIAŁOWIEŻA","samorząd gminy","gmina wiejska","Podlaskie","Hajnowski","Białowieża","Podlaskie / Hajnowski / Białowieża (2005022, gmina wiejska)",87,79,1,"[b, d]",1,0,0,"b) NIE","b) NIE",1940
"1430","https://fedrowanie.siecobywatelska.pl/sprawy/wnioski-o-informacje-w-2025-1519","Białystok","miasto na prawach powiatu","miasto na prawach powiatu","Podlaskie","Białystok",,"Podlaskie / Białystok (2061, miasto na prawach powiatu)",569,412,5,"[a, c, g]",0,2,0,"b) NIE","b) NIE",289220
"1963","https://fedrowanie.siecobywatelska.pl/sprawy/wnioski-o-informacje-w-2025-790","BIECZ","samorząd gminy","gmina miejsko-wiejska","Małopolskie","Gorlicki","Biecz","Małopolskie / Gorlicki / Biecz (1205023, gmina miejsko-wiejska)",74,74,0,"N/A",0,0,0,"b) NIE","b) NIE",15830
"1786","https://fedrowanie.siecobywatelska.pl/sprawy/wnioski-o-informacje-w-2025-975","BIELANY","samorząd gminy","gmina wiejska","Mazowieckie","Sokołowski","Bielany","Mazowieckie / Sokołowski / Bielany (1429022, gmina wiejska)",65,65,0,"N/A",0,0,0,"b) NIE","b) NIE",3430
"2054","https://fedrowanie.siecobywatelska.pl/sprawy/wnioski-o-informacje-w-2025-2","BIELAWA","samorząd gminy","gmina miejska","Dolnośląskie","Dzierżoniowski","Bielawa","Dolnośląskie / Dzierżoniowski / Bielawa (0202011, gmina miejska)",81,80,1,"[f]",0,0,0,"b) NIE","b) NIE",27480
"1787","https://fedrowanie.siecobywatelska.pl/sprawy/wnioski-o-informacje-w-2025-619","BIELAWY","samorząd gminy","gmina wiejska","Łódzkie","Łowicki","Bielawy","Łódzkie / Łowicki / Bielawy (1005022, gmina wiejska)",78,77,0,"[c]",0,0,0,"b) NIE","b) NIE",4860
"183","https://fedrowanie.siecobywatelska.pl/sprawy/wnioski-o-informacje-w-2025-2374","BIELICE","samorząd gminy","gmina wiejska","Zachodniopomorskie","Pyrzycki","Bielice","Zachodniopomorskie / Pyrzycki / Bielice (3212012, gmina wiejska)",76,76,0,"N/A",0,0,0,"b) NIE","b) NIE",2920
"1092","https://fedrowanie.siecobywatelska.pl/sprawy/wnioski-o-informacje-w-2025-1926","BIELINY","samorząd gminy","gmina wiejska","Świętokrzyskie","Kielecki","Bieliny","Świętokrzyskie / Kielecki / Bieliny (2604012, gmina wiejska)",72,72,0,"N/A",0,0,0,"b) NIE","b) NIE",9910
"1788","https://fedrowanie.siecobywatelska.pl/sprawy/wnioski-o-informacje-w-2025-976","BIELSK","samorząd gminy","gmina wiejska","Mazowieckie","Płocki","Bielsk","Mazowieckie / Płocki / Bielsk (1419012, gmina wiejska)",85,85,0,"N/A",0,0,0,"b) NIE","b) NIE",8750
"184","https://fedrowanie.siecobywatelska.pl/sprawy/wnioski-o-informacje-w-2025-1521","BIELSK PODLASKI","samorząd gminy","gmina wiejska","Podlaskie","Bielski","Bielsk Podlaski","Podlaskie / Bielski / Bielsk Podlaski (2003032, gmina wiejska)",134,114,7,"[a, c, d]",0,0,0,"b) NIE","b) NIE",6230
"1964","https://fedrowanie.siecobywatelska.pl/sprawy/wnioski-o-informacje-w-2025-1520","Bielsk Podlaski","samorząd gminy","gmina miejska","Podlaskie","Bielski","Bielsk Podlaski","Podlaskie / Bielski / Bielsk Podlaski (2003011, gmina miejska)",109,105,1,"[a, f, h]",0,0,0,"b) NIE","b) NIE",23240
"506","https://fedrowanie.siecobywatelska.pl/sprawy/wnioski-o-informacje-w-2025-1758","Bielsko-Biała","miasto na prawach powiatu","miasto na prawach powiatu","Śląskie","Bielsko-Biała",,"Śląskie / Bielsko-Biała (2461, miasto na prawach powiatu)",306,227,3,"[a, b, c]",1,1,0,"b) NIE","b) NIE",163160
"2370","https://fedrowanie.siecobywatelska.pl/sprawy/wnioski-o-informacje-w-2025-1759","BIERUŃ","samorząd gminy","gmina miejska","Śląskie","Bieruńsko-Lędziński","Bieruń","Śląskie / Bieruńsko-Lędziński / Bieruń (2414011, gmina miejska)",119,"BD","BD","BD","BD","BD","BD","b) NIE","b) NIE",18630
"813","https://fedrowanie.siecobywatelska.pl/sprawy/wnioski-o-informacje-w-2025-2375","BIERZWNIK","samorząd gminy","gmina wiejska","Zachodniopomorskie","Choszczeński","Bierzwnik","Zachodniopomorskie / Choszczeński / Bierzwnik (3202012, gmina wiejska)",82,80,2,"[a]",0,1,0,"b) NIE","b) NIE",4260
"2117","https://fedrowanie.siecobywatelska.pl/sprawy/wnioski-o-informacje-w-2025-977","BIEŻUŃ","samorząd gminy","gmina miejsko-wiejska","Mazowieckie","Żuromiński","Bieżuń","Mazowieckie / Żuromiński / Bieżuń (1437013, gmina miejsko-wiejska)",81,81,0,"N/A",0,0,0,"b) NIE","b) NIE",4400
"814","https://fedrowanie.siecobywatelska.pl/sprawy/wnioski-o-informacje-w-2025-326","BIŁGORAJ","samorząd gminy","gmina miejska","Lubelskie","Biłgorajski","Biłgoraj","Lubelskie / Biłgorajski / Biłgoraj (0602011, gmina miejska)",121,112,5,"[a, c, f]",0,0,0,"b) NIE","a) TAK",24310
"858","https://fedrowanie.siecobywatelska.pl/sprawy/wnioski-o-informacje-w-2025-327","BIŁGORAJ","samorząd gminy","gmina wiejska","Lubelskie","Biłgorajski","Biłgoraj","Lubelskie / Biłgorajski / Biłgoraj (0602032, gmina wiejska)",84,84,0,"N/A",0,0,0,"a) TAK","b) NIE",13340
"1095","https://fedrowanie.siecobywatelska.pl/sprawy/wnioski-o-informacje-w-2025-1359","BIRCZA","samorząd gminy","gmina miejsko-wiejska","Podkarpackie","Przemyski","Bircza","Podkarpackie / Przemyski / Bircza (1813013, gmina miejsko-wiejska)",57,57,0,"N/A",0,0,0,"a) TAK","b) NIE",5740
"1576","https://fedrowanie.siecobywatelska.pl/sprawy/wnioski-o-informacje-w-2025-791","BISKUPICE","samorząd gminy","gmina wiejska","Małopolskie","Wielicki","Biskupice","Małopolskie / Wielicki / Biskupice (1219012, gmina wiejska)",109,109,0,"N/A",0,0,0,"b) NIE","b) NIE",12020
"1779","https://fedrowanie.siecobywatelska.pl/sprawy/wnioski-o-informacje-w-2025-2031","BISKUPIEC","samorząd gminy","gmina wiejska","Warmińsko-Mazurskie","Nowomiejski","Biskupiec","Warmińsko-Mazurskie / Nowomiejski / Biskupiec (2812022, gmina wiejska)",74,70,1,"[a, c, g]",0,0,0,"b) NIE","b) NIE",8490
"71","https://fedrowanie.siecobywatelska.pl/sprawy/wnioski-o-informacje-w-2025-328","BISZCZA","samorząd gminy","gmina wiejska","Lubelskie","Biłgorajski","Biszcza","Lubelskie / Biłgorajski / Biszcza (0602042, gmina wiejska)",79,79,0,"N/A",0,0,0,"b) NIE","b) NIE",3660
"2418","https://fedrowanie.siecobywatelska.pl/sprawy/wnioski-o-informacje-w-2025-2033","BISZTYNEK","samorząd gminy","gmina miejsko-wiejska","Warmińsko-Mazurskie","Bartoszycki","Bisztynek","Warmińsko-Mazurskie / Bartoszycki / Bisztynek (2801043, gmina miejsko-wiejska)",95,95,0,"N/A",0,0,0,"b) NIE","b) NIE",5480
"815","https://fedrowanie.siecobywatelska.pl/sprawy/wnioski-o-informacje-w-2025-1760","BLACHOWNIA","samorząd gminy","gmina miejsko-wiejska","Śląskie","Częstochowski","Blachownia","Śląskie / Częstochowski / Blachownia (2404013, gmina miejsko-wiejska)",110,98,5,"[b, c, f]",1,0,0,"a) TAK","b) NIE",12240
"711","https://fedrowanie.siecobywatelska.pl/sprawy/wnioski-o-informacje-w-2025-528","BLEDZEW","samorząd gminy","gmina wiejska","Lubuskie","Międzyrzecki","Bledzew","Lubuskie / Międzyrzecki / Bledzew (0803012, gmina wiejska)",96,96,0,"N/A",0,0,0,"b) NIE","b) NIE",3810
"816","https://fedrowanie.siecobywatelska.pl/sprawy/wnioski-o-informacje-w-2025-2144","BLIZANÓW","samorząd gminy","gmina wiejska","Wielkopolskie","Kaliski","Blizanów","Wielkopolskie / Kaliski / Blizanów (3007012, gmina wiejska)",70,70,0,"N/A",0,0,0,"b) NIE","b) NIE",10070
"1789","https://fedrowanie.siecobywatelska.pl/sprawy/wnioski-o-informacje-w-2025-1927","BLIŻYN","samorząd gminy","gmina wiejska","Świętokrzyskie","Skarżyski","Bliżyn","Świętokrzyskie / Skarżyski / Bliżyn (2610022, gmina wiejska)",75,75,0,"N/A",0,0,0,"a) TAK","b) NIE",7310
"2209","https://fedrowanie.siecobywatelska.pl/sprawy/wnioski-o-informacje-w-2025-620","BŁASZKI","samorząd gminy","gmina miejsko-wiejska","Łódzkie","Sieradzki","Błaszki","Łódzkie / Sieradzki / Błaszki (1014023, gmina miejsko-wiejska)",109,109,2,"[f]",1,1,0,"b) NIE","a) TAK",13670
"78","https://fedrowanie.siecobywatelska.pl/sprawy/wnioski-o-informacje-w-2025-1360","BŁAŻOWA","samorząd gminy","gmina miejsko-wiejska","Podkarpackie","Rzeszowski","Błażowa","Podkarpackie / Rzeszowski / Błażowa (1816023, gmina miejsko-wiejska)",64,64,0,"N/A",0,0,0,"b) NIE","b) NIE",10700
"2210","https://fedrowanie.siecobywatelska.pl/sprawy/wnioski-o-informacje-w-2025-978","BŁĘDÓW","samorząd gminy","gmina wiejska","Mazowieckie","Grójecki","Błędów","Mazowieckie / Grójecki / Błędów (1406022, gmina wiejska)",73,72,1,"[f]",0,0,0,"b) NIE","b) NIE",6940
"774","https://fedrowanie.siecobywatelska.pl/sprawy/wnioski-o-informacje-w-2025-979","BŁONIE","samorząd gminy","gmina miejsko-wiejska","Mazowieckie","Warszawski Zachodni","Błonie","Mazowieckie / Warszawski Zachodni / Błonie (1432013, gmina miejsko-wiejska)",94,91,3,"[a, b, d]",0,0,0,"b) NIE","b) NIE",22680
"1732","https://fedrowanie.siecobywatelska.pl/sprawy/wnioski-o-informacje-w-2025-1633","BOBOWO","samorząd gminy","gmina wiejska","Pomorskie","Starogardzki","Bobowo","Pomorskie / Starogardzki / Bobowo (2213042, gmina wiejska)",63,62,1,"[a]",0,0,0,"b) NIE","b) NIE",3200
"79","https://fedrowanie.siecobywatelska.pl/sprawy/wnioski-o-informacje-w-2025-529","BOBROWICE","samorząd gminy","gmina wiejska","Lubuskie","Krośnieński","Bobrowice","Lubuskie / Krośnieński / Bobrowice (0802022, gmina wiejska)",86,86,0,"N/A",0,0,0,"b) NIE","b) NIE",2990
"1013","https://fedrowanie.siecobywatelska.pl/sprawy/wnioski-o-informacje-w-2025-177","BOBROWNIKI","samorząd gminy","gmina miejsko-wiejska","Kujawsko-Pomorskie","Lipnowski","Bobrowniki","Kujawsko-Pomorskie / Lipnowski / Bobrowniki (0408023, gmina miejsko-wiejska)",73,73,0,"N/A",1,0,0,"b) NIE","b) NIE",2950
"817","https://fedrowanie.siecobywatelska.pl/sprawy/wnioski-o-informacje-w-2025-1761","BOBROWNIKI","samorząd gminy","gmina wiejska","Śląskie","Będziński","Bobrowniki","Śląskie / Będziński / Bobrowniki (2401042, gmina wiejska)",137,77,2,"[a, c]",0,0,0,"b) NIE","a) TAK",12510
"80","https://fedrowanie.siecobywatelska.pl/sprawy/wnioski-o-informacje-w-2025-178","BOBROWO","samorząd gminy","gmina wiejska","Kujawsko-Pomorskie","Brodnicki","Bobrowo","Kujawsko-Pomorskie / Brodnicki / Bobrowo (0402022, gmina wiejska)",65,65,0,"N/A",0,0,0,"b) NIE","b) NIE",5910
"1790","https://fedrowanie.siecobywatelska.pl/sprawy/wnioski-o-informacje-w-2025-794","BOCHNIA","samorząd gminy","gmina wiejska","Małopolskie","Bocheński","Bochnia","Małopolskie / Bocheński / Bochnia (1201022, gmina wiejska)",106,101,0,"[a, c]",0,0,0,"b) NIE","b) NIE",20950
"2092","https://fedrowanie.siecobywatelska.pl/sprawy/wnioski-o-informacje-w-2025-793","BOCHNIA","samorząd gminy","gmina miejska","Małopolskie","Bocheński","Bochnia","Małopolskie / Bocheński / Bochnia (1201011, gmina miejska)",320,309,1,"[c]",0,0,0,"b) NIE","b) NIE",28190
"1602","https://fedrowanie.siecobywatelska.pl/sprawy/wnioski-o-informacje-w-2025-1522","BOĆKI","samorząd gminy","gmina wiejska","Podlaskie","Bielski","Boćki","Podlaskie / Bielski / Boćki (2003042, gmina wiejska)",77,73,0,"[a]",0,0,0,"b) NIE","b) NIE",3680
"1482","https://fedrowanie.siecobywatelska.pl/sprawy/wnioski-o-informacje-w-2025-980","BODZANÓW","samorząd gminy","gmina miejsko-wiejska","Mazowieckie","Płocki","Bodzanów","Mazowieckie / Płocki / Bodzanów (1419023, gmina miejsko-wiejska)",85,75,10,"[f]",0,0,0,"BD","b) NIE",7620
"2192","https://fedrowanie.siecobywatelska.pl/sprawy/wnioski-o-informacje-w-2025-1928","BODZECHÓW","samorząd gminy","gmina wiejska","Świętokrzyskie","Ostrowiecki","Bodzechów","Świętokrzyskie / Ostrowiecki / Bodzechów (2607032, gmina wiejska)",22,22,0,"N/A",0,0,0,"b) NIE","b) NIE",12450
"81","https://fedrowanie.siecobywatelska.pl/sprawy/wnioski-o-informacje-w-2025-1929","BODZENTYN","samorząd gminy","gmina miejsko-wiejska","Świętokrzyskie","Kielecki","Bodzentyn","Świętokrzyskie / Kielecki / Bodzentyn (2604023, gmina miejsko-wiejska)",79,79,0,"N/A",0,0,0,"b) NIE","b) NIE",10720
"2118","https://fedrowanie.siecobywatelska.pl/sprawy/wnioski-o-informacje-w-2025-4","BOGATYNIA","samorząd gminy","gmina miejsko-wiejska","Dolnośląskie","Zgorzelecki","Bogatynia","Dolnośląskie / Zgorzelecki / Bogatynia (0225033, gmina miejsko-wiejska)",120,119,4,"[f]",0,0,0,"b) NIE","a) TAK",20740
"533","https://fedrowanie.siecobywatelska.pl/sprawy/wnioski-o-informacje-w-2025-1930","BOGORIA","samorząd gminy","gmina miejsko-wiejska","Świętokrzyskie","Staszowski","Bogoria","Świętokrzyskie / Staszowski / Bogoria (2612013, gmina miejsko-wiejska)",50,48,0,"[b, d]",1,0,0,"b) NIE","a) TAK",7290
"1966","https://fedrowanie.siecobywatelska.pl/sprawy/wnioski-o-informacje-w-2025-1361","BOGUCHWAŁA","samorząd gminy","gmina miejsko-wiejska","Podkarpackie","Rzeszowski","Boguchwała","Podkarpackie / Rzeszowski / Boguchwała (1816033, gmina miejsko-wiejska)",141,140,1,"[a, b]",0,0,0,"b) NIE","a) TAK",22380
"818","https://fedrowanie.siecobywatelska.pl/sprawy/wnioski-o-informacje-w-2025-5","BOGUSZÓW-GORCE","samorząd gminy","gmina miejska","Dolnośląskie","Wałbrzyski","Boguszów-Gorce","Dolnośląskie / Wałbrzyski / Boguszów-Gorce (0221011, gmina miejska)",83,82,1,"[e]",0,0,0,"b) NIE","b) NIE",13960
"1097","https://fedrowanie.siecobywatelska.pl/sprawy/wnioski-o-informacje-w-2025-531","BOJADŁA","samorząd gminy","gmina wiejska","Lubuskie","Zielonogórski","Bojadła","Lubuskie / Zielonogórski / Bojadła (0809022, gmina wiejska)",109,109,0,"N/A",0,0,0,"b) NIE","b) NIE",3090
"2239","https://fedrowanie.siecobywatelska.pl/sprawy/wnioski-o-informacje-w-2025-2145","BOJANOWO","samorząd gminy","gmina miejsko-wiejska","Wielkopolskie","Rawicki","Bojanowo","Wielkopolskie / Rawicki / Bojanowo (3022013, gmina miejsko-wiejska)",88,78,1,"[b, d]",0,0,0,"b) NIE","b) NIE",8080
"1577","https://fedrowanie.siecobywatelska.pl/sprawy/wnioski-o-informacje-w-2025-1362","BOJANÓW","samorząd gminy","gmina wiejska","Podkarpackie","Stalowowolski","Bojanów","Podkarpackie / Stalowowolski / Bojanów (1818022, gmina wiejska)",86,86,0,"N/A",0,8,0,"b) NIE","b) NIE",7630
"1098","https://fedrowanie.siecobywatelska.pl/sprawy/wnioski-o-informacje-w-2025-1762","BOJSZOWY","samorząd gminy","gmina wiejska","Śląskie","Bieruńsko-Lędziński","Bojszowy","Śląskie / Bieruńsko-Lędziński / Bojszowy (2414042, gmina wiejska)",108,101,1,"[a, f, i]",0,0,0,"b) NIE","a) TAK",8700
"91","https://fedrowanie.siecobywatelska.pl/sprawy/wnioski-o-informacje-w-2025-795","BOLESŁAW","samorząd gminy","gmina wiejska","Małopolskie","Dąbrowski","Bolesław","Małopolskie / Dąbrowski / Bolesław (1204012, gmina wiejska)",70,70,0,"N/A",0,0,0,"b) NIE","b) NIE",2610
"92","https://fedrowanie.siecobywatelska.pl/sprawy/wnioski-o-informacje-w-2025-796","BOLESŁAW","samorząd gminy","gmina wiejska","Małopolskie","Olkuski","Bolesław","Małopolskie / Olkuski / Bolesław (1212032, gmina wiejska)",245,212,8,"[a, b]",2,6,0,"b) NIE","b) NIE",7350
"1099","https://fedrowanie.siecobywatelska.pl/sprawy/wnioski-o-informacje-w-2025-621","BOLESŁAWIEC","samorząd gminy","gmina miejsko-wiejska","Łódzkie","Wieruszowski","Bolesławiec","Łódzkie / Wieruszowski / Bolesławiec (1018013, gmina miejsko-wiejska)",57,57,0,"N/A",0,0,0,"b) NIE","b) NIE",3790
"2093","https://fedrowanie.siecobywatelska.pl/sprawy/wnioski-o-informacje-w-2025-6","BOLESŁAWIEC","samorząd gminy","gmina miejska","Dolnośląskie","Bolesławiecki","Bolesławiec","Dolnośląskie / Bolesławiecki / Bolesławiec (0201011, gmina miejska)",158,151,0,"N/A",1,0,1,"b) NIE","b) NIE",36640
"72","https://fedrowanie.siecobywatelska.pl/sprawy/wnioski-o-informacje-w-2025-2378","BOLESZKOWICE","samorząd gminy","gmina wiejska","Zachodniopomorskie","Myśliborski","Boleszkowice","Zachodniopomorskie / Myśliborski / Boleszkowice (3210022, gmina wiejska)",63,63,0,"N/A",0,0,0,"b) NIE","b) NIE",2720
"432","https://fedrowanie.siecobywatelska.pl/sprawy/wnioski-o-informacje-w-2025-622","BOLIMÓW","samorząd gminy","gmina miejsko-wiejska","Łódzkie","Skierniewicki","Bolimów","Łódzkie / Skierniewicki / Bolimów (1015013, gmina miejsko-wiejska)",115,115,0,"N/A",0,0,0,"b) NIE","b) NIE",3820
"1733","https://fedrowanie.siecobywatelska.pl/sprawy/wnioski-o-informacje-w-2025-179","BONIEWO","samorząd gminy","gmina wiejska","Kujawsko-Pomorskie","Włocławski","Boniewo","Kujawsko-Pomorskie / Włocławski / Boniewo (0418032, gmina wiejska)",71,71,0,"N/A",0,0,0,"b) NIE","b) NIE",3100
"94","https://fedrowanie.siecobywatelska.pl/sprawy/wnioski-o-informacje-w-2025-2146","BOREK WIELKOPOLSKI","samorząd gminy","gmina miejsko-wiejska","Wielkopolskie","Gostyński","Borek Wielkopolski","Wielkopolskie / Gostyński / Borek Wielkopolski (3004013, gmina miejsko-wiejska)",105,105,0,"N/A",0,0,0,"b) NIE","b) NIE",6920
"95","https://fedrowanie.siecobywatelska.pl/sprawy/wnioski-o-informacje-w-2025-329","BORKI","samorząd gminy","gmina wiejska","Lubelskie","Radzyński","Borki","Lubelskie / Radzyński / Borki (0615022, gmina wiejska)",84,84,0,"N/A",0,0,0,"b) NIE","b) NIE",5670
"188","https://fedrowanie.siecobywatelska.pl/sprawy/wnioski-o-informacje-w-2025-982","BORKOWICE","samorząd gminy","gmina wiejska","Mazowieckie","Przysuski","Borkowice","Mazowieckie / Przysuski / Borkowice (1423012, gmina wiejska)",74,74,0,"N/A",0,0,0,"b) NIE","b) NIE",3940
"1100","https://fedrowanie.siecobywatelska.pl/sprawy/wnioski-o-informacje-w-2025-2379","BORNE SULINOWO","samorząd gminy","gmina miejsko-wiejska","Zachodniopomorskie","Szczecinecki","Borne Sulinowo","Zachodniopomorskie / Szczecinecki / Borne Sulinowo (3215043, gmina miejsko-wiejska)",87,86,1,"[f]",0,0,0,"b) NIE","b) NIE",9070
"189","https://fedrowanie.siecobywatelska.pl/sprawy/wnioski-o-informacje-w-2025-1763","BORONÓW","samorząd gminy","gmina wiejska","Śląskie","Lubliniecki","Boronów","Śląskie / Lubliniecki / Boronów (2407022, gmina wiejska)",68,68,0,"N/A",0,0,0,"b) NIE","b) NIE",3300
"190","https://fedrowanie.siecobywatelska.pl/sprawy/wnioski-o-informacje-w-2025-983","BOROWIE","samorząd gminy","gmina wiejska","Mazowieckie","Garwoliński","Borowie","Mazowieckie / Garwoliński / Borowie (1403032, gmina wiejska)",110,104,0,"[a, b, c]",0,0,0,"b) NIE","b) NIE",4880
"463","https://fedrowanie.siecobywatelska.pl/sprawy/wnioski-o-informacje-w-2025-9","BORÓW","samorząd gminy","gmina wiejska","Dolnośląskie","Strzeliński","Borów","Dolnośląskie / Strzeliński / Borów (0217012, gmina wiejska)",82,81,1,"[f]",0,0,0,"b) NIE","a) TAK",4940
"1579","https://fedrowanie.siecobywatelska.pl/sprawy/wnioski-o-informacje-w-2025-330","BORZECHÓW","samorząd gminy","gmina wiejska","Lubelskie","Lubelski","Borzechów","Lubelskie / Lubelski / Borzechów (0609022, gmina wiejska)",76,76,0,"N/A",0,0,0,"b) NIE","b) NIE",3700
"1580","https://fedrowanie.siecobywatelska.pl/sprawy/wnioski-o-informacje-w-2025-1634","BORZYTUCHOM","samorząd gminy","gmina wiejska","Pomorskie","Bytowski","Borzytuchom","Pomorskie / Bytowski / Borzytuchom (2201012, gmina wiejska)",69,68,1,"[f]",0,0,0,"b) NIE","b) NIE",3670
"2494","https://fedrowanie.siecobywatelska.pl/sprawy/wnioski-o-informacje-w-2025-2147","BRALIN","samorząd gminy","gmina wiejska","Wielkopolskie","Kępiński","Bralin","Wielkopolskie / Kępiński / Bralin (3008022, gmina wiejska)",64,64,0,"N/A",0,0,0,"b) NIE","b) NIE",6130
"224","https://fedrowanie.siecobywatelska.pl/sprawy/wnioski-o-informacje-w-2025-2035","BRANIEWO","samorząd gminy","gmina wiejska","Warmińsko-Mazurskie","Braniewski","Braniewo","Warmińsko-Mazurskie / Braniewski / Braniewo (2802022, gmina wiejska)",98,98,0,"N/A",0,0,0,"b) NIE","b) NIE",5290
"819","https://fedrowanie.siecobywatelska.pl/sprawy/wnioski-o-informacje-w-2025-2034","BRANIEWO","samorząd gminy","gmina miejska","Warmińsko-Mazurskie","Braniewski","Braniewo","Warmińsko-Mazurskie / Braniewski / Braniewo (2802011, gmina miejska)",36,36,0,"N/A",0,0,0,"b) NIE","b) NIE",15630
"1003","https://fedrowanie.siecobywatelska.pl/sprawy/wnioski-o-informacje-w-2025-1524","BRAŃSK","samorząd gminy","gmina wiejska","Podlaskie","Bielski","Brańsk","Podlaskie / Bielski / Brańsk (2003052, gmina wiejska)",87,82,0,"N/A",0,0,0,"b) NIE","b) NIE",4930
"1953","https://fedrowanie.siecobywatelska.pl/sprawy/wnioski-o-informacje-w-2025-1523","Brańsk","samorząd gminy","gmina miejska","Podlaskie","Bielski","Brańsk","Podlaskie / Bielski / Brańsk (2003021, gmina miejska)",38,38,0,"N/A",0,0,0,"b) NIE","b) NIE",3410
"1734","https://fedrowanie.siecobywatelska.pl/sprawy/wnioski-o-informacje-w-2025-623","BRĄSZEWICE","samorząd gminy","gmina wiejska","Łódzkie","Sieradzki","Brąszewice","Łódzkie / Sieradzki / Brąszewice (1014032, gmina wiejska)",80,80,0,"N/A",0,0,0,"b) NIE","b) NIE",4280
"1101","https://fedrowanie.siecobywatelska.pl/sprawy/wnioski-o-informacje-w-2025-1764","BRENNA","samorząd gminy","gmina wiejska","Śląskie","Cieszyński","Brenna","Śląskie / Cieszyński / Brenna (2403042, gmina wiejska)",86,86,0,"N/A",0,0,0,"a) TAK","b) NIE",11610
"1103","https://fedrowanie.siecobywatelska.pl/sprawy/wnioski-o-informacje-w-2025-181","BRODNICA","samorząd gminy","gmina wiejska","Kujawsko-Pomorskie","Brodnicki","Brodnica","Kujawsko-Pomorskie / Brodnicki / Brodnica (0402032, gmina wiejska)",80,79,0,"N/A",0,0,0,"b) NIE","b) NIE",9800
"2091","https://fedrowanie.siecobywatelska.pl/sprawy/wnioski-o-informacje-w-2025-180","BRODNICA","samorząd gminy","gmina miejska","Kujawsko-Pomorskie","Brodnicki","Brodnica","Kujawsko-Pomorskie / Brodnicki / Brodnica (0402011, gmina miejska)",109,109,0,"N/A",0,0,0,"b) NIE","a) TAK",27700
"192","https://fedrowanie.siecobywatelska.pl/sprawy/wnioski-o-informacje-w-2025-532","BRODY (woj. lubuskie)","samorząd gminy","gmina miejsko-wiejska","Lubuskie","Żarski","Brody","Lubuskie / Żarski / Brody (0811033, gmina miejsko-wiejska)",75,72,0,"[c, f, g]",0,0,0,"b) NIE","b) NIE",3050
"191","https://fedrowanie.siecobywatelska.pl/sprawy/wnioski-o-informacje-w-2025-1931","BRODY (woj. świętokrzyskie)","samorząd gminy","gmina wiejska","Świętokrzyskie","Starachowicki","Brody","Świętokrzyskie / Starachowicki / Brody (2611022, gmina wiejska)",94,87,0,"[a, b]",0,0,0,"b) NIE","a) TAK",9910
"1792","https://fedrowanie.siecobywatelska.pl/sprawy/wnioski-o-informacje-w-2025-2380","BROJCE","samorząd gminy","gmina wiejska","Zachodniopomorskie","Gryficki","Brojce","Zachodniopomorskie / Gryficki / Brojce (3205012, gmina wiejska)",61,61,0,"N/A",0,0,0,"b) NIE","b) NIE",3460
"2421","https://fedrowanie.siecobywatelska.pl/sprawy/wnioski-o-informacje-w-2025-624","BRÓJCE","samorząd gminy","gmina wiejska","Łódzkie","Łódzki Wschodni","Brójce","Łódzkie / Łódzki Wschodni / Brójce (1006032, gmina wiejska)",76,74,1,"[b, d]",0,0,0,"b) NIE","b) NIE",7390
"1582","https://fedrowanie.siecobywatelska.pl/sprawy/wnioski-o-informacje-w-2025-2149","BRUDZEW","samorząd gminy","gmina wiejska","Wielkopolskie","Turecki","Brudzew","Wielkopolskie / Turecki / Brudzew (3027022, gmina wiejska)",70,70,0,"N/A",0,0,0,"b) NIE","b) NIE",5810
"1968","https://fedrowanie.siecobywatelska.pl/sprawy/wnioski-o-informacje-w-2025-1635","BRUSY","samorząd gminy","gmina miejsko-wiejska","Pomorskie","Chojnicki","Brusy","Pomorskie / Chojnicki / Brusy (2202023, gmina miejsko-wiejska)",81,79,2,"[a]",0,0,0,"b) NIE","b) NIE",14140
"97","https://fedrowanie.siecobywatelska.pl/sprawy/wnioski-o-informacje-w-2025-988","BRWINÓW","samorząd gminy","gmina miejsko-wiejska","Mazowieckie","Pruszkowski","Brwinów","Mazowieckie / Pruszkowski / Brwinów (1421033, gmina miejsko-wiejska)",212,205,1,"[a, b, c]",0,0,0,"b) NIE","b) NIE",30370
"1969","https://fedrowanie.siecobywatelska.pl/sprawy/wnioski-o-informacje-w-2025-1287","BRZEG","samorząd gminy","gmina miejska","Opolskie","Brzeski","Brzeg","Opolskie / Brzeski / Brzeg (1601011, gmina miejska)",186,139,4,"[a, b]",1,1,0,"b) NIE","a) TAK",32720
"1970","https://fedrowanie.siecobywatelska.pl/sprawy/wnioski-o-informacje-w-2025-10","BRZEG DOLNY","samorząd gminy","gmina miejsko-wiejska","Dolnośląskie","Wołowski","Brzeg Dolny","Dolnośląskie / Wołowski / Brzeg Dolny (0222013, gmina miejsko-wiejska)",116,116,1,"[f]",1,0,0,"b) NIE","b) NIE",15860
"102","https://fedrowanie.siecobywatelska.pl/sprawy/wnioski-o-informacje-w-2025-798","BRZESKO","samorząd gminy","gmina miejsko-wiejska","Małopolskie","Brzeski","Brzesko","Małopolskie / Brzeski / Brzesko (1202023, gmina miejsko-wiejska)",153,137,7,"[a, b, f]",6,3,0,"b) NIE","b) NIE",35120
"193","https://fedrowanie.siecobywatelska.pl/sprawy/wnioski-o-informacje-w-2025-799","BRZESZCZE","samorząd gminy","gmina miejsko-wiejska","Małopolskie","Oświęcimski","Brzeszcze","Małopolskie / Oświęcimski / Brzeszcze (1213023, gmina miejsko-wiejska)",105,105,0,"N/A",0,0,0,"b) NIE","b) NIE",20080
"2211","https://fedrowanie.siecobywatelska.pl/sprawy/wnioski-o-informacje-w-2025-182","BRZEŚĆ KUJAWSKI","samorząd gminy","gmina miejsko-wiejska","Kujawsko-Pomorskie","Włocławski","Brześć Kujawski","Kujawsko-Pomorskie / Włocławski / Brześć Kujawski (0418043, gmina miejsko-wiejska)",86,86,0,"N/A",1,0,0,"b) NIE","b) NIE",11000
"2212","https://fedrowanie.siecobywatelska.pl/sprawy/wnioski-o-informacje-w-2025-2150","BRZEZINY","samorząd gminy","gmina wiejska","Wielkopolskie","Kaliski","Brzeziny","Wielkopolskie / Kaliski / Brzeziny (3007022, gmina wiejska)",64,64,0,"N/A",0,0,0,"b) NIE","b) NIE",5720
"407","https://fedrowanie.siecobywatelska.pl/sprawy/wnioski-o-informacje-w-2025-626","BRZEZINY","samorząd gminy","gmina wiejska","Łódzkie","Brzeziński","Brzeziny","Łódzkie / Brzeziński / Brzeziny (1021022, gmina wiejska)",74,74,0,"N/A",0,0,0,"b) NIE","b) NIE",6230
"98","https://fedrowanie.siecobywatelska.pl/sprawy/wnioski-o-informacje-w-2025-625","BRZEZINY","samorząd gminy","gmina miejska","Łódzkie","Brzeziński","Brzeziny","Łódzkie / Brzeziński / Brzeziny (1021011, gmina miejska)",75,75,0,"N/A",0,0,0,"b) NIE","b) NIE",11750
"1105","https://fedrowanie.siecobywatelska.pl/sprawy/wnioski-o-informacje-w-2025-800","BRZEŹNICA","samorząd gminy","gmina wiejska","Małopolskie","Wadowicki","Brzeźnica","Małopolskie / Wadowicki / Brzeźnica (1218022, gmina wiejska)",82,82,1,"N/A",0,0,0,"b) NIE","a) TAK",10870
"1793","https://fedrowanie.siecobywatelska.pl/sprawy/wnioski-o-informacje-w-2025-533","BRZEŹNICA","samorząd gminy","gmina wiejska","Lubuskie","Żagański","Brzeźnica","Lubuskie / Żagański / Brzeźnica (0810032, gmina wiejska)",25,25,0,"N/A",0,0,0,"b) NIE","b) NIE",3400
"663","https://fedrowanie.siecobywatelska.pl/sprawy/wnioski-o-informacje-w-2025-627","BRZEŹNIO","samorząd gminy","gmina wiejska","Łódzkie","Sieradzki","Brzeźnio","Łódzkie / Sieradzki / Brzeźnio (1014042, gmina wiejska)",21,21,0,"N/A",0,0,0,"b) NIE","b) NIE",6120
"847","https://fedrowanie.siecobywatelska.pl/sprawy/wnioski-o-informacje-w-2025-2381","BRZEŻNO","samorząd gminy","gmina wiejska","Zachodniopomorskie","Świdwiński","Brzeżno","Zachodniopomorskie / Świdwiński / Brzeżno (3216022, gmina wiejska)",55,55,0,"N/A",0,0,0,"b) NIE","b) NIE",2480
"1794","https://fedrowanie.siecobywatelska.pl/sprawy/wnioski-o-informacje-w-2025-1364","BRZOSTEK","samorząd gminy","gmina miejsko-wiejska","Podkarpackie","Dębicki","Brzostek","Podkarpackie / Dębicki / Brzostek (1803023, gmina miejsko-wiejska)",142,135,0,"[c, d, i]",0,0,0,"a) TAK","b) NIE",12550
"1556","https://fedrowanie.siecobywatelska.pl/sprawy/wnioski-o-informacje-w-2025-183","BRZOZIE","samorząd gminy","gmina wiejska","Kujawsko-Pomorskie","Brodnicki","Brzozie","Kujawsko-Pomorskie / Brodnicki / Brzozie (0402042, gmina wiejska)",59,59,0,"N/A",0,0,0,"b) NIE","b) NIE",3690
"2088","https://fedrowanie.siecobywatelska.pl/sprawy/wnioski-o-informacje-w-2025-1365","BRZOZÓW","samorząd gminy","gmina miejsko-wiejska","Podkarpackie","Brzozowski","Brzozów","Podkarpackie / Brzozowski / Brzozów (1802013, gmina miejsko-wiejska)",84,84,3,"[a, d, f]",0,0,0,"b) NIE","b) NIE",25640
"1795","https://fedrowanie.siecobywatelska.pl/sprawy/wnioski-o-informacje-w-2025-1366","BRZYSKA","samorząd gminy","gmina wiejska","Podkarpackie","Jasielski","Brzyska","Podkarpackie / Jasielski / Brzyska (1805022, gmina wiejska)",64,"BD",0,"[a, f]",0,0,0,"b) NIE","b) NIE",6260
"822","https://fedrowanie.siecobywatelska.pl/sprawy/wnioski-o-informacje-w-2025-628","BUCZEK","samorząd gminy","gmina wiejska","Łódzkie","Łaski","Buczek","Łódzkie / Łaski / Buczek (1003012, gmina wiejska)",29,29,0,"N/A",0,0,0,"b) NIE","b) NIE",4980
"55","https://fedrowanie.siecobywatelska.pl/sprawy/wnioski-o-informacje-w-2025-1765","BUCZKOWICE","samorząd gminy","gmina wiejska","Śląskie","Bielski","Buczkowice","Śląskie / Bielski / Buczkowice (2402032, gmina wiejska)",186,186,0,"N/A",0,"BD",0,"b) NIE","b) NIE",11130
"1583","https://fedrowanie.siecobywatelska.pl/sprawy/wnioski-o-informacje-w-2025-2037","BUDRY","samorząd gminy","gmina wiejska","Warmińsko-Mazurskie","Węgorzewski","Budry","Warmińsko-Mazurskie / Węgorzewski / Budry (2819012, gmina wiejska)",70,70,1,"[e]",0,0,0,"b) NIE","b) NIE",2460
"195","https://fedrowanie.siecobywatelska.pl/sprawy/wnioski-o-informacje-w-2025-629","BUDZISZEWICE","samorząd gminy","gmina wiejska","Łódzkie","Tomaszowski","Budziszewice","Łódzkie / Tomaszowski / Budziszewice (1016032, gmina wiejska)",44,44,0,"N/A",0,0,0,"b) NIE","b) NIE",2070
"196","https://fedrowanie.siecobywatelska.pl/sprawy/wnioski-o-informacje-w-2025-801","BUDZÓW","samorząd gminy","gmina wiejska","Małopolskie","Suski","Budzów","Małopolskie / Suski / Budzów (1215032, gmina wiejska)",84,84,0,"N/A",0,0,0,"b) NIE","b) NIE",8810
"99","https://fedrowanie.siecobywatelska.pl/sprawy/wnioski-o-informacje-w-2025-2152","BUK","samorząd gminy","gmina miejsko-wiejska","Wielkopolskie","Poznański","Buk","Wielkopolskie / Poznański / Buk (3021033, gmina miejsko-wiejska)",136,130,0,"[a, b]",0,0,0,"b) NIE","b) NIE",13000
"45","https://fedrowanie.siecobywatelska.pl/sprawy/wnioski-o-informacje-w-2025-185","BUKOWIEC","samorząd gminy","gmina wiejska","Kujawsko-Pomorskie","Świecki","Bukowiec","Kujawsko-Pomorskie / Świecki / Bukowiec (0414012, gmina wiejska)",89,89,0,"N/A",0,0,0,"b) NIE","b) NIE",4840
"197","https://fedrowanie.siecobywatelska.pl/sprawy/wnioski-o-informacje-w-2025-802","BUKOWINA TATRZAŃSKA","samorząd gminy","gmina wiejska","Małopolskie","Tatrzański","Bukowina Tatrzańska","Małopolskie / Tatrzański / Bukowina Tatrzańska (1217032, gmina wiejska)",105,105,0,"N/A",0,0,0,"b) NIE","b) NIE",13560
"823","https://fedrowanie.siecobywatelska.pl/sprawy/wnioski-o-informacje-w-2025-1367","BUKOWSKO","samorząd gminy","gmina wiejska","Podkarpackie","Sanocki","Bukowsko","Podkarpackie / Sanocki / Bukowsko (1817032, gmina wiejska)",63,63,0,"N/A",0,0,0,"b) NIE","b) NIE",5250
"1797","https://fedrowanie.siecobywatelska.pl/sprawy/wnioski-o-informacje-w-2025-630","BURZENIN","samorząd gminy","gmina wiejska","Łódzkie","Sieradzki","Burzenin","Łódzkie / Sieradzki / Burzenin (1014052, gmina wiejska)",65,65,0,"N/A",0,0,0,"a) TAK","b) NIE",5190
"2382","https://fedrowanie.siecobywatelska.pl/sprawy/wnioski-o-informacje-w-2025-1932","BUSKO-ZDRÓJ","samorząd gminy","gmina miejsko-wiejska","Świętokrzyskie","Buski","Busko-Zdrój","Świętokrzyskie / Buski / Busko-Zdrój (2601013, gmina miejsko-wiejska)",174,166,5,"[a, f]",0,5,0,"b) NIE","b) NIE",30090
"1971","https://fedrowanie.siecobywatelska.pl/sprawy/wnioski-o-informacje-w-2025-331","BYCHAWA","samorząd gminy","gmina miejsko-wiejska","Lubelskie","Lubelski","Bychawa","Lubelskie / Lubelski / Bychawa (0609033, gmina miejsko-wiejska)",124,122,1,"[c, h]",0,0,0,"b) NIE","b) NIE",10610
"1108","https://fedrowanie.siecobywatelska.pl/sprawy/wnioski-o-informacje-w-2025-1288","BYCZYNA","samorząd gminy","gmina miejsko-wiejska","Opolskie","Kluczborski","Byczyna","Opolskie / Kluczborski / Byczyna (1604013, gmina miejsko-wiejska)",78,78,0,"N/A",0,0,0,"b) NIE","b) NIE",8360
"103","https://fedrowanie.siecobywatelska.pl/sprawy/wnioski-o-informacje-w-2025-11","BYSTRZYCA KŁODZKA","samorząd gminy","gmina miejsko-wiejska","Dolnośląskie","Kłodzki","Bystrzyca Kłodzka","Dolnośląskie / Kłodzki / Bystrzyca Kłodzka (0208063, gmina miejsko-wiejska)",139,130,5,"[f, g]",2,1,1,"b) NIE","b) NIE",16850
"824","https://fedrowanie.siecobywatelska.pl/sprawy/wnioski-o-informacje-w-2025-534","BYTNICA","samorząd gminy","gmina wiejska","Lubuskie","Krośnieński","Bytnica","Lubuskie / Krośnieński / Bytnica (0802032, gmina wiejska)",90,90,0,"N/A",0,0,0,"b) NIE","b) NIE",2240
"2055","https://fedrowanie.siecobywatelska.pl/sprawy/wnioski-o-informacje-w-2025-1766","Bytom","miasto na prawach powiatu","miasto na prawach powiatu","Śląskie","Bytom",,"Śląskie / Bytom (2462, miasto na prawach powiatu)",265,260,3,"[f]",0,0,0,"b) NIE","b) NIE",144600
"143","https://fedrowanie.siecobywatelska.pl/sprawy/wnioski-o-informacje-w-2025-535","BYTOM ODRZAŃSKI","samorząd gminy","gmina miejsko-wiejska","Lubuskie","Nowosolski","Bytom Odrzański","Lubuskie / Nowosolski / Bytom Odrzański (0804023, gmina miejsko-wiejska)",104,"BD",0,"N/A",0,0,0,"b) NIE","b) NIE",5060
"1414","https://fedrowanie.siecobywatelska.pl/sprawy/wnioski-o-informacje-w-2025-187","BYTOŃ","samorząd gminy","gmina wiejska","Kujawsko-Pomorskie","Radziejowski","Bytoń","Kujawsko-Pomorskie / Radziejowski / Bytoń (0411022, gmina wiejska)",63,63,0,"N/A",0,0,0,"b) NIE","b) NIE",3240
"2213","https://fedrowanie.siecobywatelska.pl/sprawy/wnioski-o-informacje-w-2025-1636","BYTÓW","samorząd gminy","gmina miejsko-wiejska","Pomorskie","Bytowski","Bytów","Pomorskie / Bytowski / Bytów (2201023, gmina miejsko-wiejska)",176,174,0,"[i]",0,0,3,"b) NIE","b) NIE",24650
"1109","https://fedrowanie.siecobywatelska.pl/sprawy/wnioski-o-informacje-w-2025-1637","CEDRYWIELKIE","samorząd gminy","gmina wiejska","Pomorskie","Gdański","Cedry Wielkie","Pomorskie / Gdański / Cedry Wielkie (2204022, gmina wiejska)",86,86,0,"N/A",0,0,0,"b) NIE","b) NIE",6830
"464","https://fedrowanie.siecobywatelska.pl/sprawy/wnioski-o-informacje-w-2025-2382","CEDYNIA","samorząd gminy","gmina miejsko-wiejska","Zachodniopomorskie","Gryfiński","Cedynia","Zachodniopomorskie / Gryfiński / Cedynia (3206023, gmina miejsko-wiejska)",85,85,0,"N/A",0,0,0,"b) NIE","a) TAK",3870
"1110","https://fedrowanie.siecobywatelska.pl/sprawy/wnioski-o-informacje-w-2025-188","CEKCYN","samorząd gminy","gmina wiejska","Kujawsko-Pomorskie","Tucholski","Cekcyn","Kujawsko-Pomorskie / Tucholski / Cekcyn (0416012, gmina wiejska)",90,81,0,"[b, c, g]",0,0,0,"b) NIE","a) TAK",6780
"1799","https://fedrowanie.siecobywatelska.pl/sprawy/wnioski-o-informacje-w-2025-2153","CEKÓW-KOLONIA","samorząd gminy","gmina wiejska","Wielkopolskie","Kaliski","Ceków-Kolonia","Wielkopolskie / Kaliski / Ceków-Kolonia (3007032, gmina wiejska)",34,34,0,"N/A",0,0,0,"b) NIE","b) NIE",4700
"1111","https://fedrowanie.siecobywatelska.pl/sprawy/wnioski-o-informacje-w-2025-991","CELESTYNÓW","samorząd gminy","gmina wiejska","Mazowieckie","Otwocki","Celestynów","Mazowieckie / Otwocki / Celestynów (1417032, gmina wiejska)",117,112,1,"[b, c, d]",0,1,0,"b) NIE","b) NIE",11630
"1798","https://fedrowanie.siecobywatelska.pl/sprawy/wnioski-o-informacje-w-2025-992","CERANÓW","samorząd gminy","gmina wiejska","Mazowieckie","Sokołowski","Ceranów","Mazowieckie / Sokołowski / Ceranów (1429032, gmina wiejska)",68,68,0,"N/A",0,0,0,"b) NIE","a) TAK",1740
"1112","https://fedrowanie.siecobywatelska.pl/sprawy/wnioski-o-informacje-w-2025-631","CHĄŚNO","samorząd gminy","gmina wiejska","Łódzkie","Łowicki","Chąśno","Łódzkie / Łowicki / Chąśno (1005032, gmina wiejska)",80,80,0,"N/A",0,0,0,"b) NIE","b) NIE",2870
"848","https://fedrowanie.siecobywatelska.pl/sprawy/wnioski-o-informacje-w-2025-332","CHEŁM","samorząd gminy","gmina wiejska","Lubelskie","Chełmski","Chełm","Lubelskie / Chełmski / Chełm (0603032, gmina wiejska)",81,80,0,"[d, f, i]",0,0,0,"b) NIE","b) NIE",15370
"1801","https://fedrowanie.siecobywatelska.pl/sprawy/wnioski-o-informacje-w-2025-1767","CHEŁM ŚLĄSKI","samorząd gminy","gmina wiejska","Śląskie","Bieruńsko-Lędziński","Chełm Śląski","Śląskie / Bieruńsko-Lędziński / Chełm Śląski (2414052, gmina wiejska)",64,63,1,"[h]",0,1,0,"b) NIE","b) NIE",6320
"1157","https://fedrowanie.siecobywatelska.pl/sprawy/wnioski-o-informacje-w-2025-190","CHEŁMNO","samorząd gminy","gmina wiejska","Kujawsko-Pomorskie","Chełmiński","Chełmno","Kujawsko-Pomorskie / Chełmiński / Chełmno (0404022, gmina wiejska)",86,86,0,"N/A",0,0,0,"a) TAK","b) NIE",6060
"825","https://fedrowanie.siecobywatelska.pl/sprawy/wnioski-o-informacje-w-2025-189","CHEŁMNO","samorząd gminy","gmina miejska","Kujawsko-Pomorskie","Chełmiński","Chełmno","Kujawsko-Pomorskie / Chełmiński / Chełmno (0404011, gmina miejska)",57,53,0,"[b, c]",0,0,0,"b) NIE","b) NIE",17540
"1158","https://fedrowanie.siecobywatelska.pl/sprawy/wnioski-o-informacje-w-2025-192","CHEŁMŻA","samorząd gminy","gmina wiejska","Kujawsko-Pomorskie","Toruński","Chełmża","Kujawsko-Pomorskie / Toruński / Chełmża (0415022, gmina wiejska)",77,77,0,"N/A",1,0,0,"b) NIE","b) NIE",9380
"1972","https://fedrowanie.siecobywatelska.pl/sprawy/wnioski-o-informacje-w-2025-191","CHEŁMŻA","samorząd gminy","gmina miejska","Kujawsko-Pomorskie","Toruński","Chełmża","Kujawsko-Pomorskie / Toruński / Chełmża (0415011, gmina miejska)",75,74,0,"N/A",0,0,0,"b) NIE","a) TAK",13390
"198","https://fedrowanie.siecobywatelska.pl/sprawy/wnioski-o-informacje-w-2025-1933","CHĘCINY","samorząd gminy","gmina miejsko-wiejska","Świętokrzyskie","Kielecki","Chęciny","Świętokrzyskie / Kielecki / Chęciny (2604033, gmina miejsko-wiejska)",116,95,1,"[e, e, e]",1,0,0,"b) NIE","a) TAK",14690
"1114","https://fedrowanie.siecobywatelska.pl/sprawy/wnioski-o-informacje-w-2025-993","CHLEWISKA","samorząd gminy","gmina wiejska","Mazowieckie","Szydłowiecki","Chlewiska","Mazowieckie / Szydłowiecki / Chlewiska (1430012, gmina wiejska)",70,69,0,"N/A",0,0,0,"b) NIE","b) NIE",5360
"2216","https://fedrowanie.siecobywatelska.pl/sprawy/wnioski-o-informacje-w-2025-1368","CHŁOPICE","samorząd gminy","gmina wiejska","Podkarpackie","Jarosławski","Chłopice","Podkarpackie / Jarosławski / Chłopice (1804032, gmina wiejska)",81,81,0,"N/A",0,0,0,"b) NIE","b) NIE",5190
"2119","https://fedrowanie.siecobywatelska.pl/sprawy/wnioski-o-informacje-w-2025-1934","CHMIELNIK","samorząd gminy","gmina miejsko-wiejska","Świętokrzyskie","Kielecki","Chmielnik","Świętokrzyskie / Kielecki / Chmielnik (2604043, gmina miejsko-wiejska)",95,67,0,"[a, c, f]",2,0,0,"b) NIE","b) NIE",10550
"826","https://fedrowanie.siecobywatelska.pl/sprawy/wnioski-o-informacje-w-2025-1369","CHMIELNIK","samorząd gminy","gmina wiejska","Podkarpackie","Rzeszowski","Chmielnik","Podkarpackie / Rzeszowski / Chmielnik (1816042, gmina wiejska)",70,70,0,"N/A",0,0,0,"b) NIE","b) NIE",7390
"48","https://fedrowanie.siecobywatelska.pl/sprawy/wnioski-o-informacje-w-2025-193","CHOCEŃ","samorząd gminy","gmina wiejska","Kujawsko-Pomorskie","Włocławski","Choceń","Kujawsko-Pomorskie / Włocławski / Choceń (0418052, gmina wiejska)",70,68,0,"[b]",1,0,0,"b) NIE","b) NIE",7390
"2217","https://fedrowanie.siecobywatelska.pl/sprawy/wnioski-o-informacje-w-2025-2383","CHOCIWEL","samorząd gminy","gmina miejsko-wiejska","Zachodniopomorskie","Stargardzki","Chociwel","Zachodniopomorskie / Stargardzki / Chociwel (3214023, gmina miejsko-wiejska)",84,84,0,"N/A",0,0,0,"b) NIE","b) NIE",5360
"7991","https://fedrowanie.siecobywatelska.pl/sprawy/wnioski-o-informacje-w-2025-2154","CHOCZ","samorząd gminy","gmina miejsko-wiejska","Wielkopolskie","Pleszewski","Chocz","Wielkopolskie / Pleszewski / Chocz (3020013, gmina miejsko-wiejska)",84,84,0,"N/A",0,0,0,"b) NIE","b) NIE",4330
"827","https://fedrowanie.siecobywatelska.pl/sprawy/wnioski-o-informacje-w-2025-1640","CHOCZEWO","samorząd gminy","gmina wiejska","Pomorskie","Wejherowski","Choczewo","Pomorskie / Wejherowski / Choczewo (2215042, gmina wiejska)",121,116,1,"[a, e, i]",0,0,0,"b) NIE","b) NIE",4780
"2218","https://fedrowanie.siecobywatelska.pl/sprawy/wnioski-o-informacje-w-2025-194","CHODECZ","samorząd gminy","gmina miejsko-wiejska","Kujawsko-Pomorskie","Włocławski","Chodecz","Kujawsko-Pomorskie / Włocławski / Chodecz (0418063, gmina miejsko-wiejska)",70,70,0,"N/A",0,0,0,"b) NIE","b) NIE",5300
"785","https://fedrowanie.siecobywatelska.pl/sprawy/wnioski-o-informacje-w-2025-334","CHODEL","samorząd gminy","gmina wiejska","Lubelskie","Opolski","Chodel","Lubelskie / Opolski / Chodel (0612012, gmina wiejska)",106,104,2,"[g]",2,0,0,"b) NIE","b) NIE",6180
"408","https://fedrowanie.siecobywatelska.pl/sprawy/wnioski-o-informacje-w-2025-2155","CHODÓW","samorząd gminy","gmina wiejska","Wielkopolskie","Kolski","Chodów","Wielkopolskie / Kolski / Chodów (3009032, gmina wiejska)",73,73,0,"N/A",0,0,0,"b) NIE","b) NIE",2730
"2436","https://fedrowanie.siecobywatelska.pl/sprawy/wnioski-o-informacje-w-2025-2156","CHODZIEŻ","samorząd gminy","gmina miejska","Wielkopolskie","Chodzieski","Chodzież","Wielkopolskie / Chodzieski / Chodzież (3001011, gmina miejska)",135,133,0,"[i]",0,0,0,"b) NIE","a) TAK",16810
"859","https://fedrowanie.siecobywatelska.pl/sprawy/wnioski-o-informacje-w-2025-2157","CHODZIEŻ","samorząd gminy","gmina wiejska","Wielkopolskie","Chodzieski","Chodzież","Wielkopolskie / Chodzieski / Chodzież (3001032, gmina wiejska)",130,130,0,"N/A",0,0,0,"b) NIE","b) NIE",6180
"104","https://fedrowanie.siecobywatelska.pl/sprawy/wnioski-o-informacje-w-2025-2384","CHOJNA","samorząd gminy","gmina miejsko-wiejska","Zachodniopomorskie","Gryfiński","Chojna","Zachodniopomorskie / Gryfiński / Chojna (3206033, gmina miejsko-wiejska)",101,97,3,"[a, f, h]",0,2,0,"b) NIE","b) NIE",12980
"1159","https://fedrowanie.siecobywatelska.pl/sprawy/wnioski-o-informacje-w-2025-1642","CHOJNICE","samorząd gminy","gmina wiejska","Pomorskie","Chojnicki","Chojnice","Pomorskie / Chojnicki / Chojnice (2202032, gmina wiejska)",106,100,2,"[f, i]",0,1,0,"b) NIE","b) NIE",19640
"2202","https://fedrowanie.siecobywatelska.pl/sprawy/wnioski-o-informacje-w-2025-13","CHOJNÓW","samorząd gminy","gmina miejska","Dolnośląskie","Legnicki","Chojnów","Dolnośląskie / Legnicki / Chojnów (0209011, gmina miejska)",100,100,0,"N/A",0,1,0,"b) NIE","a) TAK",12050
"2240","https://fedrowanie.siecobywatelska.pl/sprawy/wnioski-o-informacje-w-2025-14","CHOJNÓW","samorząd gminy","gmina wiejska","Dolnośląskie","Legnicki","Chojnów","Dolnośląskie / Legnicki / Chojnów (0209022, gmina wiejska)",69,69,0,"N/A",0,0,0,"b) NIE","b) NIE",9400
"1800","https://fedrowanie.siecobywatelska.pl/sprawy/wnioski-o-informacje-w-2025-1370","CHORKÓWKA","samorząd gminy","gmina wiejska","Podkarpackie","Krośnieński","Chorkówka","Podkarpackie / Krośnieński / Chorkówka (1807012, gmina wiejska)",84,75,0,"[a, b, c]",0,0,0,"b) NIE","b) NIE",13420
"2219","https://fedrowanie.siecobywatelska.pl/sprawy/wnioski-o-informacje-w-2025-1525","CHOROSZCZ","samorząd gminy","gmina miejsko-wiejska","Podlaskie","Białostocki","Choroszcz","Podlaskie / Białostocki / Choroszcz (2002013, gmina miejsko-wiejska)",105,104,1,"[f]",0,0,0,"b) NIE","b) NIE",19060
"1802","https://fedrowanie.siecobywatelska.pl/sprawy/wnioski-o-informacje-w-2025-994","CHORZELE","samorząd gminy","gmina miejsko-wiejska","Mazowieckie","Przasnyski","Chorzele","Mazowieckie / Przasnyski / Chorzele (1422023, gmina miejsko-wiejska)",86,79,0,"[a, b, c]",0,0,0,"b) NIE","b) NIE",9090
"2220","https://fedrowanie.siecobywatelska.pl/sprawy/wnioski-o-informacje-w-2025-1768","Chorzów","miasto na prawach powiatu","miasto na prawach powiatu","Śląskie","Chorzów",,"Śląskie / Chorzów (2463, miasto na prawach powiatu)",310,254,2,"[a, b, c]",0,0,0,"b) NIE","a) TAK",98420
"828","https://fedrowanie.siecobywatelska.pl/sprawy/wnioski-o-informacje-w-2025-2385","CHOSZCZNO","samorząd gminy","gmina miejsko-wiejska","Zachodniopomorskie","Choszczeński","Choszczno","Zachodniopomorskie / Choszczeński / Choszczno (3202023, gmina miejsko-wiejska)",101,97,4,"[a, b, c]",0,0,0,"b) NIE","b) NIE",19810
"145","https://fedrowanie.siecobywatelska.pl/sprawy/wnioski-o-informacje-w-2025-195","CHROSTKOWO","samorząd gminy","gmina wiejska","Kujawsko-Pomorskie","Lipnowski","Chrostkowo","Kujawsko-Pomorskie / Lipnowski / Chrostkowo (0408032, gmina wiejska)",52,51,1,"[i]",0,0,0,"b) NIE","b) NIE",2690
"199","https://fedrowanie.siecobywatelska.pl/sprawy/wnioski-o-informacje-w-2025-335","CHRZANÓW","samorząd gminy","gmina wiejska","Lubelskie","Janowski","Chrzanów","Lubelskie / Janowski / Chrzanów (0605022, gmina wiejska)",67,67,0,"N/A",0,0,0,"b) NIE","b) NIE",2590
"829","https://fedrowanie.siecobywatelska.pl/sprawy/wnioski-o-informacje-w-2025-808","CHRZANÓW","samorząd gminy","gmina miejsko-wiejska","Małopolskie","Chrzanowski","Chrzanów","Małopolskie / Chrzanowski / Chrzanów (1203033, gmina miejsko-wiejska)",190,186,3,"[b, d]",0,0,0,"b) NIE","b) NIE",43120
"1585","https://fedrowanie.siecobywatelska.pl/sprawy/wnioski-o-informacje-w-2025-1289","CHRZĄSTOWICE","samorząd gminy","gmina wiejska","Opolskie","Opolski","Chrząstowice","Opolskie / Opolski / Chrząstowice (1609012, gmina wiejska)",72,71,0,"[b]",0,0,0,"b) NIE","a) TAK",7230
"1116","https://fedrowanie.siecobywatelska.pl/sprawy/wnioski-o-informacje-w-2025-2158","CHRZYPSKO WIELKIE","samorząd gminy","gmina wiejska","Wielkopolskie","Międzychodzki","Chrzypsko Wielkie","Wielkopolskie / Międzychodzki / Chrzypsko Wielkie (3014012, gmina wiejska)",62,62,1,"[f]",0,0,0,"b) NIE","a) TAK",3140
"830","https://fedrowanie.siecobywatelska.pl/sprawy/wnioski-o-informacje-w-2025-1769","CHYBIE","samorząd gminy","gmina wiejska","Śląskie","Cieszyński","Chybie","Śląskie / Cieszyński / Chybie (2403052, gmina wiejska)",74,69,1,"[a, c, f]",0,0,0,"b) NIE","b) NIE",9590
"73","https://fedrowanie.siecobywatelska.pl/sprawy/wnioski-o-informacje-w-2025-996","CHYNÓW","samorząd gminy","gmina wiejska","Mazowieckie","Grójecki","Chynów","Mazowieckie / Grójecki / Chynów (1406032, gmina wiejska)",85,84,1,"[b, e]",1,1,0,"b) NIE","b) NIE",10130
"146","https://fedrowanie.siecobywatelska.pl/sprawy/wnioski-o-informacje-w-2025-1770","CIASNA","samorząd gminy","gmina wiejska","Śląskie","Lubliniecki","Ciasna","Śląskie / Lubliniecki / Ciasna (2407032, gmina wiejska)",81,81,0,"N/A",0,0,0,"b) NIE","b) NIE",7140
"466","https://fedrowanie.siecobywatelska.pl/sprawy/wnioski-o-informacje-w-2025-1526","CIECHANOWIEC","samorząd gminy","gmina miejsko-wiejska","Podlaskie","Wysokomazowiecki","Ciechanowiec","Podlaskie / Wysokomazowiecki / Ciechanowiec (2013023, gmina miejsko-wiejska)",211,211,0,"N/A",0,0,0,"b) NIE","a) TAK",7800
"1973","https://fedrowanie.siecobywatelska.pl/sprawy/wnioski-o-informacje-w-2025-997","CIECHANÓW","samorząd gminy","gmina miejska","Mazowieckie","Ciechanowski","Ciechanów","Mazowieckie / Ciechanowski / Ciechanów (1402011, gmina miejska)",170,170,0,"N/A",0,0,0,"b) NIE","b) NIE",41230
"2241","https://fedrowanie.siecobywatelska.pl/sprawy/wnioski-o-informacje-w-2025-998","CIECHANÓW","samorząd gminy","gmina wiejska","Mazowieckie","Ciechanowski","Ciechanów","Mazowieckie / Ciechanowski / Ciechanów (1402022, gmina wiejska)",100,100,0,"N/A",0,0,0,"b) NIE","a) TAK",7620
"1117","https://fedrowanie.siecobywatelska.pl/sprawy/wnioski-o-informacje-w-2025-196","CIECHOCIN","samorząd gminy","gmina wiejska","Kujawsko-Pomorskie","Golubsko-Dobrzyński","Ciechocin","Kujawsko-Pomorskie / Golubsko-Dobrzyński / Ciechocin (0405022, gmina wiejska)",81,80,1,"[i]",0,0,0,"b) NIE","b) NIE",3780
"768","https://fedrowanie.siecobywatelska.pl/sprawy/wnioski-o-informacje-w-2025-197","CIECHOCINEK","samorząd gminy","gmina miejska","Kujawsko-Pomorskie","Aleksandrowski","Ciechocinek","Kujawsko-Pomorskie / Aleksandrowski / Ciechocinek (0401021, gmina miejska)",132,114,1,"[b, c, f]",0,"BD",0,"b) NIE","b) NIE",9890
"1803","https://fedrowanie.siecobywatelska.pl/sprawy/wnioski-o-informacje-w-2025-632","CIELĄDZ","samorząd gminy","gmina wiejska","Łódzkie","Rawski","Cielądz","Łódzkie / Rawski / Cielądz (1013032, gmina wiejska)",52,52,0,"N/A",0,0,0,"b) NIE","b) NIE",3840
"200","https://fedrowanie.siecobywatelska.pl/sprawy/wnioski-o-informacje-w-2025-999","CIEPIELÓW","samorząd gminy","gmina miejsko-wiejska","Mazowieckie","Lipski","Ciepielów","Mazowieckie / Lipski / Ciepielów (1409023, gmina miejsko-wiejska)",36,36,0,"N/A",0,0,0,"b) NIE","b) NIE",5080
"1118","https://fedrowanie.siecobywatelska.pl/sprawy/wnioski-o-informacje-w-2025-15","CIEPŁOWODY","samorząd gminy","gmina wiejska","Dolnośląskie","Ząbkowicki","Ciepłowody","Dolnośląskie / Ząbkowicki / Ciepłowody (0224022, gmina wiejska)",95,93,0,"[a]",0,0,0,"b) NIE","b) NIE",2700
"1586","https://fedrowanie.siecobywatelska.pl/sprawy/wnioski-o-informacje-w-2025-809","CIĘŻKOWICE","samorząd gminy","gmina miejsko-wiejska","Małopolskie","Tarnowski","Ciężkowice","Małopolskie / Tarnowski / Ciężkowice (1216013, gmina miejsko-wiejska)",113,113,0,"N/A",0,0,0,"b) NIE","b) NIE",10930
"467","https://fedrowanie.siecobywatelska.pl/sprawy/wnioski-o-informacje-w-2025-1290","CISEK","samorząd gminy","gmina wiejska","Opolskie","Kędzierzyńsko-Kozielski","Cisek","Opolskie / Kędzierzyńsko-Kozielski / Cisek (1603032, gmina wiejska)",71,71,0,"N/A",0,0,0,"b) NIE","b) NIE",5220
"1804","https://fedrowanie.siecobywatelska.pl/sprawy/wnioski-o-informacje-w-2025-1372","CISNA","samorząd gminy","gmina wiejska","Podkarpackie","Leski","Cisna","Podkarpackie / Leski / Cisna (1821022, gmina wiejska)",76,76,0,"N/A",0,0,0,"b) NIE","b) NIE",1670
"148","https://fedrowanie.siecobywatelska.pl/sprawy/wnioski-o-informacje-w-2025-1373","CMOLAS","samorząd gminy","gmina wiejska","Podkarpackie","Kolbuszowski","Cmolas","Podkarpackie / Kolbuszowski / Cmolas (1806012, gmina wiejska)",92,90,2,"[a]",0,0,0,"b) NIE","b) NIE",7910
"831","https://fedrowanie.siecobywatelska.pl/sprawy/wnioski-o-informacje-w-2025-536","CYBINKA","samorząd gminy","gmina miejsko-wiejska","Lubuskie","Słubicki","Cybinka","Lubuskie / Słubicki / Cybinka (0805013, gmina miejsko-wiejska)",116,115,0,"[a]",0,0,0,"b) NIE","b) NIE",6070
"402","https://fedrowanie.siecobywatelska.pl/sprawy/wnioski-o-informacje-w-2025-336","CYCÓW","samorząd gminy","gmina wiejska","Lubelskie","Łęczyński","Cyców","Lubelskie / Łęczyński / Cyców (0610012, gmina wiejska)",113,111,0,"[f, i]",0,0,0,"a) TAK","b) NIE",7640
"1119","https://fedrowanie.siecobywatelska.pl/sprawy/wnioski-o-informacje-w-2025-2159","CZAJKÓW","samorząd gminy","gmina wiejska","Wielkopolskie","Ostrzeszowski","Czajków","Wielkopolskie / Ostrzeszowski / Czajków (3018012, gmina wiejska)",61,58,0,"[c]",0,0,0,"b) NIE","b) NIE",2420
"149","https://fedrowanie.siecobywatelska.pl/sprawy/wnioski-o-informacje-w-2025-2386","CZAPLINEK","samorząd gminy","gmina miejsko-wiejska","Zachodniopomorskie","Drawski","Czaplinek","Zachodniopomorskie / Drawski / Czaplinek (3203013, gmina miejsko-wiejska)",98,98,0,"[c]",0,0,0,"b) NIE","a) TAK",10980
"1160","https://fedrowanie.siecobywatelska.pl/sprawy/wnioski-o-informacje-w-2025-1376","CZARNA","samorząd gminy","gmina wiejska","Podkarpackie","Łańcucki","Czarna","Podkarpackie / Łańcucki / Czarna (1810032, gmina wiejska)",35,35,0,"N/A",0,0,0,"b) NIE","b) NIE",12090
"2222","https://fedrowanie.siecobywatelska.pl/sprawy/wnioski-o-informacje-w-2025-1374","CZARNA","samorząd gminy","gmina wiejska","Podkarpackie","Bieszczadzki","Czarna","Podkarpackie / Bieszczadzki / Czarna (1801032, gmina wiejska)",61,"BD",1,"[b]",0,0,0,"b) NIE","b) NIE",2330
"1974","https://fedrowanie.siecobywatelska.pl/sprawy/wnioski-o-informacje-w-2025-1527","CZARNA BIAŁOSTOCKA","samorząd gminy","gmina miejsko-wiejska","Podlaskie","Białostocki","Czarna Białostocka","Podlaskie / Białostocki / Czarna Białostocka (2002023, gmina miejsko-wiejska)",88,76,0,"[c, d, e]",0,0,0,"b) NIE","a) TAK",10440
"201","https://fedrowanie.siecobywatelska.pl/sprawy/wnioski-o-informacje-w-2025-1643","CZARNA DĄBRÓWKA","samorząd gminy","gmina wiejska","Pomorskie","Bytowski","Czarna Dąbrówka","Pomorskie / Bytowski / Czarna Dąbrówka (2201032, gmina wiejska)",115,115,0,"[a, b, c]",0,0,1,"b) NIE","a) TAK",5650
"7992","https://fedrowanie.siecobywatelska.pl/sprawy/wnioski-o-informacje-w-2025-1644","CZARNA WODA","samorząd gminy","gmina miejsko-wiejska","Pomorskie","Starogardzki","Czarna Woda","Pomorskie / Starogardzki / Czarna Woda (2213013, gmina miejsko-wiejska)",66,62,0,"[b, c]",0,0,0,"b) NIE","b) NIE",2980
"1805","https://fedrowanie.siecobywatelska.pl/sprawy/wnioski-o-informacje-w-2025-1645","CZARNE","samorząd gminy","gmina miejsko-wiejska","Pomorskie","Człuchowski","Czarne","Pomorskie / Człuchowski / Czarne (2203023, gmina miejsko-wiejska)",77,77,0,"N/A",0,0,0,"b) NIE","b) NIE",8340
"1515","https://fedrowanie.siecobywatelska.pl/sprawy/wnioski-o-informacje-w-2025-1000","CZARNIA","samorząd gminy","gmina wiejska","Mazowieckie","Ostrołęcki","Czarnia","Mazowieckie / Ostrołęcki / Czarnia (1415022, gmina wiejska)",25,25,0,"N/A",0,0,0,"b) NIE","b) NIE",2180
"1121","https://fedrowanie.siecobywatelska.pl/sprawy/wnioski-o-informacje-w-2025-2161","CZARNKÓW","samorząd gminy","gmina wiejska","Wielkopolskie","Czarnkowsko-Trzcianecki","Czarnków","Wielkopolskie / Czarnkowsko-Trzcianecki / Czarnków (3002022, gmina wiejska)",52,51,2,"[a, b, c]",0,1,0,"b) NIE","b) NIE",11080
"1975","https://fedrowanie.siecobywatelska.pl/sprawy/wnioski-o-informacje-w-2025-2160","CZARNKÓW","samorząd gminy","gmina miejska","Wielkopolskie","Czarnkowsko-Trzcianecki","Czarnków","Wielkopolskie / Czarnkowsko-Trzcianecki / Czarnków (3002011, gmina miejska)",78,77,0,"N/A",0,0,0,"b) NIE","b) NIE",9640
"409","https://fedrowanie.siecobywatelska.pl/sprawy/wnioski-o-informacje-w-2025-633","CZARNOCIN (woj. łódzkie)","samorząd gminy","gmina wiejska","Łódzkie","Piotrkowski","Czarnocin","Łódzkie / Piotrkowski / Czarnocin (1010022, gmina wiejska)",87,87,0,"N/A",0,0,0,"b) NIE","b) NIE",3990
"1587","https://fedrowanie.siecobywatelska.pl/sprawy/wnioski-o-informacje-w-2025-1935","CZARNOCIN (woj. świętokrzyskie)","samorząd gminy","gmina wiejska","Świętokrzyskie","Kazimierski","Czarnocin","Świętokrzyskie / Kazimierski / Czarnocin (2603022, gmina wiejska)",28,28,0,"N/A","BD","BD","BD","BD","BD",3520
"1574","https://fedrowanie.siecobywatelska.pl/sprawy/wnioski-o-informacje-w-2025-634","CZARNOŻYŁY","samorząd gminy","gmina wiejska","Łódzkie","Wieluński","Czarnożyły","Łódzkie / Wieluński / Czarnożyły (1017022, gmina wiejska)",70,70,0,"N/A",0,0,0,"b) NIE","b) NIE",4370
"202","https://fedrowanie.siecobywatelska.pl/sprawy/wnioski-o-informacje-w-2025-810","CZARNY DUNAJEC","samorząd gminy","gmina miejsko-wiejska","Małopolskie","Nowotarski","Czarny Dunajec","Małopolskie / Nowotarski / Czarny Dunajec (1211033, gmina miejsko-wiejska)",47,43,0,"N/A",0,0,0,"b) NIE","b) NIE",22120
"150","https://fedrowanie.siecobywatelska.pl/sprawy/wnioski-o-informacje-w-2025-17","CZARNYBÓR","samorząd gminy","gmina wiejska","Dolnośląskie","Wałbrzyski","Czarny Bór","Dolnośląskie / Wałbrzyski / Czarny Bór (0221042, gmina wiejska)",83,83,0,"N/A",0,0,0,"b) NIE","b) NIE",4690
"1122","https://fedrowanie.siecobywatelska.pl/sprawy/wnioski-o-informacje-w-2025-635","CZASTARY","samorząd gminy","gmina wiejska","Łódzkie","Wieruszowski","Czastary","Łódzkie / Wieruszowski / Czastary (1018022, gmina wiejska)",63,63,0,"N/A",6,0,0,"b) NIE","b) NIE",3900
"203","https://fedrowanie.siecobywatelska.pl/sprawy/wnioski-o-informacje-w-2025-811","CZCHÓW","samorząd gminy","gmina miejsko-wiejska","Małopolskie","Brzeski","Czchów","Małopolskie / Brzeski / Czchów (1202033, gmina miejsko-wiejska)",59,57,2,"[a, b]",0,0,0,"b) NIE","b) NIE",9590
"130","https://fedrowanie.siecobywatelska.pl/sprawy/wnioski-o-informacje-w-2025-1772","CZECHOWICE-DZIEDZICE","samorząd gminy","gmina miejsko-wiejska","Śląskie","Bielski","Czechowice-Dziedzice","Śląskie / Bielski / Czechowice-Dziedzice (2402043, gmina miejsko-wiejska)",109,107,0,"[c]",0,0,0,"b) NIE","b) NIE",44230
"173","https://fedrowanie.siecobywatelska.pl/sprawy/wnioski-o-informacje-w-2025-1773","CZELADŹ","samorząd gminy","gmina miejska","Śląskie","Będziński","Czeladź","Śląskie / Będziński / Czeladź (2401021, gmina miejska)",130,97,0,"[a, b, c]",0,0,0,"b) NIE","a) TAK",29370
"1588","https://fedrowanie.siecobywatelska.pl/sprawy/wnioski-o-informacje-w-2025-2162","CZEMPIŃ","samorząd gminy","gmina miejsko-wiejska","Wielkopolskie","Kościański","Czempiń","Wielkopolskie / Kościański / Czempiń (3011023, gmina miejsko-wiejska)",71,57,14,"[a, b, c]",0,1,0,"b) NIE","b) NIE",11370
"1736","https://fedrowanie.siecobywatelska.pl/sprawy/wnioski-o-informacje-w-2025-1528","CZEREMCHA","samorząd gminy","gmina wiejska","Podlaskie","Hajnowski","Czeremcha","Podlaskie / Hajnowski / Czeremcha (2005032, gmina wiejska)",84,79,0,"[a]",0,0,0,"b) NIE","b) NIE",2570
"1589","https://fedrowanie.siecobywatelska.pl/sprawy/wnioski-o-informacje-w-2025-1377","CZERMIN","samorząd gminy","gmina wiejska","Podkarpackie","Mielecki","Czermin","Podkarpackie / Mielecki / Czermin (1811032, gmina wiejska)",32,32,0,"N/A",0,0,0,"b) NIE","b) NIE",7040
"151","https://fedrowanie.siecobywatelska.pl/sprawy/wnioski-o-informacje-w-2025-18","CZERNICA","samorząd gminy","gmina wiejska","Dolnośląskie","Wrocławski","Czernica","Dolnośląskie / Wrocławski / Czernica (0223012, gmina wiejska)",157,150,7,"[a, b, i]",0,0,0,"b) NIE","b) NIE",25810
"1123","https://fedrowanie.siecobywatelska.pl/sprawy/wnioski-o-informacje-w-2025-1001","CZERNICE BOROWE","samorząd gminy","gmina wiejska","Mazowieckie","Przasnyski","Czernice Borowe","Mazowieckie / Przasnyski / Czernice Borowe (1422032, gmina wiejska)",48,46,2,"[a, f]",0,0,0,"b) NIE","b) NIE",3400
"1124","https://fedrowanie.siecobywatelska.pl/sprawy/wnioski-o-informacje-w-2025-812","CZERNICHÓW","samorząd gminy","gmina wiejska","Małopolskie","Krakowski","Czernichów","Małopolskie / Krakowski / Czernichów (1206012, gmina wiejska)",125,123,0,"N/A",0,0,0,"b) NIE","a) TAK",15510
"832","https://fedrowanie.siecobywatelska.pl/sprawy/wnioski-o-informacje-w-2025-1774","CZERNICHÓW","samorząd gminy","gmina wiejska","Śląskie","Żywiecki","Czernichów","Śląskie / Żywiecki / Czernichów (2417022, gmina wiejska)",86,84,3,"[b]",0,0,0,"b) NIE","b) NIE",6190
"2223","https://fedrowanie.siecobywatelska.pl/sprawy/wnioski-o-informacje-w-2025-2164","CZERNIEJEWO","samorząd gminy","gmina miejsko-wiejska","Wielkopolskie","Gnieźnieński","Czerniejewo","Wielkopolskie / Gnieźnieński / Czerniejewo (3003023, gmina miejsko-wiejska)",78,78,0,"N/A",0,0,0,"b) NIE","a) TAK",7250
"205","https://fedrowanie.siecobywatelska.pl/sprawy/wnioski-o-informacje-w-2025-636","CZERNIEWICE","samorząd gminy","gmina wiejska","Łódzkie","Tomaszowski","Czerniewice","Łódzkie / Tomaszowski / Czerniewice (1016042, gmina wiejska)",93,93,0,"[a]",0,0,0,"b) NIE","b) NIE",4780
"468","https://fedrowanie.siecobywatelska.pl/sprawy/wnioski-o-informacje-w-2025-198","CZERNIKOWO","samorząd gminy","gmina wiejska","Kujawsko-Pomorskie","Toruński","Czernikowo","Kujawsko-Pomorskie / Toruński / Czernikowo (0415032, gmina wiejska)",80,80,0,"N/A",0,0,0,"a) TAK","b) NIE",8800
"2416","https://fedrowanie.siecobywatelska.pl/sprawy/wnioski-o-informacje-w-2025-1646","CZERSK","samorząd gminy","gmina miejsko-wiejska","Pomorskie","Chojnicki","Czersk","Pomorskie / Chojnicki / Czersk (2202043, gmina miejsko-wiejska)",108,107,1,"[h]",0,1,0,"b) NIE","a) TAK",21140
"105","https://fedrowanie.siecobywatelska.pl/sprawy/wnioski-o-informacje-w-2025-537","CZERWIEŃSK","samorząd gminy","gmina miejsko-wiejska","Lubuskie","Zielonogórski","Czerwieńsk","Lubuskie / Zielonogórski / Czerwieńsk (0809033, gmina miejsko-wiejska)",138,138,0,"[e]",0,0,0,"b) NIE","b) NIE",10140
"206","https://fedrowanie.siecobywatelska.pl/sprawy/wnioski-o-informacje-w-2025-1002","CZERWIN","samorząd gminy","gmina wiejska","Mazowieckie","Ostrołęcki","Czerwin","Mazowieckie / Ostrołęcki / Czerwin (1415032, gmina wiejska)",113,113,0,"N/A",0,0,0,"b) NIE","b) NIE",4640
"532","https://fedrowanie.siecobywatelska.pl/sprawy/wnioski-o-informacje-w-2025-1775","CZERWIONKA-LESZCZYNY","samorząd gminy","gmina miejsko-wiejska","Śląskie","Rybnicki","Czerwionka-Leszczyny","Śląskie / Rybnicki / Czerwionka-Leszczyny (2412013, gmina miejsko-wiejska)",117,104,2,"[i]",0,1,0,"a) TAK","b) NIE",39570
"537","https://fedrowanie.siecobywatelska.pl/sprawy/wnioski-o-informacje-w-2025-2165","CZERWONAK","samorząd gminy","gmina wiejska","Wielkopolskie","Poznański","Czerwonak","Wielkopolskie / Poznański / Czerwonak (3021042, gmina wiejska)",164,152,0,"N/A",0,0,0,"b) NIE","b) NIE",28260
"2422","https://fedrowanie.siecobywatelska.pl/sprawy/wnioski-o-informacje-w-2025-1004","CZERWONKA","samorząd gminy","gmina wiejska","Mazowieckie","Makowski","Czerwonka","Mazowieckie / Makowski / Czerwonka (1411022, gmina wiejska)","BD",68,0,"N/A",0,0,0,"b) NIE","b) NIE",2520
"469","https://fedrowanie.siecobywatelska.pl/sprawy/wnioski-o-informacje-w-2025-1776","Częstochowa","miasto na prawach powiatu","miasto na prawach powiatu","Śląskie","Częstochowa",,"Śląskie / Częstochowa (2464, miasto na prawach powiatu)",534,375,12,"[c, a, b]",0,2,0,"b) NIE","b) NIE",201440
"1126","https://fedrowanie.siecobywatelska.pl/sprawy/wnioski-o-informacje-w-2025-2387","CZŁOPA","samorząd gminy","gmina miejsko-wiejska","Zachodniopomorskie","Wałecki","Człopa","Zachodniopomorskie / Wałecki / Człopa (3217023, gmina miejsko-wiejska)",54,53,1,"[a, b, c]",0,1,0,"b) NIE","b) NIE",4410
"1014","https://fedrowanie.siecobywatelska.pl/sprawy/wnioski-o-informacje-w-2025-1648","CZŁUCHÓW","samorząd gminy","gmina wiejska","Pomorskie","Człuchowski","Człuchów","Pomorskie / Człuchowski / Człuchów (2203032, gmina wiejska)",79,79,2,"[g, h]",0,0,0,"b) NIE","b) NIE",10820
"833","https://fedrowanie.siecobywatelska.pl/sprawy/wnioski-o-informacje-w-2025-1647","CZŁUCHÓW","samorząd gminy","gmina miejska","Pomorskie","Człuchowski","Człuchów","Pomorskie / Człuchowski / Człuchów (2203011, gmina miejska)",72,72,0,"N/A",0,0,0,"b) NIE","b) NIE",12780
"207","https://fedrowanie.siecobywatelska.pl/sprawy/wnioski-o-informacje-w-2025-813","CZORSZTYN","samorząd gminy","gmina wiejska","Małopolskie","Nowotarski","Czorsztyn","Małopolskie / Nowotarski / Czorsztyn (1211042, gmina wiejska)",98,98,0,"[e]",0,0,1,"b) NIE","b) NIE",7540
"834","https://fedrowanie.siecobywatelska.pl/sprawy/wnioski-o-informacje-w-2025-1005","CZOSNÓW","samorząd gminy","gmina wiejska","Mazowieckie","Nowodworski","Czosnów","Mazowieckie / Nowodworski / Czosnów (1414022, gmina wiejska)",119,"BD",0,"N/A",0,0,0,"b) NIE","b) NIE",11060
"1127","https://fedrowanie.siecobywatelska.pl/sprawy/wnioski-o-informacje-w-2025-1378","CZUDEC","samorząd gminy","gmina wiejska","Podkarpackie","Strzyżowski","Czudec","Podkarpackie / Strzyżowski / Czudec (1819012, gmina wiejska)",94,"BD","BD","BD",0,0,0,"b) NIE","b) NIE",11440
"2497","https://fedrowanie.siecobywatelska.pl/sprawy/wnioski-o-informacje-w-2025-1529","CZYŻE","samorząd gminy","gmina wiejska","Podlaskie","Hajnowski","Czyże","Podlaskie / Hajnowski / Czyże (2005042, gmina wiejska)",102,102,0,"N/A",0,0,0,"b) NIE","a) TAK",1700
"1037","https://fedrowanie.siecobywatelska.pl/sprawy/wnioski-o-informacje-w-2025-1530","CZYŻEW","samorząd gminy","gmina miejsko-wiejska","Podlaskie","Wysokomazowiecki","Czyżew","Podlaskie / Wysokomazowiecki / Czyżew (2013033, gmina miejsko-wiejska)","BD",34,0,"N/A",0,0,0,"b) NIE","a) TAK",5880
"209","https://fedrowanie.siecobywatelska.pl/sprawy/wnioski-o-informacje-w-2025-1937","DALESZYCE","samorząd gminy","gmina miejsko-wiejska","Świętokrzyskie","Kielecki","Daleszyce","Świętokrzyskie / Kielecki / Daleszyce (2604053, gmina miejsko-wiejska)",96,94,1,"[f]",0,0,1,"b) NIE","b) NIE",16320
"2500","https://fedrowanie.siecobywatelska.pl/sprawy/wnioski-o-informacje-w-2025-637","DALIKÓW","samorząd gminy","gmina wiejska","Łódzkie","Poddębicki","Dalików","Łódzkie / Poddębicki / Dalików (1011012, gmina wiejska)",69,68,1,"[f]",1,0,0,"b) NIE","a) TAK",4070
"836","https://fedrowanie.siecobywatelska.pl/sprawy/wnioski-o-informacje-w-2025-2166","DAMASŁAWEK","samorząd gminy","gmina wiejska","Wielkopolskie","Wągrowiecki","Damasławek","Wielkopolskie / Wągrowiecki / Damasławek (3028022, gmina wiejska)",98,97,1,"[h]",0,0,0,"b) NIE","b) NIE",4890
"1591","https://fedrowanie.siecobywatelska.pl/sprawy/wnioski-o-informacje-w-2025-1649","DAMNICA","samorząd gminy","gmina wiejska","Pomorskie","Słupski","Damnica","Pomorskie / Słupski / Damnica (2212022, gmina wiejska)",89,86,2,"[a, b]",0,0,0,"b) NIE","b) NIE",5480
"712","https://fedrowanie.siecobywatelska.pl/sprawy/wnioski-o-informacje-w-2025-2388","DARŁOWO","samorząd gminy","gmina miejska","Zachodniopomorskie","Sławieński","Darłowo","Zachodniopomorskie / Sławieński / Darłowo (3213011, gmina miejska)",37,37,0,"N/A",0,0,0,"b) NIE","a) TAK",12200
"727","https://fedrowanie.siecobywatelska.pl/sprawy/wnioski-o-informacje-w-2025-2389","DARŁOWO","samorząd gminy","gmina wiejska","Zachodniopomorskie","Sławieński","Darłowo","Zachodniopomorskie / Sławieński / Darłowo (3213032, gmina wiejska)",89,86,3,"[f]",0,0,0,"b) NIE","b) NIE",7520
"1161","https://fedrowanie.siecobywatelska.pl/sprawy/wnioski-o-informacje-w-2025-1291","DĄBROWA","samorząd gminy","gmina wiejska","Opolskie","Opolski","Dąbrowa","Opolskie / Opolski / Dąbrowa (1609022, gmina wiejska)","BD",77,0,"N/A",0,0,0,"b) NIE","b) NIE",8280
"1415","https://fedrowanie.siecobywatelska.pl/sprawy/wnioski-o-informacje-w-2025-199","DĄBROWA","samorząd gminy","gmina wiejska","Kujawsko-Pomorskie","Mogileński","Dąbrowa","Kujawsko-Pomorskie / Mogileński / Dąbrowa (0409012, gmina wiejska)",76,76,0,"N/A",0,0,0,"b) NIE","b) NIE",4240
"153","https://fedrowanie.siecobywatelska.pl/sprawy/wnioski-o-informacje-w-2025-1531","DĄBROWA BIAŁOSTOCKA","samorząd gminy","gmina miejsko-wiejska","Podlaskie","Sokólski","Dąbrowa Białostocka","Podlaskie / Sokólski / Dąbrowa Białostocka (2011013, gmina miejsko-wiejska)",93,88,3,"[f]",0,0,0,"b) NIE","b) NIE",9820
"2295","https://fedrowanie.siecobywatelska.pl/sprawy/wnioski-o-informacje-w-2025-200","DĄBROWA BISKUPIA","samorząd gminy","gmina wiejska","Kujawsko-Pomorskie","Inowrocławski","Dąbrowa Biskupia","Kujawsko-Pomorskie / Inowrocławski / Dąbrowa Biskupia (0407022, gmina wiejska)",95,94,1,"[a]",0,0,0,"b) NIE","b) NIE",4840
"1128","https://fedrowanie.siecobywatelska.pl/sprawy/wnioski-o-informacje-w-2025-201","DĄBROWA CHEŁMIŃSKA","samorząd gminy","gmina wiejska","Kujawsko-Pomorskie","Bydgoski","Dąbrowa Chełmińska","Kujawsko-Pomorskie / Bydgoski / Dąbrowa Chełmińska (0403022, gmina wiejska)",87,84,3,"[a]",0,0,0,"b) NIE","b) NIE",8690
"1812","https://fedrowanie.siecobywatelska.pl/sprawy/wnioski-o-informacje-w-2025-814","DĄBROWA TARNOWSKA","samorząd gminy","gmina miejsko-wiejska","Małopolskie","Dąbrowski","Dąbrowa Tarnowska","Małopolskie / Dąbrowski / Dąbrowa Tarnowska (1204023, gmina miejsko-wiejska)",102,98,0,"[a, b, c]",0,0,0,"b) NIE","b) NIE",20820
"1590","https://fedrowanie.siecobywatelska.pl/sprawy/wnioski-o-informacje-w-2025-1778","DĄBROWA ZIELONA","samorząd gminy","gmina wiejska","Śląskie","Częstochowski","Dąbrowa Zielona","Śląskie / Częstochowski / Dąbrowa Zielona (2404022, gmina wiejska)",106,105,1,"[g]",0,1,0,"b) NIE","b) NIE",3550
"1806","https://fedrowanie.siecobywatelska.pl/sprawy/wnioski-o-informacje-w-2025-639","DĄBROWICE","samorząd gminy","gmina miejsko-wiejska","Łódzkie","Kutnowski","Dąbrowice","Łódzkie / Kutnowski / Dąbrowice (1002033, gmina miejsko-wiejska)",51,51,0,"N/A",0,0,0,"b) NIE","b) NIE",1720
"1807","https://fedrowanie.siecobywatelska.pl/sprawy/wnioski-o-informacje-w-2025-2038","DĄBRÓWNO","samorząd gminy","gmina wiejska","Warmińsko-Mazurskie","Ostródzki","Dąbrówno","Warmińsko-Mazurskie / Ostródzki / Dąbrówno (2815022, gmina wiejska)",90,82,1,"[a, c]",0,1,0,"a) TAK","b) NIE",3720
"2225","https://fedrowanie.siecobywatelska.pl/sprawy/wnioski-o-informacje-w-2025-1650","DEBRZNO","samorząd gminy","gmina miejsko-wiejska","Pomorskie","Człuchowski","Debrzno","Pomorskie / Człuchowski / Debrzno (2203043, gmina miejsko-wiejska)",83,83,0,"N/A",0,0,0,"b) NIE","b) NIE",8390
"1130","https://fedrowanie.siecobywatelska.pl/sprawy/wnioski-o-informacje-w-2025-539","DESZCZNO","samorząd gminy","gmina wiejska","Lubuskie","Gorzowski","Deszczno","Lubuskie / Gorzowski / Deszczno (0801032, gmina wiejska)",106,103,3,"[b, d]",0,1,0,"b) NIE","b) NIE",11270
"155","https://fedrowanie.siecobywatelska.pl/sprawy/wnioski-o-informacje-w-2025-1007","DĘBE WIELKIE","samorząd gminy","gmina wiejska","Mazowieckie","Miński","Dębe Wielkie","Mazowieckie / Miński / Dębe Wielkie (1412052, gmina wiejska)",171,145,4,"[a, c, f]",0,3,0,"b) NIE","b) NIE",12100
"2094","https://fedrowanie.siecobywatelska.pl/sprawy/wnioski-o-informacje-w-2025-1379","DĘBICA","samorząd gminy","gmina miejska","Podkarpackie","Dębicki","Dębica","Podkarpackie / Dębicki / Dębica (1803011, gmina miejska)",177,176,1,"[b, d]",0,0,0,"b) NIE","a) TAK",42220
"729","https://fedrowanie.siecobywatelska.pl/sprawy/wnioski-o-informacje-w-2025-338","DĘBLIN","samorząd gminy","gmina miejska","Lubelskie","Rycki","Dęblin","Lubelskie / Rycki / Dęblin (0616011, gmina miejska)",98,98,0,"N/A",0,0,0,"b) NIE","b) NIE",13670
"837","https://fedrowanie.siecobywatelska.pl/sprawy/wnioski-o-informacje-w-2025-1651","DĘBNICA KASZUBSKA","samorząd gminy","gmina wiejska","Pomorskie","Słupski","Dębnica Kaszubska","Pomorskie / Słupski / Dębnica Kaszubska (2212032, gmina wiejska)",100,78,0,"[a, b, c]",0,0,0,"b) NIE","a) TAK",8870
"860","https://fedrowanie.siecobywatelska.pl/sprawy/wnioski-o-informacje-w-2025-815","DĘBNO","samorząd gminy","gmina wiejska","Małopolskie","Brzeski","Dębno","Małopolskie / Brzeski / Dębno (1202042, gmina wiejska)",164,156,7,"[a, b, f]",1,1,11,"b) NIE","b) NIE",14460
"1129","https://fedrowanie.siecobywatelska.pl/sprawy/wnioski-o-informacje-w-2025-2390","DĘBNO","samorząd gminy","gmina miejsko-wiejska","Zachodniopomorskie","Myśliborski","Dębno","Zachodniopomorskie / Myśliborski / Dębno (3210033, gmina miejsko-wiejska)",91,70,2,"[a, b, c]",0,1,0,"b) NIE","b) NIE",18960
"804","https://fedrowanie.siecobywatelska.pl/sprawy/wnioski-o-informacje-w-2025-339","DĘBOWA KŁODA","samorząd gminy","gmina wiejska","Lubelskie","Parczewski","Dębowa Kłoda","Lubelskie / Parczewski / Dębowa Kłoda (0613012, gmina wiejska)",78,74,2,"[a, b, c]",0,1,0,"b) NIE","b) NIE",3510
"156","https://fedrowanie.siecobywatelska.pl/sprawy/wnioski-o-informacje-w-2025-1779","DĘBOWIEC","samorząd gminy","gmina wiejska","Śląskie","Cieszyński","Dębowiec","Śląskie / Cieszyński / Dębowiec (2403062, gmina wiejska)",60,60,0,"N/A",0,0,0,"b) NIE","b) NIE",5770
"210","https://fedrowanie.siecobywatelska.pl/sprawy/wnioski-o-informacje-w-2025-1381","DĘBOWIEC","samorząd gminy","gmina wiejska","Podkarpackie","Jasielski","Dębowiec","Podkarpackie / Jasielski / Dębowiec (1805032, gmina wiejska)",87,87,1,"[g]",1,1,0,"b) NIE","b) NIE",8690
"1149","https://fedrowanie.siecobywatelska.pl/sprawy/wnioski-o-informacje-w-2025-19","DŁUGOŁĘKA","samorząd gminy","gmina wiejska","Dolnośląskie","Wrocławski","Długołęka","Dolnośląskie / Wrocławski / Długołęka (0223022, gmina wiejska)",375,354,29,"[a, e, f]",13,12,0,"b) NIE","b) NIE",45830
"157","https://fedrowanie.siecobywatelska.pl/sprawy/wnioski-o-informacje-w-2025-640","DŁUTÓW","samorząd gminy","gmina wiejska","Łódzkie","Pabianicki","Dłutów","Łódzkie / Pabianicki / Dłutów (1008032, gmina wiejska)",84,84,0,"N/A",0,0,0,"b) NIE","b) NIE",5010
"1808","https://fedrowanie.siecobywatelska.pl/sprawy/wnioski-o-informacje-w-2025-641","DMOSIN","samorząd gminy","gmina wiejska","Łódzkie","Brzeziński","Dmosin","Łódzkie / Brzeziński / Dmosin (1021032, gmina wiejska)",83,83,0,"N/A",0,0,0,"b) NIE","b) NIE",4310
"1822","https://fedrowanie.siecobywatelska.pl/sprawy/wnioski-o-informacje-w-2025-816","DOBCZYCE","samorząd gminy","gmina miejsko-wiejska","Małopolskie","Myślenicki","Dobczyce","Małopolskie / Myślenicki / Dobczyce (1209013, gmina miejsko-wiejska)",104,104,0,"N/A",0,0,0,"b) NIE","a) TAK",15580
"2226","https://fedrowanie.siecobywatelska.pl/sprawy/wnioski-o-informacje-w-2025-540","DOBIEGNIEW","samorząd gminy","gmina miejsko-wiejska","Lubuskie","Strzelecko-Drezdenecki","Dobiegniew","Lubuskie / Strzelecko-Drezdenecki / Dobiegniew (0806013, gmina miejsko-wiejska)",109,109,0,"N/A",0,0,0,"b) NIE","b) NIE",6050
"1162","https://fedrowanie.siecobywatelska.pl/sprawy/wnioski-o-informacje-w-2025-817","DOBRA","samorząd gminy","gmina wiejska","Małopolskie","Limanowski","Dobra","Małopolskie / Limanowski / Dobra (1207032, gmina wiejska)",89,89,0,"N/A",0,0,0,"a) TAK","b) NIE",10120
"1977","https://fedrowanie.siecobywatelska.pl/sprawy/wnioski-o-informacje-w-2025-2168","DOBRA","samorząd gminy","gmina miejsko-wiejska","Wielkopolskie","Turecki","Dobra","Wielkopolskie / Turecki / Dobra (3027033, gmina miejsko-wiejska)",76,76,0,"N/A",0,0,0,"b) NIE","b) NIE",5670
"1131","https://fedrowanie.siecobywatelska.pl/sprawy/wnioski-o-informacje-w-2025-2391","DOBRA","samorząd gminy","gmina miejsko-wiejska","Zachodniopomorskie","Łobeski","Dobra","Zachodniopomorskie / Łobeski / Dobra (3218013, gmina miejsko-wiejska)",53,52,0,"[c]",0,0,0,"b) NIE","b) NIE",3800
"1132","https://fedrowanie.siecobywatelska.pl/sprawy/wnioski-o-informacje-w-2025-2392","DOBRA SZCZECIŃSKA","samorząd gminy","gmina wiejska","Zachodniopomorskie","Policki","Dobra (Szczecińska)","Zachodniopomorskie / Policki / Dobra (Szczecińska) (3211012, gmina wiejska)",220,212,9,"[e, f, g]",1,3,0,"b) NIE","b) NIE",31570
"1480","https://fedrowanie.siecobywatelska.pl/sprawy/wnioski-o-informacje-w-2025-203","DOBRCZ","samorząd gminy","gmina wiejska","Kujawsko-Pomorskie","Bydgoski","Dobrcz","Kujawsko-Pomorskie / Bydgoski / Dobrcz (0403032, gmina wiejska)",182,"BD",0,"N/A",0,0,0,"b) NIE","b) NIE",13100
"1417","https://fedrowanie.siecobywatelska.pl/sprawy/wnioski-o-informacje-w-2025-204","DOBRE","samorząd gminy","gmina wiejska","Kujawsko-Pomorskie","Radziejowski","Dobre","Kujawsko-Pomorskie / Radziejowski / Dobre (0411032, gmina wiejska)",81,81,0,"N/A",0,0,0,"b) NIE","b) NIE",4760
"2242","https://fedrowanie.siecobywatelska.pl/sprawy/wnioski-o-informacje-w-2025-1009","DOBRE","samorząd gminy","gmina miejsko-wiejska","Mazowieckie","Miński","Dobre","Mazowieckie / Miński / Dobre (1412063, gmina miejsko-wiejska)",125,113,12,"N/A","BD","BD","BD","b) NIE","b) NIE",5830
"2198","https://fedrowanie.siecobywatelska.pl/sprawy/wnioski-o-informacje-w-2025-2039","DOBRE MIASTO","samorząd gminy","gmina miejsko-wiejska","Warmińsko-Mazurskie","Olsztyński","Dobre Miasto","Warmińsko-Mazurskie / Olsztyński / Dobre Miasto (2814033, gmina miejsko-wiejska)",127,126,1,"[g]",1,0,0,"b) NIE","b) NIE",14890
"2444","https://fedrowanie.siecobywatelska.pl/sprawy/wnioski-o-informacje-w-2025-1292","DOBRODZIEŃ","samorząd gminy","gmina miejsko-wiejska","Opolskie","Oleski","Dobrodzień","Opolskie / Oleski / Dobrodzień (1608013, gmina miejsko-wiejska)",81,81,0,"N/A",0,0,0,"b) NIE","b) NIE",9080
"1592","https://fedrowanie.siecobywatelska.pl/sprawy/wnioski-o-informacje-w-2025-20","DOBROMIERZ","samorząd gminy","gmina wiejska","Dolnośląskie","Świdnicki","Dobromierz","Dolnośląskie / Świdnicki / Dobromierz (0219032, gmina wiejska)",90,90,1,"[i]",3,0,0,"b) NIE","b) NIE",4780
"1133","https://fedrowanie.siecobywatelska.pl/sprawy/wnioski-o-informacje-w-2025-642","DOBROŃ","samorząd gminy","gmina wiejska","Łódzkie","Pabianicki","Dobroń","Łódzkie / Pabianicki / Dobroń (1008042, gmina wiejska)",52,52,0,"N/A",0,0,0,"b) NIE","b) NIE",8170
"2461","https://fedrowanie.siecobywatelska.pl/sprawy/wnioski-o-informacje-w-2025-643","DOBRYSZYCE","samorząd gminy","gmina wiejska","Łódzkie","Radomszczański","Dobryszyce","Łódzkie / Radomszczański / Dobryszyce (1012022, gmina wiejska)",65,65,3,"[a]",0,0,0,"b) NIE","b) NIE",4700
"839","https://fedrowanie.siecobywatelska.pl/sprawy/wnioski-o-informacje-w-2025-2393","DOBRZANY","samorząd gminy","gmina miejsko-wiejska","Zachodniopomorskie","Stargardzki","Dobrzany","Zachodniopomorskie / Stargardzki / Dobrzany (3214033, gmina miejsko-wiejska)",56,56,0,"N/A",0,0,0,"b) NIE","b) NIE",4400
"1134","https://fedrowanie.siecobywatelska.pl/sprawy/wnioski-o-informacje-w-2025-1293","DOBRZEŃ WIELKI","samorząd gminy","gmina wiejska","Opolskie","Opolski","Dobrzeń Wielki","Opolskie / Opolski / Dobrzeń Wielki (1609032, gmina wiejska)",79,79,0,"N/A",0,0,0,"b) NIE","b) NIE",9150
"7993","https://fedrowanie.siecobywatelska.pl/sprawy/wnioski-o-informacje-w-2025-2169","DOBRZYCA","samorząd gminy","gmina miejsko-wiejska","Wielkopolskie","Pleszewski","Dobrzyca","Wielkopolskie / Pleszewski / Dobrzyca (3020033, gmina miejsko-wiejska)",77,76,1,"[b]",0,0,0,"b) NIE","a) TAK",7460
"538","https://fedrowanie.siecobywatelska.pl/sprawy/wnioski-o-informacje-w-2025-1532","DOBRZYNIEWO DUŻE","samorząd gminy","gmina wiejska","Podlaskie","Białostocki","Dobrzyniewo Duże","Podlaskie / Białostocki / Dobrzyniewo Duże (2002032, gmina wiejska)",86,81,1,"[d, c, f]",0,0,0,"b) NIE","b) NIE",10770
"841","https://fedrowanie.siecobywatelska.pl/sprawy/wnioski-o-informacje-w-2025-2394","DOLICE","samorząd gminy","gmina wiejska","Zachodniopomorskie","Stargardzki","Dolice","Zachodniopomorskie / Stargardzki / Dolice (3214042, gmina wiejska)",68,53,0,"[c, a, b]",0,0,0,"b) NIE","b) NIE",6890
"2120","https://fedrowanie.siecobywatelska.pl/sprawy/wnioski-o-informacje-w-2025-2170","DOLSK","samorząd gminy","gmina miejsko-wiejska","Wielkopolskie","Śremski","Dolsk","Wielkopolskie / Śremski / Dolsk (3026023, gmina miejsko-wiejska)",75,74,0,"N/A",2,1,0,"b) NIE","b) NIE",5760
"840","https://fedrowanie.siecobywatelska.pl/sprawy/wnioski-o-informacje-w-2025-340","DOŁHOBYCZÓW","samorząd gminy","gmina wiejska","Lubelskie","Hrubieszowski","Dołhobyczów","Lubelskie / Hrubieszowski / Dołhobyczów (0604022, gmina wiejska)",99,99,0,"N/A",0,0,0,"b) NIE","b) NIE",4470
"1809","https://fedrowanie.siecobywatelska.pl/sprawy/wnioski-o-informacje-w-2025-1010","DOMANICE","samorząd gminy","gmina wiejska","Mazowieckie","Siedlecki","Domanice","Mazowieckie / Siedlecki / Domanice (1426012, gmina wiejska)",87,87,0,"N/A",0,0,0,"b) NIE","b) NIE",2470
"1810","https://fedrowanie.siecobywatelska.pl/sprawy/wnioski-o-informacje-w-2025-644","DOMANIEWICE","samorząd gminy","gmina wiejska","Łódzkie","Łowicki","Domaniewice","Łódzkie / Łowicki / Domaniewice (1005042, gmina wiejska)",57,57,0,"N/A",0,0,0,"b) NIE","b) NIE",4510
"1737","https://fedrowanie.siecobywatelska.pl/sprawy/wnioski-o-informacje-w-2025-22","DOMANIÓW","samorząd gminy","gmina wiejska","Dolnośląskie","Oławski","Domaniów","Dolnośląskie / Oławski / Domaniów (0215022, gmina wiejska)",80,80,0,"N/A",0,0,0,"b) NIE","b) NIE",4800
"212","https://fedrowanie.siecobywatelska.pl/sprawy/wnioski-o-informacje-w-2025-1382","DOMARADZ","samorząd gminy","gmina wiejska","Podkarpackie","Brzozowski","Domaradz","Podkarpackie / Brzozowski / Domaradz (1802022, gmina wiejska)",86,85,0,"N/A",0,0,0,"b) NIE","b) NIE",5740
"1135","https://fedrowanie.siecobywatelska.pl/sprawy/wnioski-o-informacje-w-2025-1294","DOMASZOWICE","samorząd gminy","gmina wiejska","Opolskie","Namysłowski","Domaszowice","Opolskie / Namysłowski / Domaszowice (1606012, gmina wiejska)",78,78,0,"N/A",0,0,0,"b) NIE","b) NIE",3350
"2227","https://fedrowanie.siecobywatelska.pl/sprawy/wnioski-o-informacje-w-2025-2171","DOMINOWO","samorząd gminy","gmina wiejska","Wielkopolskie","Średzki","Dominowo","Wielkopolskie / Średzki / Dominowo (3025012, gmina wiejska)",53,53,0,"N/A",0,0,0,"b) NIE","b) NIE",3540
"159","https://fedrowanie.siecobywatelska.pl/sprawy/wnioski-o-informacje-w-2025-341","DOROHUSK","samorząd gminy","gmina wiejska","Lubelskie","Chełmski","Dorohusk","Lubelskie / Chełmski / Dorohusk (0603042, gmina wiejska)",25,25,0,"N/A",0,0,0,"b) NIE","BD",5690
"1137","https://fedrowanie.siecobywatelska.pl/sprawy/wnioski-o-informacje-w-2025-2173","DORUCHÓW","samorząd gminy","gmina wiejska","Wielkopolskie","Ostrzeszowski","Doruchów","Wielkopolskie / Ostrzeszowski / Doruchów (3018022, gmina wiejska)",43,43,0,"N/A",0,0,0,"b) NIE","b) NIE",4980
"1811","https://fedrowanie.siecobywatelska.pl/sprawy/wnioski-o-informacje-w-2025-206","DRAGACZ","samorząd gminy","gmina wiejska","Kujawsko-Pomorskie","Świecki","Dragacz","Kujawsko-Pomorskie / Świecki / Dragacz (0414022, gmina wiejska)",84,84,0,"N/A",0,0,0,"b) NIE","a) TAK",6760
"1163","https://fedrowanie.siecobywatelska.pl/sprawy/wnioski-o-informacje-w-2025-2174","DRAWSKO","samorząd gminy","gmina wiejska","Wielkopolskie","Czarnkowsko-Trzcianecki","Drawsko","Wielkopolskie / Czarnkowsko-Trzcianecki / Drawsko (3002032, gmina wiejska)",82,79,3,"[a, c, f]",0,0,0,"b) NIE","b) NIE",5510
"1138","https://fedrowanie.siecobywatelska.pl/sprawy/wnioski-o-informacje-w-2025-2396","DRAWSKO POMORSKIE","samorząd gminy","gmina miejsko-wiejska","Zachodniopomorskie","Drawski","Drawsko Pomorskie","Zachodniopomorskie / Drawski / Drawsko Pomorskie (3203023, gmina miejsko-wiejska)",87,87,0,"[i]",6,0,0,"b) NIE","b) NIE",16040
"160","https://fedrowanie.siecobywatelska.pl/sprawy/wnioski-o-informacje-w-2025-342","DRELÓW","samorząd gminy","gmina wiejska","Lubelskie","Bialski","Drelów","Lubelskie / Bialski / Drelów (0601042, gmina wiejska)",21,21,0,"N/A",0,0,0,"b) NIE","b) NIE",4930
"2121","https://fedrowanie.siecobywatelska.pl/sprawy/wnioski-o-informacje-w-2025-541","DREZDENKO","samorząd gminy","gmina miejsko-wiejska","Lubuskie","Strzelecko-Drezdenecki","Drezdenko","Lubuskie / Strzelecko-Drezdenecki / Drezdenko (0806023, gmina miejsko-wiejska)",144,137,1,"[b, c, d]",0,0,0,"a) TAK","a) TAK",15980
"2104","https://fedrowanie.siecobywatelska.pl/sprawy/wnioski-o-informacje-w-2025-1011","DROBIN","samorząd gminy","gmina miejsko-wiejska","Mazowieckie","Płocki","Drobin","Mazowieckie / Płocki / Drobin (1419053, gmina miejsko-wiejska)",66,66,0,"N/A",0,0,0,"b) NIE","b) NIE",7110
"842","https://fedrowanie.siecobywatelska.pl/sprawy/wnioski-o-informacje-w-2025-645","DRUŻBICE","samorząd gminy","gmina wiejska","Łódzkie","Bełchatowski","Drużbice","Łódzkie / Bełchatowski / Drużbice (1001032, gmina wiejska)",134,130,3,"[a, d, f]",1,1,0,"b) NIE","b) NIE",5270
"2465","https://fedrowanie.siecobywatelska.pl/sprawy/wnioski-o-informacje-w-2025-818","DRWINIA","samorząd gminy","gmina wiejska","Małopolskie","Bocheński","Drwinia","Małopolskie / Bocheński / Drwinia (1201032, gmina wiejska)",109,109,0,"N/A",0,0,0,"b) NIE","b) NIE",6240
"1867","https://fedrowanie.siecobywatelska.pl/sprawy/wnioski-o-informacje-w-2025-646","DRZEWICA","samorząd gminy","gmina miejsko-wiejska","Łódzkie","Opoczyński","Drzewica","Łódzkie / Opoczyński / Drzewica (1007023, gmina miejsko-wiejska)",58,58,0,"N/A",0,0,0,"b) NIE","b) NIE",9580
"1139","https://fedrowanie.siecobywatelska.pl/sprawy/wnioski-o-informacje-w-2025-207","DRZYCIM","samorząd gminy","gmina wiejska","Kujawsko-Pomorskie","Świecki","Drzycim","Kujawsko-Pomorskie / Świecki / Drzycim (0414032, gmina wiejska)",73,72,0,"[a]",0,0,0,"b) NIE","b) NIE",4730
"1489","https://fedrowanie.siecobywatelska.pl/sprawy/wnioski-o-informacje-w-2025-2040","DUBENINKI","samorząd gminy","gmina wiejska","Warmińsko-Mazurskie","Gołdapski","Dubeninki","Warmińsko-Mazurskie / Gołdapski / Dubeninki (2818022, gmina wiejska)",39,39,0,"N/A",0,0,0,"a) TAK","b) NIE",2500
"213","https://fedrowanie.siecobywatelska.pl/sprawy/wnioski-o-informacje-w-2025-1534","DUBICZE CERKIEWNE","samorząd gminy","gmina wiejska","Podlaskie","Hajnowski","Dubicze Cerkiewne","Podlaskie / Hajnowski / Dubicze Cerkiewne (2005052, gmina wiejska)",81,81,0,"N/A",0,0,0,"b) NIE","b) NIE",1260
"1813","https://fedrowanie.siecobywatelska.pl/sprawy/wnioski-o-informacje-w-2025-1383","DUBIECKO","samorząd gminy","gmina miejsko-wiejska","Podkarpackie","Przemyski","Dubiecko","Podkarpackie / Przemyski / Dubiecko (1813023, gmina miejsko-wiejska)",26,25,1,"[g]",1,0,0,"b) NIE","b) NIE",8510
"214","https://fedrowanie.siecobywatelska.pl/sprawy/wnioski-o-informacje-w-2025-343","DUBIENKA","samorząd gminy","gmina wiejska","Lubelskie","Chełmski","Dubienka","Lubelskie / Chełmski / Dubienka (0603052, gmina wiejska)",84,84,0,"N/A",0,0,0,"b) NIE","b) NIE",1990
"215","https://fedrowanie.siecobywatelska.pl/sprawy/wnioski-o-informacje-w-2025-1384","DUKLA","samorząd gminy","gmina miejsko-wiejska","Podkarpackie","Krośnieński","Dukla","Podkarpackie / Krośnieński / Dukla (1807023, gmina miejsko-wiejska)",83,83,0,"N/A",0,0,0,"b) NIE","a) TAK",13610
"106","https://fedrowanie.siecobywatelska.pl/sprawy/wnioski-o-informacje-w-2025-23","DUSZNIKI-ZDRÓJ","samorząd gminy","gmina miejska","Dolnośląskie","Kłodzki","Duszniki-Zdrój","Dolnośląskie / Kłodzki / Duszniki-Zdrój (0208011, gmina miejska)",103,102,1,"[b]",0,1,0,"b) NIE","a) TAK",3780
"2229","https://fedrowanie.siecobywatelska.pl/sprawy/wnioski-o-informacje-w-2025-1938","DWIKOZY","samorząd gminy","gmina wiejska","Świętokrzyskie","Sandomierski","Dwikozy","Świętokrzyskie / Sandomierski / Dwikozy (2609022, gmina wiejska)",60,57,0,"[f]",0,0,0,"b) NIE","b) NIE",7960
"2243","https://fedrowanie.siecobywatelska.pl/sprawy/wnioski-o-informacje-w-2025-1385","DYDNIA","samorząd gminy","gmina wiejska","Podkarpackie","Brzozowski","Dydnia","Podkarpackie / Brzozowski / Dydnia (1802032, gmina wiejska)",77,77,0,"N/A",0,0,0,"b) NIE","b) NIE",7400
"152","https://fedrowanie.siecobywatelska.pl/sprawy/wnioski-o-informacje-w-2025-2397","DYGOWO","samorząd gminy","gmina wiejska","Zachodniopomorskie","Kołobrzeski","Dygowo","Zachodniopomorskie / Kołobrzeski / Dygowo (3208022, gmina wiejska)",91,91,0,"N/A",0,0,0,"a) TAK","b) NIE",5240
"2230","https://fedrowanie.siecobywatelska.pl/sprawy/wnioski-o-informacje-w-2025-1387","DYNÓW","samorząd gminy","gmina wiejska","Podkarpackie","Rzeszowski","Dynów","Podkarpackie / Rzeszowski / Dynów (1816052, gmina wiejska)",59,59,0,"N/A",0,0,0,"b) NIE","b) NIE",6520
"2413","https://fedrowanie.siecobywatelska.pl/sprawy/wnioski-o-informacje-w-2025-1386","DYNÓW","samorząd gminy","gmina miejska","Podkarpackie","Rzeszowski","Dynów","Podkarpackie / Rzeszowski / Dynów (1816011, gmina miejska)",88,86,3,"[f]",0,1,0,"b) NIE","b) NIE",5930
"1593","https://fedrowanie.siecobywatelska.pl/sprawy/wnioski-o-informacje-w-2025-2041","DYWITY","samorząd gminy","gmina wiejska","Warmińsko-Mazurskie","Olsztyński","Dywity","Warmińsko-Mazurskie / Olsztyński / Dywity (2814042, gmina wiejska)",72,68,7,"[f]",0,0,0,"a) TAK","a) TAK",14160
"1814","https://fedrowanie.siecobywatelska.pl/sprawy/wnioski-o-informacje-w-2025-1535","DZIADKOWICE","samorząd gminy","gmina wiejska","Podlaskie","Siemiatycki","Dziadkowice","Podlaskie / Siemiatycki / Dziadkowice (2010032, gmina wiejska)",106,104,0,"[f]",0,0,0,"b) NIE","b) NIE",2440
"2193","https://fedrowanie.siecobywatelska.pl/sprawy/wnioski-o-informacje-w-2025-24","DZIADOWA KŁODA","samorząd gminy","gmina wiejska","Dolnośląskie","Oleśnicki","Dziadowa Kłoda","Dolnośląskie / Oleśnicki / Dziadowa Kłoda (0214042, gmina wiejska)",60,60,0,"[a, b]",0,0,0,"b) NIE","b) NIE",4610
"1418","https://fedrowanie.siecobywatelska.pl/sprawy/wnioski-o-informacje-w-2025-2043","DZIAŁDOWO","samorząd gminy","gmina wiejska","Warmińsko-Mazurskie","Działdowski","Działdowo","Warmińsko-Mazurskie / Działdowski / Działdowo (2803022, gmina wiejska)",88,88,0,"N/A",0,0,0,"b) NIE","b) NIE",9540
"2095","https://fedrowanie.siecobywatelska.pl/sprawy/wnioski-o-informacje-w-2025-2042","DZIAŁDOWO","samorząd gminy","gmina miejska","Warmińsko-Mazurskie","Działdowski","Działdowo","Warmińsko-Mazurskie / Działdowski / Działdowo (2803011, gmina miejska)",87,81,1,"[a, c, i]",0,0,0,"b) NIE","b) NIE",19780
"216","https://fedrowanie.siecobywatelska.pl/sprawy/wnioski-o-informacje-w-2025-1939","DZIAŁOSZYCE","samorząd gminy","gmina miejsko-wiejska","Świętokrzyskie","Pińczowski","Działoszyce","Świętokrzyskie / Pińczowski / Działoszyce (2608013, gmina miejsko-wiejska)",64,56,1,"[b, c, g]",0,0,0,"b) NIE","b) NIE",4410
"174","https://fedrowanie.siecobywatelska.pl/sprawy/wnioski-o-informacje-w-2025-647","DZIAŁOSZYN","samorząd gminy","gmina miejsko-wiejska","Łódzkie","Pajęczański","Działoszyn","Łódzkie / Pajęczański / Działoszyn (1009013, gmina miejsko-wiejska)",128,124,4,"[a, b]",0,0,0,"b) NIE","b) NIE",11260
"1594","https://fedrowanie.siecobywatelska.pl/sprawy/wnioski-o-informacje-w-2025-1652","DZIEMIANY","samorząd gminy","gmina wiejska","Pomorskie","Kościerski","Dziemiany","Pomorskie / Kościerski / Dziemiany (2206022, gmina wiejska)",12,12,0,"N/A",0,0,0,"b) NIE","b) NIE",4450
"163","https://fedrowanie.siecobywatelska.pl/sprawy/wnioski-o-informacje-w-2025-1653","DZIERZGOŃ","samorząd gminy","gmina miejsko-wiejska","Pomorskie","Sztumski","Dzierzgoń","Pomorskie / Sztumski / Dzierzgoń (2216013, gmina miejsko-wiejska)",80,80,0,"N/A",0,0,1,"b) NIE","b) NIE",8400
"1815","https://fedrowanie.siecobywatelska.pl/sprawy/wnioski-o-informacje-w-2025-1013","DZIERZGOWO","samorząd gminy","gmina wiejska","Mazowieckie","Mławski","Dzierzgowo","Mazowieckie / Mławski / Dzierzgowo (1413022, gmina wiejska)",74,74,0,"N/A",0,0,0,"b) NIE","b) NIE",2660
"2423","https://fedrowanie.siecobywatelska.pl/sprawy/wnioski-o-informacje-w-2025-344","DZIERZKOWICE","samorząd gminy","gmina wiejska","Lubelskie","Kraśnicki","Dzierzkowice","Lubelskie / Kraśnicki / Dzierzkowice (0607032, gmina wiejska)",75,75,0,"N/A",0,0,0,"a) TAK","b) NIE",5170
"1005","https://fedrowanie.siecobywatelska.pl/sprawy/wnioski-o-informacje-w-2025-26","Dzierżoniów","samorząd gminy","gmina wiejska","Dolnośląskie","Dzierżoniowski","Dzierżoniów","Dolnośląskie / Dzierżoniowski / Dzierżoniów (0202052, gmina wiejska)",53,"BD",0,"[f, i]",0,0,0,"b) NIE","b) NIE",9010
"131","https://fedrowanie.siecobywatelska.pl/sprawy/wnioski-o-informacje-w-2025-25","DZIERŻONIÓW","samorząd gminy","gmina miejska","Dolnośląskie","Dzierżoniowski","Dzierżoniów","Dolnośląskie / Dzierżoniowski / Dzierżoniów (0202021, gmina miejska)",141,141,0,"N/A",1,0,0,"b) NIE","a) TAK",30010
"1140","https://fedrowanie.siecobywatelska.pl/sprawy/wnioski-o-informacje-w-2025-1388","DZIKOWIEC","samorząd gminy","gmina wiejska","Podkarpackie","Kolbuszowski","Dzikowiec","Podkarpackie / Kolbuszowski / Dzikowiec (1806062, gmina wiejska)",108,103,0,"[a, b, c]",0,0,0,"b) NIE","b) NIE",6240
"1141","https://fedrowanie.siecobywatelska.pl/sprawy/wnioski-o-informacje-w-2025-2398","DZIWNÓW","samorząd gminy","gmina miejsko-wiejska","Zachodniopomorskie","Kamieński","Dziwnów","Zachodniopomorskie / Kamieński / Dziwnów (3207013, gmina miejsko-wiejska)",76,73,1,"[i]",0,0,0,"b) NIE","a) TAK",3490
"1816","https://fedrowanie.siecobywatelska.pl/sprawy/wnioski-o-informacje-w-2025-345","DZWOLA","samorząd gminy","gmina wiejska","Lubelskie","Janowski","Dzwola","Lubelskie / Janowski / Dzwola (0605032, gmina wiejska)","BD",73,0,"N/A",0,0,0,"b) NIE","b) NIE",5760
"495","https://fedrowanie.siecobywatelska.pl/sprawy/wnioski-o-informacje-w-2025-2044","DŹWIERZUTY","samorząd gminy","gmina wiejska","Warmińsko-Mazurskie","Szczycieński","Dźwierzuty","Warmińsko-Mazurskie / Szczycieński / Dźwierzuty (2817022, gmina wiejska)",127,125,2,"[a]",0,0,0,"b) NIE","b) NIE",5730
"2096","https://fedrowanie.siecobywatelska.pl/sprawy/wnioski-o-informacje-w-2025-2046","Elbląg","miasto na prawach powiatu","miasto na prawach powiatu","Warmińsko-Mazurskie","Elbląg",,"Warmińsko-Mazurskie / Elbląg (2861, miasto na prawach powiatu)",233,231,2,"[f, i]",0,1,0,"b) NIE","b) NIE",111090
"2503","https://fedrowanie.siecobywatelska.pl/sprawy/wnioski-o-informacje-w-2025-2045","ELBLĄG","samorząd gminy","gmina wiejska","Warmińsko-Mazurskie","Elbląski","Elbląg","Warmińsko-Mazurskie / Elbląski / Elbląg (2804012, gmina wiejska)",47,47,0,"N/A",0,0,0,"b) NIE","b) NIE",7660
"2056","https://fedrowanie.siecobywatelska.pl/sprawy/wnioski-o-informacje-w-2025-2047","EŁK","samorząd gminy","gmina miejska","Warmińsko-Mazurskie","Ełcki","Ełk","Warmińsko-Mazurskie / Ełcki / Ełk (2805011, gmina miejska)",140,119,0,"[a, b, c]",0,0,0,"b) NIE","b) NIE",58890
"217","https://fedrowanie.siecobywatelska.pl/sprawy/wnioski-o-informacje-w-2025-208","FABIANKI","samorząd gminy","gmina wiejska","Kujawsko-Pomorskie","Włocławski","Fabianki","Kujawsko-Pomorskie / Włocławski / Fabianki (0418072, gmina wiejska)",76,73,3,"[a, c, i]",0,0,0,"b) NIE","b) NIE",10390
"1142","https://fedrowanie.siecobywatelska.pl/sprawy/wnioski-o-informacje-w-2025-346","FAJSŁAWICE","samorząd gminy","gmina wiejska","Lubelskie","Krasnostawski","Fajsławice","Lubelskie / Krasnostawski / Fajsławice (0606022, gmina wiejska)",67,67,0,"N/A",0,0,0,"b) NIE","b) NIE",4370
"410","https://fedrowanie.siecobywatelska.pl/sprawy/wnioski-o-informacje-w-2025-1940","FAŁKÓW","samorząd gminy","gmina wiejska","Świętokrzyskie","Konecki","Fałków","Świętokrzyskie / Konecki / Fałków (2605012, gmina wiejska)",57,57,0,"N/A",0,0,0,"b) NIE","b) NIE",3840
"168","https://fedrowanie.siecobywatelska.pl/sprawy/wnioski-o-informacje-w-2025-347","FIRLEJ","samorząd gminy","gmina wiejska","Lubelskie","Lubartowski","Firlej","Lubelskie / Lubartowski / Firlej (0608032, gmina wiejska)",116,116,0,"N/A",0,0,0,"b) NIE","b) NIE",5540
"2097","https://fedrowanie.siecobywatelska.pl/sprawy/wnioski-o-informacje-w-2025-348","FRAMPOL","samorząd gminy","gmina miejsko-wiejska","Lubelskie","Biłgorajski","Frampol","Lubelskie / Biłgorajski / Frampol (0602053, gmina miejsko-wiejska)",48,38,0,"[a, c, f]",0,0,0,"b) NIE","b) NIE",5510
"411","https://fedrowanie.siecobywatelska.pl/sprawy/wnioski-o-informacje-w-2025-1389","FREDROPOL","samorząd gminy","gmina wiejska","Podkarpackie","Przemyski","Fredropol","Podkarpackie / Przemyski / Fredropol (1813032, gmina wiejska)",79,55,4,"[a, b, c]","BD",1,0,"b) NIE","b) NIE",5070
"1143","https://fedrowanie.siecobywatelska.pl/sprawy/wnioski-o-informacje-w-2025-2049","FROMBORK","samorząd gminy","gmina miejsko-wiejska","Warmińsko-Mazurskie","Braniewski","Frombork","Warmińsko-Mazurskie / Braniewski / Frombork (2802033, gmina miejsko-wiejska)",82,"BD",0,"[a, b]",0,0,0,"b) NIE","b) NIE",2960
"1144","https://fedrowanie.siecobywatelska.pl/sprawy/wnioski-o-informacje-w-2025-1390","FRYSZTAK","samorząd gminy","gmina wiejska","Podkarpackie","Strzyżowski","Frysztak","Podkarpackie / Strzyżowski / Frysztak (1819022, gmina wiejska)",79,76,1,"[a, f]",0,0,0,"b) NIE","b) NIE",9930
"1738","https://fedrowanie.siecobywatelska.pl/sprawy/wnioski-o-informacje-w-2025-1391","GAĆ","samorząd gminy","gmina wiejska","Podkarpackie","Przeworski","Gać","Podkarpackie / Przeworski / Gać (1814032, gmina wiejska)",66,66,0,"N/A",0,0,0,"b) NIE","b) NIE",4470
"1145","https://fedrowanie.siecobywatelska.pl/sprawy/wnioski-o-informacje-w-2025-648","GALEWICE","samorząd gminy","gmina wiejska","Łódzkie","Wieruszowski","Galewice","Łódzkie / Wieruszowski / Galewice (1018032, gmina wiejska)",86,82,4,"[f]",0,0,0,"b) NIE","b) NIE",6130
"2232","https://fedrowanie.siecobywatelska.pl/sprawy/wnioski-o-informacje-w-2025-1014","GARBATKA-LETNISKO","samorząd gminy","gmina wiejska","Mazowieckie","Kozienicki","Garbatka-Letnisko","Mazowieckie / Kozienicki / Garbatka-Letnisko (1407012, gmina wiejska)",89,88,0,"[a]",0,0,0,"b) NIE","b) NIE",4740
"2098","https://fedrowanie.siecobywatelska.pl/sprawy/wnioski-o-informacje-w-2025-1015","GARWOLIN","samorząd gminy","gmina miejska","Mazowieckie","Garwoliński","Garwolin","Mazowieckie / Garwoliński / Garwolin (1403011, gmina miejska)",83,79,3,"[f, h, g]",0,0,0,"b) NIE","b) NIE",17240
"2233","https://fedrowanie.siecobywatelska.pl/sprawy/wnioski-o-informacje-w-2025-1016","GARWOLIN","samorząd gminy","gmina wiejska","Mazowieckie","Garwoliński","Garwolin","Mazowieckie / Garwoliński / Garwolin (1403042, gmina wiejska)",92,91,0,"N/A",0,0,0,"b) NIE","b) NIE",13490
"1597","https://fedrowanie.siecobywatelska.pl/sprawy/wnioski-o-informacje-w-2025-1780","GASZOWICE","samorząd gminy","gmina wiejska","Śląskie","Rybnicki","Gaszowice","Śląskie / Rybnicki / Gaszowice (2412022, gmina wiejska)","BD",71,0,"N/A",0,0,0,"b) NIE","b) NIE",9950
"1146","https://fedrowanie.siecobywatelska.pl/sprawy/wnioski-o-informacje-w-2025-1392","GAWŁUSZOWICE","samorząd gminy","gmina wiejska","Podkarpackie","Mielecki","Gawłuszowice","Podkarpackie / Mielecki / Gawłuszowice (1811042, gmina wiejska)",88,87,1,"[a]",0,0,0,"b) NIE","b) NIE",2720
"1598","https://fedrowanie.siecobywatelska.pl/sprawy/wnioski-o-informacje-w-2025-27","GAWORZYCE","samorząd gminy","gmina wiejska","Dolnośląskie","Polkowicki","Gaworzyce","Dolnośląskie / Polkowicki / Gaworzyce (0216022, gmina wiejska)",97,96,1,"[a, c, f]",0,1,0,"b) NIE","b) NIE",3690
"1596","https://fedrowanie.siecobywatelska.pl/sprawy/wnioski-o-informacje-w-2025-209","GĄSAWA","samorząd gminy","gmina miejsko-wiejska","Kujawsko-Pomorskie","Żniński","Gąsawa","Kujawsko-Pomorskie / Żniński / Gąsawa (0419023, gmina miejsko-wiejska)",87,87,0,"N/A",0,0,0,"b) NIE","a) TAK",4780
"2099","https://fedrowanie.siecobywatelska.pl/sprawy/wnioski-o-informacje-w-2025-1655","Gdańsk","miasto na prawach powiatu","miasto na prawach powiatu","Pomorskie","Gdańsk",,"Pomorskie / Gdańsk (2261, miasto na prawach powiatu)",1198,"BD",3,"[a, b, c]",4,0,0,"a) TAK","b) NIE",489330
"2234","https://fedrowanie.siecobywatelska.pl/sprawy/wnioski-o-informacje-w-2025-819","GDÓW","samorząd gminy","gmina wiejska","Małopolskie","Wielicki","Gdów","Małopolskie / Wielicki / Gdów (1219022, gmina wiejska)",115,"BD",5,"[f, g, i]",0,1,0,"b) NIE","b) NIE",18750
"171","https://fedrowanie.siecobywatelska.pl/sprawy/wnioski-o-informacje-w-2025-1537","GIBY","samorząd gminy","gmina wiejska","Podlaskie","Sejneński","Giby","Podlaskie / Sejneński / Giby (2009022, gmina wiejska)",71,71,0,"N/A",0,0,0,"b) NIE","b) NIE",2370
"1147","https://fedrowanie.siecobywatelska.pl/sprawy/wnioski-o-informacje-w-2025-649","GIDLE","samorząd gminy","gmina wiejska","Łódzkie","Radomszczański","Gidle","Łódzkie / Radomszczański / Gidle (1012032, gmina wiejska)",84,84,0,"N/A",0,0,0,"b) NIE","b) NIE",5630
"2424","https://fedrowanie.siecobywatelska.pl/sprawy/wnioski-o-informacje-w-2025-1781","GIERAŁTOWICE","samorząd gminy","gmina wiejska","Śląskie","Gliwicki","Gierałtowice","Śląskie / Gliwicki / Gierałtowice (2405032, gmina wiejska)",83,80,0,"[a, b, c]",0,0,0,"b) NIE","b) NIE",12830
"219","https://fedrowanie.siecobywatelska.pl/sprawy/wnioski-o-informacje-w-2025-2050","GIETRZWAŁD","samorząd gminy","gmina wiejska","Warmińsko-Mazurskie","Olsztyński","Gietrzwałd","Warmińsko-Mazurskie / Olsztyński / Gietrzwałd (2814052, gmina wiejska)",113,113,1,"[e, i]",0,0,0,"b) NIE","b) NIE",7020
"1817","https://fedrowanie.siecobywatelska.pl/sprawy/wnioski-o-informacje-w-2025-1782","GILOWICE","samorząd gminy","gmina wiejska","Śląskie","Żywiecki","Gilowice","Śląskie / Żywiecki / Gilowice (2417032, gmina wiejska)",38,36,1,"[b, c]",0,1,0,"a) TAK","b) NIE",6320
"47","https://fedrowanie.siecobywatelska.pl/sprawy/wnioski-o-informacje-w-2025-2176","GIZAŁKI","samorząd gminy","gmina wiejska","Wielkopolskie","Pleszewski","Gizałki","Wielkopolskie / Pleszewski / Gizałki (3020042, gmina wiejska)",111,109,0,"N/A",0,0,0,"b) NIE","b) NIE",4360
"1419","https://fedrowanie.siecobywatelska.pl/sprawy/wnioski-o-informacje-w-2025-2052","GIŻYCKO","samorząd gminy","gmina wiejska","Warmińsko-Mazurskie","Giżycki","Giżycko","Warmińsko-Mazurskie / Giżycki / Giżycko (2806042, gmina wiejska)",79,79,0,"N/A",0,0,0,"b) NIE","b) NIE",9150
"2235","https://fedrowanie.siecobywatelska.pl/sprawy/wnioski-o-informacje-w-2025-2051","GIŻYCKO","samorząd gminy","gmina miejska","Warmińsko-Mazurskie","Giżycki","Giżycko","Warmińsko-Mazurskie / Giżycki / Giżycko (2806011, gmina miejska)","BD","BD","BD","BD","BD","BD",0,"b) NIE","b) NIE",26480
"703","https://fedrowanie.siecobywatelska.pl/sprawy/wnioski-o-informacje-w-2025-1783","Gliwice","miasto na prawach powiatu","miasto na prawach powiatu","Śląskie","Gliwice",,"Śląskie / Gliwice (2466, miasto na prawach powiatu)",497,"BD",14,"[a, b, c]",8,9,0,"b) NIE","b) NIE",166940
"2106","https://fedrowanie.siecobywatelska.pl/sprawy/wnioski-o-informacje-w-2025-28","GŁOGÓW","samorząd gminy","gmina miejska","Dolnośląskie","Głogowski","Głogów","Dolnośląskie / Głogowski / Głogów (0203011, gmina miejska)",77,76,1,"[f]",0,0,0,"b) NIE","b) NIE",60610
"380","https://fedrowanie.siecobywatelska.pl/sprawy/wnioski-o-informacje-w-2025-29","GŁOGÓW","samorząd gminy","gmina wiejska","Dolnośląskie","Głogowski","Głogów","Dolnośląskie / Głogowski / Głogów (0203022, gmina wiejska)",51,51,0,"N/A",0,0,0,"b) NIE","b) NIE",7270
"2123","https://fedrowanie.siecobywatelska.pl/sprawy/wnioski-o-informacje-w-2025-1393","GŁOGÓW MAŁOPOLSKI","samorząd gminy","gmina miejsko-wiejska","Podkarpackie","Rzeszowski","Głogów Małopolski","Podkarpackie / Rzeszowski / Głogów Małopolski (1816063, gmina miejsko-wiejska)",102,90,0,"[a, c, g]",0,0,0,"b) NIE","b) NIE",20470
"553","https://fedrowanie.siecobywatelska.pl/sprawy/wnioski-o-informacje-w-2025-1295","GŁOGÓWEK","samorząd gminy","gmina miejsko-wiejska","Opolskie","Prudnicki","Głogówek","Opolskie / Prudnicki / Głogówek (1610023, gmina miejsko-wiejska)",88,85,0,"N/A",0,0,0,"b) NIE","b) NIE",12340
"2466","https://fedrowanie.siecobywatelska.pl/sprawy/wnioski-o-informacje-w-2025-1020","GŁOWACZÓW","samorząd gminy","gmina miejsko-wiejska","Mazowieckie","Kozienicki","Głowaczów","Mazowieckie / Kozienicki / Głowaczów (1407023, gmina miejsko-wiejska)",31,31,0,"N/A","BD",13,0,"b) NIE","b) NIE",6570
"1599","https://fedrowanie.siecobywatelska.pl/sprawy/wnioski-o-informacje-w-2025-1657","GŁÓWCZYCE","samorząd gminy","gmina wiejska","Pomorskie","Słupski","Główczyce","Pomorskie / Słupski / Główczyce (2212042, gmina wiejska)",78,77,0,"[a]",1,0,0,"b) NIE","b) NIE",8090
"1979","https://fedrowanie.siecobywatelska.pl/sprawy/wnioski-o-informacje-w-2025-1296","GŁUBCZYCE","samorząd gminy","gmina miejsko-wiejska","Opolskie","Głubczycki","Głubczyce","Opolskie / Głubczycki / Głubczyce (1602033, gmina miejsko-wiejska)",52,52,0,"N/A",0,0,0,"b) NIE","b) NIE",20290
"1148","https://fedrowanie.siecobywatelska.pl/sprawy/wnioski-o-informacje-w-2025-1297","GŁUCHOŁAZY","samorząd gminy","gmina miejsko-wiejska","Opolskie","Nyski","Głuchołazy","Opolskie / Nyski / Głuchołazy (1607013, gmina miejsko-wiejska)",168,"BD",0,"[a]",1,0,0,"b) NIE","b) NIE",21790
"2236","https://fedrowanie.siecobywatelska.pl/sprawy/wnioski-o-informacje-w-2025-652","GŁUCHÓW","samorząd gminy","gmina wiejska","Łódzkie","Skierniewicki","Głuchów","Łódzkie / Skierniewicki / Głuchów (1015022, gmina wiejska)",58,58,0,"N/A",0,0,0,"b) NIE","b) NIE",5360
"846","https://fedrowanie.siecobywatelska.pl/sprawy/wnioski-o-informacje-w-2025-30","GŁUSZYCA","samorząd gminy","gmina miejsko-wiejska","Dolnośląskie","Wałbrzyski","Głuszyca","Dolnośląskie / Wałbrzyski / Głuszyca (0221053, gmina miejsko-wiejska)",79,78,1,"[f]",0,0,0,"b) NIE","b) NIE",7870
"881","https://fedrowanie.siecobywatelska.pl/sprawy/wnioski-o-informacje-w-2025-1658","GNIEW","samorząd gminy","gmina miejsko-wiejska","Pomorskie","Tczewski","Gniew","Pomorskie / Tczewski / Gniew (2214023, gmina miejsko-wiejska)",116,110,0,"[a, b, c]",0,0,2,"b) NIE","b) NIE",14030
"435","https://fedrowanie.siecobywatelska.pl/sprawy/wnioski-o-informacje-w-2025-1659","GNIEWINO","samorząd gminy","gmina wiejska","Pomorskie","Wejherowski","Gniewino","Pomorskie / Wejherowski / Gniewino (2215052, gmina wiejska)",80,80,0,"N/A",0,0,0,"b) NIE","b) NIE",7390
"1181","https://fedrowanie.siecobywatelska.pl/sprawy/wnioski-o-informacje-w-2025-210","GNIEWKOWO","samorząd gminy","gmina miejsko-wiejska","Kujawsko-Pomorskie","Inowrocławski","Gniewkowo","Kujawsko-Pomorskie / Inowrocławski / Gniewkowo (0407033, gmina miejsko-wiejska)",108,88,1,"[a, c, i]",0,0,0,"b) NIE","b) NIE",13300
"1044","https://fedrowanie.siecobywatelska.pl/sprawy/wnioski-o-informacje-w-2025-2178","GNIEZNO","samorząd gminy","gmina wiejska","Wielkopolskie","Gnieźnieński","Gniezno","Wielkopolskie / Gnieźnieński / Gniezno (3003032, gmina wiejska)",30,30,0,"N/A",0,0,0,"b) NIE","b) NIE",15210
"436","https://fedrowanie.siecobywatelska.pl/sprawy/wnioski-o-informacje-w-2025-2177","GNIEZNO","samorząd gminy","gmina miejska","Wielkopolskie","Gnieźnieński","Gniezno","Wielkopolskie / Gnieźnieński / Gniezno (3003011, gmina miejska)",113,104,0,"N/A",0,0,0,"b) NIE","b) NIE",62020
"882","https://fedrowanie.siecobywatelska.pl/sprawy/wnioski-o-informacje-w-2025-820","GNOJNIK","samorząd gminy","gmina wiejska","Małopolskie","Brzeski","Gnojnik","Małopolskie / Brzeski / Gnojnik (1202052, gmina wiejska)",123,113,1,"[C, D, F]",1,1,0,"b) NIE","b) NIE",8080
"1739","https://fedrowanie.siecobywatelska.pl/sprawy/wnioski-o-informacje-w-2025-1941","GNOJNO","samorząd gminy","gmina wiejska","Świętokrzyskie","Buski","Gnojno","Świętokrzyskie / Buski / Gnojno (2601022, gmina wiejska)",61,60,0,"[c]",0,0,0,"b) NIE","b) NIE",4160
"230","https://fedrowanie.siecobywatelska.pl/sprawy/wnioski-o-informacje-w-2025-1784","GOCZAŁKOWICE-ZDRÓJ","samorząd gminy","gmina wiejska","Śląskie","Pszczyński","Goczałkowice-Zdrój","Śląskie / Pszczyński / Goczałkowice-Zdrój (2410012, gmina wiejska)",99,97,2,"[f, h]",0,0,0,"b) NIE","a) TAK",6690
"1015","https://fedrowanie.siecobywatelska.pl/sprawy/wnioski-o-informacje-w-2025-2053","GODKOWO","samorząd gminy","gmina wiejska","Warmińsko-Mazurskie","Elbląski","Godkowo","Warmińsko-Mazurskie / Elbląski / Godkowo (2804022, gmina wiejska)",79,79,0,"N/A",0,0,0,"b) NIE","a) TAK",2640
"231","https://fedrowanie.siecobywatelska.pl/sprawy/wnioski-o-informacje-w-2025-1785","GODÓW","samorząd gminy","gmina wiejska","Śląskie","Wodzisławski","Godów","Śląskie / Wodzisławski / Godów (2415052, gmina wiejska)",111,110,1,"[f]",0,0,0,"b) NIE","b) NIE",13660
"232","https://fedrowanie.siecobywatelska.pl/sprawy/wnioski-o-informacje-w-2025-653","GODZIANÓW","samorząd gminy","gmina wiejska","Łódzkie","Skierniewicki","Godzianów","Łódzkie / Skierniewicki / Godzianów (1015032, gmina wiejska)",85,85,0,"N/A",0,0,0,"b) NIE","b) NIE",2560
"437","https://fedrowanie.siecobywatelska.pl/sprawy/wnioski-o-informacje-w-2025-2179","GODZIESZE WIELKIE","samorząd gminy","gmina wiejska","Wielkopolskie","Kaliski","Godziesze Wielkie","Wielkopolskie / Kaliski / Godziesze Wielkie (3007042, gmina wiejska)",54,53,1,"[a, b, c]",0,0,0,"b) NIE","b) NIE",10260
"883","https://fedrowanie.siecobywatelska.pl/sprawy/wnioski-o-informacje-w-2025-351","GODZISZÓW","samorząd gminy","gmina wiejska","Lubelskie","Janowski","Godziszów","Lubelskie / Janowski / Godziszów (0605042, gmina wiejska)","BD",75,0,"N/A",0,0,0,"b) NIE","b) NIE",5360
"2254","https://fedrowanie.siecobywatelska.pl/sprawy/wnioski-o-informacje-w-2025-1298","GOGOLIN","samorząd gminy","gmina miejsko-wiejska","Opolskie","Krapkowicki","Gogolin","Opolskie / Krapkowicki / Gogolin (1605013, gmina miejsko-wiejska)",85,79,2,"[C, D, F]",2,2,0,"b) NIE","b) NIE",11550
"2255","https://fedrowanie.siecobywatelska.pl/sprawy/wnioski-o-informacje-w-2025-2399","GOLCZEWO","samorząd gminy","gmina miejsko-wiejska","Zachodniopomorskie","Kamieński","Golczewo","Zachodniopomorskie / Kamieński / Golczewo (3207023, gmina miejsko-wiejska)",69,67,2,"[a,h]",0,0,0,"b) NIE","a) TAK",5420
"1823","https://fedrowanie.siecobywatelska.pl/sprawy/wnioski-o-informacje-w-2025-2400","GOLENIÓW","samorząd gminy","gmina miejsko-wiejska","Zachodniopomorskie","Goleniowski","Goleniów","Zachodniopomorskie / Goleniowski / Goleniów (3204023, gmina miejsko-wiejska)",240,240,0,"N/A",0,0,0,"b) NIE","b) NIE",37250
"438","https://fedrowanie.siecobywatelska.pl/sprawy/wnioski-o-informacje-w-2025-1786","GOLESZÓW","samorząd gminy","gmina wiejska","Śląskie","Cieszyński","Goleszów","Śląskie / Cieszyński / Goleszów (2403072, gmina wiejska)",86,86,0,"N/A",0,0,0,"b) NIE","b) NIE",13020
"439","https://fedrowanie.siecobywatelska.pl/sprawy/wnioski-o-informacje-w-2025-2180","GOLINA","samorząd gminy","gmina miejsko-wiejska","Wielkopolskie","Koniński","Golina","Wielkopolskie / Koniński / Golina (3010013, gmina miejsko-wiejska)",77,77,0,"N/A",1,0,0,"b) NIE","b) NIE",12460
"1980","https://fedrowanie.siecobywatelska.pl/sprawy/wnioski-o-informacje-w-2025-211","GOLUB-DOBRZYŃ","samorząd gminy","gmina miejska","Kujawsko-Pomorskie","Golubsko-Dobrzyński","Golub-Dobrzyń","Kujawsko-Pomorskie / Golubsko-Dobrzyński / Golub-Dobrzyń (0405011, gmina miejska)",81,81,0,"N/A",0,0,0,"b) NIE","b) NIE",10950
"884","https://fedrowanie.siecobywatelska.pl/sprawy/wnioski-o-informacje-w-2025-212","GOLUB-DOBRZYŃ","samorząd gminy","gmina wiejska","Kujawsko-Pomorskie","Golubsko-Dobrzyński","Golub-Dobrzyń","Kujawsko-Pomorskie / Golubsko-Dobrzyński / Golub-Dobrzyń (0405032, gmina wiejska)",28,28,1,"[i]",0,0,0,"b) NIE","b) NIE",8890
"649","https://fedrowanie.siecobywatelska.pl/sprawy/wnioski-o-informacje-w-2025-2181","GOŁAŃCZ","samorząd gminy","gmina miejsko-wiejska","Wielkopolskie","Wągrowiecki","Gołańcz","Wielkopolskie / Wągrowiecki / Gołańcz (3028033, gmina miejsko-wiejska)",108,108,0,"N/A",0,0,0,"b) NIE","b) NIE",7600
"687","https://fedrowanie.siecobywatelska.pl/sprawy/wnioski-o-informacje-w-2025-2054","GOŁDAP","samorząd gminy","gmina miejsko-wiejska","Warmińsko-Mazurskie","Gołdapski","Gołdap","Warmińsko-Mazurskie / Gołdapski / Gołdap (2818033, gmina miejsko-wiejska)",107,82,2,"[a, b, c]",0,0,0,"a) TAK","b) NIE",18760
"1183","https://fedrowanie.siecobywatelska.pl/sprawy/wnioski-o-informacje-w-2025-2182","GOŁUCHÓW","samorząd gminy","gmina wiejska","Wielkopolskie","Pleszewski","Gołuchów","Wielkopolskie / Pleszewski / Gołuchów (3020052, gmina wiejska)",79,75,1,"[a, c, h]",0,0,0,"b) NIE","b) NIE",10980
"1609","https://fedrowanie.siecobywatelska.pl/sprawy/wnioski-o-informacje-w-2025-654","GOMUNICE","samorząd gminy","gmina wiejska","Łódzkie","Radomszczański","Gomunice","Łódzkie / Radomszczański / Gomunice (1012042, gmina wiejska)",72,70,1,"[e]",0,0,0,"b) NIE","a) TAK",5580
"2431","https://fedrowanie.siecobywatelska.pl/sprawy/wnioski-o-informacje-w-2025-1538","GONIĄDZ","samorząd gminy","gmina miejsko-wiejska","Podlaskie","Moniecki","Goniądz","Podlaskie / Moniecki / Goniądz (2008013, gmina miejsko-wiejska)",91,91,0,"N/A",0,0,0,"b) NIE","b) NIE",4450
"441","https://fedrowanie.siecobywatelska.pl/sprawy/wnioski-o-informacje-w-2025-352","GORAJ","samorząd gminy","gmina miejsko-wiejska","Lubelskie","Biłgorajski","Goraj","Lubelskie / Biłgorajski / Goraj (0602063, gmina miejsko-wiejska)",79,79,0,"N/A",0,0,0,"b) NIE","b) NIE",3780
"2057","https://fedrowanie.siecobywatelska.pl/sprawy/wnioski-o-informacje-w-2025-822","GORLICE","samorząd gminy","gmina miejska","Małopolskie","Gorlicki","Gorlice","Małopolskie / Gorlicki / Gorlice (1205011, gmina miejska)",124,121,3,"[b]",0,0,0,"b) NIE","a) TAK",24830
"235","https://fedrowanie.siecobywatelska.pl/sprawy/wnioski-o-informacje-w-2025-655","GORZKOWICE","samorząd gminy","gmina wiejska","Łódzkie","Piotrkowski","Gorzkowice","Łódzkie / Piotrkowski / Gorzkowice (1010032, gmina wiejska)",99,99,0,"N/A",0,0,0,"b) NIE","b) NIE",8070
"234","https://fedrowanie.siecobywatelska.pl/sprawy/wnioski-o-informacje-w-2025-353","GORZKÓW","samorząd gminy","gmina wiejska","Lubelskie","Krasnostawski","Gorzków","Lubelskie / Krasnostawski / Gorzków (0606032, gmina wiejska)",74,74,0,"N/A",1,0,0,"b) NIE","b) NIE",3130
"548","https://fedrowanie.siecobywatelska.pl/sprawy/wnioski-o-informacje-w-2025-542","Gorzów Wielkopolski","miasto na prawach powiatu","miasto na prawach powiatu","Lubuskie","Gorzów Wielkopolski",,"Lubuskie / Gorzów Wielkopolski (0861, miasto na prawach powiatu)",449,413,13,"[a, b, c]",1,5,0,"a) TAK","b) NIE",113570
"442","https://fedrowanie.siecobywatelska.pl/sprawy/wnioski-o-informacje-w-2025-1787","GORZYCE","samorząd gminy","gmina wiejska","Śląskie","Wodzisławski","Gorzyce","Śląskie / Wodzisławski / Gorzyce (2415062, gmina wiejska)",100,98,0,"[a, i]",0,0,0,"b) NIE","b) NIE",21150
"511","https://fedrowanie.siecobywatelska.pl/sprawy/wnioski-o-informacje-w-2025-1394","GORZYCE","samorząd gminy","gmina wiejska","Podkarpackie","Tarnobrzeski","Gorzyce","Podkarpackie / Tarnobrzeski / Gorzyce (1820022, gmina wiejska)",100,100,0,"N/A",0,0,0,"b) NIE","a) TAK",12410
"444","https://fedrowanie.siecobywatelska.pl/sprawy/wnioski-o-informacje-w-2025-213","GOSTYCYN","samorząd gminy","gmina wiejska","Kujawsko-Pomorskie","Tucholski","Gostycyn","Kujawsko-Pomorskie / Tucholski / Gostycyn (0416022, gmina wiejska)",70,70,0,"N/A",0,0,0,"b) NIE","b) NIE",4840
"1603","https://fedrowanie.siecobywatelska.pl/sprawy/wnioski-o-informacje-w-2025-1024","GOSTYNIN","samorząd gminy","gmina wiejska","Mazowieckie","Gostyniński","Gostynin","Mazowieckie / Gostyniński / Gostynin (1404022, gmina wiejska)",85,85,0,"N/A",0,0,0,"b) NIE","b) NIE",11590
"1983","https://fedrowanie.siecobywatelska.pl/sprawy/wnioski-o-informacje-w-2025-1023","GOSTYNIN","samorząd gminy","gmina miejska","Mazowieckie","Gostyniński","Gostynin","Mazowieckie / Gostyniński / Gostynin (1404011, gmina miejska)",110,105,5,"[f]",0,0,1,"b) NIE","a) TAK",16460
"1982","https://fedrowanie.siecobywatelska.pl/sprawy/wnioski-o-informacje-w-2025-2183","GOSTYŃ","samorząd gminy","gmina miejsko-wiejska","Wielkopolskie","Gostyński","Gostyń","Wielkopolskie / Gostyński / Gostyń (3004023, gmina miejsko-wiejska)",107,89,1,"[a, c]",0,0,0,"b) NIE","a) TAK",27490
"885","https://fedrowanie.siecobywatelska.pl/sprawy/wnioski-o-informacje-w-2025-656","GOSZCZANÓW","samorząd gminy","gmina wiejska","Łódzkie","Sieradzki","Goszczanów","Łódzkie / Sieradzki / Goszczanów (1014062, gmina wiejska)",36,36,0,"N/A",0,0,0,"b) NIE","b) NIE",4930
"445","https://fedrowanie.siecobywatelska.pl/sprawy/wnioski-o-informacje-w-2025-1025","GOSZCZYN","samorząd gminy","gmina wiejska","Mazowieckie","Grójecki","Goszczyn","Mazowieckie / Grójecki / Goszczyn (1406042, gmina wiejska)",70,70,0,"N/A",0,0,0,"b) NIE","b) NIE",2840
"714","https://fedrowanie.siecobywatelska.pl/sprawy/wnioski-o-informacje-w-2025-354","GOŚCIERADÓW","samorząd gminy","gmina wiejska","Lubelskie","Kraśnicki","Gościeradów","Lubelskie / Kraśnicki / Gościeradów (0607042, gmina wiejska)",78,78,0,"N/A",0,0,0,"b) NIE","b) NIE",6620
"446","https://fedrowanie.siecobywatelska.pl/sprawy/wnioski-o-informacje-w-2025-1942","GOWARCZÓW","samorząd gminy","gmina miejsko-wiejska","Świętokrzyskie","Konecki","Gowarczów","Świętokrzyskie / Konecki / Gowarczów (2605023, gmina miejsko-wiejska)",52,52,0,"N/A",0,0,0,"b) NIE","b) NIE",4310
"447","https://fedrowanie.siecobywatelska.pl/sprawy/wnioski-o-informacje-w-2025-1026","GOWOROWO","samorząd gminy","gmina wiejska","Mazowieckie","Ostrołęcki","Goworowo","Mazowieckie / Ostrołęcki / Goworowo (1415042, gmina wiejska)",123,122,2,"[a, g, i]",1,2,3,"b) NIE","b) NIE",7750
"746","https://fedrowanie.siecobywatelska.pl/sprawy/wnioski-o-informacje-w-2025-31","GÓRA","samorząd gminy","gmina miejsko-wiejska","Dolnośląskie","Górowski","Góra","Dolnośląskie / Górowski / Góra (0204013, gmina miejsko-wiejska)",150,149,0,"[a]",3,0,0,"b) NIE","b) NIE",18080
"1185","https://fedrowanie.siecobywatelska.pl/sprawy/wnioski-o-informacje-w-2025-657","GÓRA ŚW. MAŁGORZATY","samorząd gminy","gmina wiejska","Łódzkie","Łęczycki","Góra Świętej Małgorzaty","Łódzkie / Łęczycki / Góra Świętej Małgorzaty (1004032, gmina wiejska)",59,59,0,"N/A",0,0,0,"b) NIE","b) NIE",4190
"233","https://fedrowanie.siecobywatelska.pl/sprawy/wnioski-o-informacje-w-2025-1943","GÓRNO","samorząd gminy","gmina wiejska","Świętokrzyskie","Kielecki","Górno","Świętokrzyskie / Kielecki / Górno (2604062, gmina wiejska)",116,115,1,"[c, h]",0,0,"BD","b) NIE","a) TAK",15300
"1818","https://fedrowanie.siecobywatelska.pl/sprawy/wnioski-o-informacje-w-2025-2056","GÓROWO IŁAWECKIE","samorząd gminy","gmina wiejska","Warmińsko-Mazurskie","Bartoszycki","Górowo Iławeckie","Warmińsko-Mazurskie / Bartoszycki / Górowo Iławeckie (2801052, gmina wiejska)",80,80,0,"N/A",0,0,0,"b) NIE","b) NIE",5970
"2256","https://fedrowanie.siecobywatelska.pl/sprawy/wnioski-o-informacje-w-2025-214","GÓRZNO","samorząd gminy","gmina miejsko-wiejska","Kujawsko-Pomorskie","Brodnicki","Górzno","Kujawsko-Pomorskie / Brodnicki / Górzno (0402053, gmina miejsko-wiejska)",88,87,0,"N/A",1,0,0,"b) NIE","b) NIE",3660
"1187","https://fedrowanie.siecobywatelska.pl/sprawy/wnioski-o-informacje-w-2025-544","GÓRZYCA","samorząd gminy","gmina wiejska","Lubuskie","Słubicki","Górzyca","Lubuskie / Słubicki / Górzyca (0805022, gmina wiejska)",92,92,0,"N/A",1,"BD",0,"b) NIE","b) NIE",4060
"1188","https://fedrowanie.siecobywatelska.pl/sprawy/wnioski-o-informacje-w-2025-1030","GÓZD","samorząd gminy","gmina wiejska","Mazowieckie","Radomski","Gózd","Mazowieckie / Radomski / Gózd (1425022, gmina wiejska)",75,75,0,"N/A",0,0,0,"b) NIE","b) NIE",9740
"2426","https://fedrowanie.siecobywatelska.pl/sprawy/wnioski-o-informacje-w-2025-658","GRABICA","samorząd gminy","gmina wiejska","Łódzkie","Piotrkowski","Grabica","Łódzkie / Piotrkowski / Grabica (1010042, gmina wiejska)",87,87,0,"N/A",0,0,0,"b) NIE","a) TAK",6060
"236","https://fedrowanie.siecobywatelska.pl/sprawy/wnioski-o-informacje-w-2025-355","GRABOWIEC","samorząd gminy","gmina wiejska","Lubelskie","Zamojski","Grabowiec","Lubelskie / Zamojski / Grabowiec (0620022, gmina wiejska)",77,77,0,"N/A",0,0,0,"b) NIE","b) NIE",3460
"1819","https://fedrowanie.siecobywatelska.pl/sprawy/wnioski-o-informacje-w-2025-1539","GRABOWO","samorząd gminy","gmina wiejska","Podlaskie","Kolneński","Grabowo","Podlaskie / Kolneński / Grabowo (2006022, gmina wiejska)",60,60,0,"N/A",0,0,0,"b) NIE","b) NIE",3140
"449","https://fedrowanie.siecobywatelska.pl/sprawy/wnioski-o-informacje-w-2025-659","GRABÓW","samorząd gminy","gmina miejsko-wiejska","Łódzkie","Łęczycki","Grabów","Łódzkie / Łęczycki / Grabów (1004043, gmina miejsko-wiejska)",172,172,0,"N/A",0,0,0,"b) NIE","b) NIE",5210
"448","https://fedrowanie.siecobywatelska.pl/sprawy/wnioski-o-informacje-w-2025-1031","GRABÓW n. PILICĄ","samorząd gminy","gmina wiejska","Mazowieckie","Kozienicki","Grabów Nad Pilicą","Mazowieckie / Kozienicki / Grabów Nad Pilicą (1407042, gmina wiejska)",74,74,0,"N/A",0,0,0,"b) NIE","b) NIE",4080
"2258","https://fedrowanie.siecobywatelska.pl/sprawy/wnioski-o-informacje-w-2025-2184","GRABÓW NAD PROSNĄ","samorząd gminy","gmina miejsko-wiejska","Wielkopolskie","Ostrzeszowski","Grabów Nad Prosną","Wielkopolskie / Ostrzeszowski / Grabów Nad Prosną (3018033, gmina miejsko-wiejska)",86,86,0,"N/A",0,0,0,"b) NIE","b) NIE",7670
"39927","https://fedrowanie.siecobywatelska.pl/sprawy/wnioski-o-informacje-w-2025-1540","GRABÓWKA","samorząd gminy","gmina wiejska","Podlaskie","Białostocki","Grabówka","Podlaskie / Białostocki / Grabówka (2002162, gmina wiejska)",55,54,1,"[f]",0,0,0,"b) NIE","b) NIE",10850
"1024","https://fedrowanie.siecobywatelska.pl/sprawy/wnioski-o-informacje-w-2025-1541","Grajewo","samorząd gminy","gmina miejska","Podlaskie","Grajewski","Grajewo","Podlaskie / Grajewski / Grajewo (2004011, gmina miejska)",96,88,0,"[a, c]",0,0,0,"b) NIE","b) NIE",20550
"1820","https://fedrowanie.siecobywatelska.pl/sprawy/wnioski-o-informacje-w-2025-1542","GRAJEWO","samorząd gminy","gmina wiejska","Podlaskie","Grajewski","Grajewo","Podlaskie / Grajewski / Grajewo (2004022, gmina wiejska)",69,69,0,"N/A",0,0,0,"b) NIE","b) NIE",5360
"454","https://fedrowanie.siecobywatelska.pl/sprawy/wnioski-o-informacje-w-2025-2185","GRANOWO","samorząd gminy","gmina wiejska","Wielkopolskie","Grodziski","Granowo","Wielkopolskie / Grodziski / Granowo (3005012, gmina wiejska)",76,76,0,"N/A",0,0,0,"b) NIE","b) NIE",5020
"237","https://fedrowanie.siecobywatelska.pl/sprawy/wnioski-o-informacje-w-2025-1032","GRĘBKÓW","samorząd gminy","gmina wiejska","Mazowieckie","Węgrowski","Grębków","Mazowieckie / Węgrowski / Grębków (1433022, gmina wiejska)",64,64,0,"N/A",0,0,0,"b) NIE","b) NIE",4220
"1189","https://fedrowanie.siecobywatelska.pl/sprawy/wnioski-o-informacje-w-2025-32","GRĘBOCICE","samorząd gminy","gmina wiejska","Dolnośląskie","Polkowicki","Grębocice","Dolnośląskie / Polkowicki / Grębocice (0216032, gmina wiejska)",91,91,0,"N/A",0,0,0,"b) NIE","b) NIE",5290
"1741","https://fedrowanie.siecobywatelska.pl/sprawy/wnioski-o-informacje-w-2025-824","GRĘBOSZÓW","samorząd gminy","gmina wiejska","Małopolskie","Dąbrowski","Gręboszów","Małopolskie / Dąbrowski / Gręboszów (1204032, gmina wiejska)",118,118,0,"N/A",0,0,0,"a) TAK","a) TAK",3110
"1190","https://fedrowanie.siecobywatelska.pl/sprawy/wnioski-o-informacje-w-2025-1300","GRODKÓW","samorząd gminy","gmina miejsko-wiejska","Opolskie","Brzeski","Grodków","Opolskie / Brzeski / Grodków (1601033, gmina miejsko-wiejska)",33,33,0,"N/A",0,0,0,"b) NIE","b) NIE",17550
"1611","https://fedrowanie.siecobywatelska.pl/sprawy/wnioski-o-informacje-w-2025-2057","GRODZICZNO","samorząd gminy","gmina wiejska","Warmińsko-Mazurskie","Nowomiejski","Grodziczno","Warmińsko-Mazurskie / Nowomiejski / Grodziczno (2812032, gmina wiejska)",93,93,0,"N/A",0,0,0,"b) NIE","a) TAK",5750
"1191","https://fedrowanie.siecobywatelska.pl/sprawy/wnioski-o-informacje-w-2025-2186","GRODZIEC","samorząd gminy","gmina wiejska","Wielkopolskie","Koniński","Grodziec","Wielkopolskie / Koniński / Grodziec (3010022, gmina wiejska)",76,76,0,"N/A",0,0,0,"b) NIE","a) TAK",4880
"2259","https://fedrowanie.siecobywatelska.pl/sprawy/wnioski-o-informacje-w-2025-1033","GRODZISK MAZOWIECKI","samorząd gminy","gmina miejsko-wiejska","Mazowieckie","Grodziski","Grodzisk Mazowiecki","Mazowieckie / Grodziski / Grodzisk Mazowiecki (1405043, gmina miejsko-wiejska)",364,364,0,"N/A",0,0,0,"b) NIE","b) NIE",57390
"451","https://fedrowanie.siecobywatelska.pl/sprawy/wnioski-o-informacje-w-2025-2187","GRODZISK WIELKOPOLSKI","samorząd gminy","gmina miejsko-wiejska","Wielkopolskie","Grodziski","Grodzisk Wielkopolski","Wielkopolskie / Grodziski / Grodzisk Wielkopolski (3005023, gmina miejsko-wiejska)",121,121,1,"[a]",0,0,0,"b) NIE","b) NIE",20320
"1192","https://fedrowanie.siecobywatelska.pl/sprawy/wnioski-o-informacje-w-2025-1396","GRODZISKO DOLNE","samorząd gminy","gmina wiejska","Podkarpackie","Leżajski","Grodzisko Dolne","Podkarpackie / Leżajski / Grodzisko Dolne (1808022, gmina wiejska)",78,78,0,"N/A",0,0,0,"b) NIE","b) NIE",7660
"239","https://fedrowanie.siecobywatelska.pl/sprawy/wnioski-o-informacje-w-2025-33","GROMADKA","samorząd gminy","gmina wiejska","Dolnośląskie","Bolesławiecki","Gromadka","Dolnośląskie / Bolesławiecki / Gromadka (0201032, gmina wiejska)",52,48,0,"[b]",0,0,0,"b) NIE","b) NIE",4920
"1612","https://fedrowanie.siecobywatelska.pl/sprawy/wnioski-o-informacje-w-2025-825","GROMNIK","samorząd gminy","gmina wiejska","Małopolskie","Tarnowski","Gromnik","Małopolskie / Tarnowski / Gromnik (1216022, gmina wiejska)",82,82,0,"N/A",0,0,0,"b) NIE","b) NIE",8750
"412","https://fedrowanie.siecobywatelska.pl/sprawy/wnioski-o-informacje-w-2025-2058","GRONOWO ELBLĄSKIE","samorząd gminy","gmina wiejska","Warmińsko-Mazurskie","Elbląski","Gronowo Elbląskie","Warmińsko-Mazurskie / Elbląski / Gronowo Elbląskie (2804032, gmina wiejska)",69,69,0,"N/A",0,0,0,"b) NIE","b) NIE",4710
"886","https://fedrowanie.siecobywatelska.pl/sprawy/wnioski-o-informacje-w-2025-1544","GRÓDEK","samorząd gminy","gmina wiejska","Podlaskie","Białostocki","Gródek","Podlaskie / Białostocki / Gródek (2002042, gmina wiejska)",111,108,0,"[f]",0,0,0,"b) NIE","b) NIE",4760
"238","https://fedrowanie.siecobywatelska.pl/sprawy/wnioski-o-informacje-w-2025-826","GRÓDEK NAD DUNAJCEM","samorząd gminy","gmina wiejska","Małopolskie","Nowosądecki","Gródek Nad Dunajcem","Małopolskie / Nowosądecki / Gródek Nad Dunajcem (1210032, gmina wiejska)",64,64,1,"N/A",0,0,0,"b) NIE","b) NIE",8820
"2260","https://fedrowanie.siecobywatelska.pl/sprawy/wnioski-o-informacje-w-2025-1034","GRÓJEC","samorząd gminy","gmina miejsko-wiejska","Mazowieckie","Grójecki","Grójec","Mazowieckie / Grójecki / Grójec (1406053, gmina miejsko-wiejska)",119,119,0,"N/A",0,0,0,"b) NIE","b) NIE",26180
"240","https://fedrowanie.siecobywatelska.pl/sprawy/wnioski-o-informacje-w-2025-1035","GRUDUSK","samorząd gminy","gmina wiejska","Mazowieckie","Ciechanowski","Grudusk","Mazowieckie / Ciechanowski / Grudusk (1402052, gmina wiejska)",71,67,4,"[b, d]",0,0,0,"b) NIE","b) NIE",3210
"1613","https://fedrowanie.siecobywatelska.pl/sprawy/wnioski-o-informacje-w-2025-215","GRUDZIĄDZ","samorząd gminy","gmina wiejska","Kujawsko-Pomorskie","Grudziądzki","Grudziądz","Kujawsko-Pomorskie / Grudziądzki / Grudziądz (0406012, gmina wiejska)",132,130,2,"[a, b]",0,0,0,"b) NIE","b) NIE",14080
"83","https://fedrowanie.siecobywatelska.pl/sprawy/wnioski-o-informacje-w-2025-216","Grudziądz","miasto na prawach powiatu","miasto na prawach powiatu","Kujawsko-Pomorskie","Grudziądz",,"Kujawsko-Pomorskie / Grudziądz (0462, miasto na prawach powiatu)",163,134,2,"[a, b]",0,1,0,"b) NIE","b) NIE",86810
"413","https://fedrowanie.siecobywatelska.pl/sprawy/wnioski-o-informacje-w-2025-2059","GRUNWALD","samorząd gminy","gmina wiejska","Warmińsko-Mazurskie","Ostródzki","Grunwald","Warmińsko-Mazurskie / Ostródzki / Grunwald (2815032, gmina wiejska)",67,62,5,"[f, g, i]",0,3,0,"b) NIE","BD",4950
"452","https://fedrowanie.siecobywatelska.pl/sprawy/wnioski-o-informacje-w-2025-217","GRUTA","samorząd gminy","gmina wiejska","Kujawsko-Pomorskie","Grudziądzki","Gruta","Kujawsko-Pomorskie / Grudziądzki / Gruta (0406022, gmina wiejska)",81,79,1,"[f, i]",0,0,0,"b) NIE","b) NIE",5920
"1557","https://fedrowanie.siecobywatelska.pl/sprawy/wnioski-o-informacje-w-2025-828","GRYBÓW","samorząd gminy","gmina wiejska","Małopolskie","Nowosądecki","Grybów","Małopolskie / Nowosądecki / Grybów (1210042, gmina wiejska)",93,92,1,"[f]",0,0,0,"b) NIE","b) NIE",25420
"632","https://fedrowanie.siecobywatelska.pl/sprawy/wnioski-o-informacje-w-2025-827","GRYBÓW","samorząd gminy","gmina miejska","Małopolskie","Nowosądecki","Grybów","Małopolskie / Nowosądecki / Grybów (1210011, gmina miejska)",61,61,0,"N/A",0,0,0,"b) NIE","b) NIE",5860
"2261","https://fedrowanie.siecobywatelska.pl/sprawy/wnioski-o-informacje-w-2025-2402","GRYFICE","samorząd gminy","gmina miejsko-wiejska","Zachodniopomorskie","Gryficki","Gryfice","Zachodniopomorskie / Gryficki / Gryfice (3205023, gmina miejsko-wiejska)",182,182,0,"N/A",0,0,0,"b) NIE","b) NIE",22370
"107","https://fedrowanie.siecobywatelska.pl/sprawy/wnioski-o-informacje-w-2025-2403","GRYFINO","samorząd gminy","gmina miejsko-wiejska","Zachodniopomorskie","Gryfiński","Gryfino","Zachodniopomorskie / Gryfiński / Gryfino (3206043, gmina miejsko-wiejska)",124,110,1,"[a, c, f]",1,0,0,"b) NIE","b) NIE",29790
"887","https://fedrowanie.siecobywatelska.pl/sprawy/wnioski-o-informacje-w-2025-34","GRYFÓW ŚLĄSKI","samorząd gminy","gmina miejsko-wiejska","Dolnośląskie","Lwówecki","Gryfów Śląski","Dolnośląskie / Lwówecki / Gryfów Śląski (0212013, gmina miejsko-wiejska)",89,80,6,"[b, f]",0,6,0,"b) NIE","b) NIE",8920
"1743","https://fedrowanie.siecobywatelska.pl/sprawy/wnioski-o-informacje-w-2025-2404","GRZMIĄCA","samorząd gminy","gmina wiejska","Zachodniopomorskie","Szczecinecki","Grzmiąca","Zachodniopomorskie / Szczecinecki / Grzmiąca (3215052, gmina wiejska)",71,63,0,"[a, b, c]",0,0,0,"b) NIE","a) TAK",4180
"1984","https://fedrowanie.siecobywatelska.pl/sprawy/wnioski-o-informacje-w-2025-546","GUBIN","samorząd gminy","gmina miejska","Lubuskie","Krośnieński","Gubin","Lubuskie / Krośnieński / Gubin (0802011, gmina miejska)",88,88,0,"[a, c]",0,0,0,"b) NIE","b) NIE",15210
"2244","https://fedrowanie.siecobywatelska.pl/sprawy/wnioski-o-informacje-w-2025-545","GUBIN","samorząd gminy","gmina wiejska","Lubuskie","Krośnieński","Gubin","Lubuskie / Krośnieński / Gubin (0802052, gmina wiejska)",75,75,0,"N/A",0,0,0,"b) NIE","b) NIE",7130
"1821","https://fedrowanie.siecobywatelska.pl/sprawy/wnioski-o-informacje-w-2025-1036","GZY","samorząd gminy","gmina wiejska","Mazowieckie","Pułtuski","Gzy","Mazowieckie / Pułtuski / Gzy (1424012, gmina wiejska)",77,74,0,"[f, i]",0,0,0,"b) NIE","b) NIE",3470
"241","https://fedrowanie.siecobywatelska.pl/sprawy/wnioski-o-informacje-w-2025-1397","HACZÓW","samorząd gminy","gmina wiejska","Podkarpackie","Brzozowski","Haczów","Podkarpackie / Brzozowski / Haczów (1802042, gmina wiejska)",66,62,1,"[b, d]",0,0,0,"b) NIE","b) NIE",8910
"225","https://fedrowanie.siecobywatelska.pl/sprawy/wnioski-o-informacje-w-2025-1546","HAJNÓWKA","samorząd gminy","gmina wiejska","Podlaskie","Hajnowski","Hajnówka","Podlaskie / Hajnowski / Hajnówka (2005062, gmina wiejska)",83,83,1,"N/A",0,0,0,"b) NIE","BD",3570
"455","https://fedrowanie.siecobywatelska.pl/sprawy/wnioski-o-informacje-w-2025-1545","Hajnówka","samorząd gminy","gmina miejska","Podlaskie","Hajnowski","Hajnówka","Podlaskie / Hajnowski / Hajnówka (2005011, gmina miejska)",123,109,5,"[a]",4,5,0,"b) NIE","b) NIE",18450
"457","https://fedrowanie.siecobywatelska.pl/sprawy/wnioski-o-informacje-w-2025-1037","HALINÓW","samorząd gminy","gmina miejsko-wiejska","Mazowieckie","Miński","Halinów","Mazowieckie / Miński / Halinów (1412073, gmina miejsko-wiejska)",142,137,5,"[f]",0,0,0,"b) NIE","b) NIE",18390
"226","https://fedrowanie.siecobywatelska.pl/sprawy/wnioski-o-informacje-w-2025-356","HANNA","samorząd gminy","gmina wiejska","Lubelskie","Włodawski","Hanna","Lubelskie / Włodawski / Hanna (0619022, gmina wiejska)",58,58,0,"N/A",0,0,0,"a) TAK","b) NIE",2390
"242","https://fedrowanie.siecobywatelska.pl/sprawy/wnioski-o-informacje-w-2025-357","HAŃSK","samorząd gminy","gmina wiejska","Lubelskie","Włodawski","Hańsk","Lubelskie / Włodawski / Hańsk (0619032, gmina wiejska)",97,97,0,"N/A",0,0,0,"b) NIE","b) NIE",3340
"458","https://fedrowanie.siecobywatelska.pl/sprawy/wnioski-o-informacje-w-2025-1398","HARASIUKI","samorząd gminy","gmina wiejska","Podkarpackie","Niżański","Harasiuki","Podkarpackie / Niżański / Harasiuki (1812012, gmina wiejska)",31,31,0,"N/A",1,0,0,"b) NIE","b) NIE",5590
"1614","https://fedrowanie.siecobywatelska.pl/sprawy/wnioski-o-informacje-w-2025-1788","HAŻLACH","samorząd gminy","gmina wiejska","Śląskie","Cieszyński","Hażlach","Śląskie / Cieszyński / Hażlach (2403082, gmina wiejska)",93,86,1,"[A, c, h]",0,0,0,"b) NIE","b) NIE",10760
"1513","https://fedrowanie.siecobywatelska.pl/sprawy/wnioski-o-informacje-w-2025-1660","HEL","samorząd gminy","gmina miejska","Pomorskie","Pucki","Hel","Pomorskie / Pucki / Hel (2211011, gmina miejska)",73,72,1,"[f]",0,1,0,"b) NIE","b) NIE",2670
"243","https://fedrowanie.siecobywatelska.pl/sprawy/wnioski-o-informacje-w-2025-1789","HERBY","samorząd gminy","gmina wiejska","Śląskie","Lubliniecki","Herby","Śląskie / Lubliniecki / Herby (2407042, gmina wiejska)",83,82,0,"N/A",0,0,0,"a) TAK","b) NIE",6310
"1615","https://fedrowanie.siecobywatelska.pl/sprawy/wnioski-o-informacje-w-2025-358","HORODŁO","samorząd gminy","gmina wiejska","Lubelskie","Hrubieszowski","Horodło","Lubelskie / Hrubieszowski / Horodło (0604032, gmina wiejska)",57,57,0,"N/A",0,0,0,"b) NIE","b) NIE",4640
"1193","https://fedrowanie.siecobywatelska.pl/sprawy/wnioski-o-informacje-w-2025-1399","HORYNIEC-ZDRÓJ","samorząd gminy","gmina wiejska","Podkarpackie","Lubaczowski","Horyniec-Zdrój","Podkarpackie / Lubaczowski / Horyniec-Zdrój (1809032, gmina wiejska)",51,51,0,"N/A",0,0,0,"b) NIE","b) NIE",4080
"633","https://fedrowanie.siecobywatelska.pl/sprawy/wnioski-o-informacje-w-2025-359","HRUBIESZÓW","samorząd gminy","gmina miejska","Lubelskie","Hrubieszowski","Hrubieszów","Lubelskie / Hrubieszowski / Hrubieszów (0604011, gmina miejska)",91,88,1,"[h, i]",0,1,0,"b) NIE","a) TAK",15420
"2469","https://fedrowanie.siecobywatelska.pl/sprawy/wnioski-o-informacje-w-2025-1038","HUSZLEW","samorząd gminy","gmina wiejska","Mazowieckie","Łosicki","Huszlew","Mazowieckie / Łosicki / Huszlew (1410012, gmina wiejska)",73,73,0,"N/A",0,0,0,"b) NIE","b) NIE",2570
"1195","https://fedrowanie.siecobywatelska.pl/sprawy/wnioski-o-informacje-w-2025-1400","HYŻNE","samorząd gminy","gmina wiejska","Podkarpackie","Rzeszowski","Hyżne","Podkarpackie / Rzeszowski / Hyżne (1816072, gmina wiejska)",110,108,1,"[a, c, f]",0,0,0,"b) NIE","b) NIE",6930
"142","https://fedrowanie.siecobywatelska.pl/sprawy/wnioski-o-informacje-w-2025-2061","IŁAWA","samorząd gminy","gmina wiejska","Warmińsko-Mazurskie","Iławski","Iława","Warmińsko-Mazurskie / Iławski / Iława (2807032, gmina wiejska)",74,62,3,"[a, c, e]",0,0,0,"b) NIE","b) NIE",13320
"2073","https://fedrowanie.siecobywatelska.pl/sprawy/wnioski-o-informacje-w-2025-2060","IŁAWA","samorząd gminy","gmina miejska","Warmińsko-Mazurskie","Iławski","Iława","Warmińsko-Mazurskie / Iławski / Iława (2807011, gmina miejska)",125,113,1,"[c]",0,0,0,"b) NIE","b) NIE",31800
"460","https://fedrowanie.siecobywatelska.pl/sprawy/wnioski-o-informacje-w-2025-547","IŁOWA","samorząd gminy","gmina miejsko-wiejska","Lubuskie","Żagański","Iłowa","Lubuskie / Żagański / Iłowa (0810043, gmina miejsko-wiejska)",87,87,0,"N/A",0,0,0,"b) NIE","b) NIE",6220
"1016","https://fedrowanie.siecobywatelska.pl/sprawy/wnioski-o-informacje-w-2025-2062","IŁOWO-OSADA","samorząd gminy","gmina wiejska","Warmińsko-Mazurskie","Działdowski","Iłowo-Osada","Warmińsko-Mazurskie / Działdowski / Iłowo-Osada (2803032, gmina wiejska)",83,83,0,"N/A",0,0,0,"b) NIE","b) NIE",6560
"461","https://fedrowanie.siecobywatelska.pl/sprawy/wnioski-o-informacje-w-2025-1040","IŁŻA","samorząd gminy","gmina miejsko-wiejska","Mazowieckie","Radomski","Iłża","Mazowieckie / Radomski / Iłża (1425033, gmina miejsko-wiejska)",93,93,0,"N/A",0,0,0,"b) NIE","b) NIE",13240
"108","https://fedrowanie.siecobywatelska.pl/sprawy/wnioski-o-informacje-w-2025-1790","IMIELIN","samorząd gminy","gmina miejska","Śląskie","Bieruńsko-Lędziński","Imielin","Śląskie / Bieruńsko-Lędziński / Imielin (2414021, gmina miejska)",150,"BD",8,"[b, c]",2,1,0,"b) NIE","b) NIE",9470
"1831","https://fedrowanie.siecobywatelska.pl/sprawy/wnioski-o-informacje-w-2025-1944","IMIELNO","samorząd gminy","gmina wiejska","Świętokrzyskie","Jędrzejowski","Imielno","Świętokrzyskie / Jędrzejowski / Imielno (2602012, gmina wiejska)",55,53,2,"[i]",0,0,0,"b) NIE","b) NIE",4120
"1197","https://fedrowanie.siecobywatelska.pl/sprawy/wnioski-o-informacje-w-2025-660","INOWŁÓDZ","samorząd gminy","gmina miejsko-wiejska","Łódzkie","Tomaszowski","Inowłódz","Łódzkie / Tomaszowski / Inowłódz (1016053, gmina miejsko-wiejska)",83,83,0,"N/A",0,0,0,"a) TAK","b) NIE",3610
"1198","https://fedrowanie.siecobywatelska.pl/sprawy/wnioski-o-informacje-w-2025-219","INOWROCŁAW","samorząd gminy","gmina wiejska","Kujawsko-Pomorskie","Inowrocławski","Inowrocław","Kujawsko-Pomorskie / Inowrocławski / Inowrocław (0407042, gmina wiejska)",76,74,2,"[f]",0,0,0,"b) NIE","b) NIE",11930
"2262","https://fedrowanie.siecobywatelska.pl/sprawy/wnioski-o-informacje-w-2025-218","INOWROCŁAW","samorząd gminy","gmina miejska","Kujawsko-Pomorskie","Inowrocławski","Inowrocław","Kujawsko-Pomorskie / Inowrocławski / Inowrocław (0407011, gmina miejska)",235,232,3,"[a, c, f]",0,0,0,"a) TAK","b) NIE",65740
"2263","https://fedrowanie.siecobywatelska.pl/sprawy/wnioski-o-informacje-w-2025-2405","IŃSKO","samorząd gminy","gmina miejsko-wiejska","Zachodniopomorskie","Stargardzki","Ińsko","Zachodniopomorskie / Stargardzki / Ińsko (3214053, gmina miejsko-wiejska)",93,92,1,"[a]",0,0,0,"b) NIE","BD",2950
"1199","https://fedrowanie.siecobywatelska.pl/sprawy/wnioski-o-informacje-w-2025-1791","IRZĄDZE","samorząd gminy","gmina wiejska","Śląskie","Zawierciański","Irządze","Śląskie / Zawierciański / Irządze (2416032, gmina wiejska)",55,55,0,"N/A",0,0,0,"b) NIE","b) NIE",2480
"2366","https://fedrowanie.siecobywatelska.pl/sprawy/wnioski-o-informacje-w-2025-1792","ISTEBNA","samorząd gminy","gmina wiejska","Śląskie","Cieszyński","Istebna","Śląskie / Cieszyński / Istebna (2403092, gmina wiejska)",105,98,3,"[a, d, i]",0,0,0,"b) NIE","b) NIE",12190
"1745","https://fedrowanie.siecobywatelska.pl/sprawy/wnioski-o-informacje-w-2025-1945","IWANISKA","samorząd gminy","gmina miejsko-wiejska","Świętokrzyskie","Opatowski","Iwaniska","Świętokrzyskie / Opatowski / Iwaniska (2606023, gmina miejsko-wiejska)",46,46,0,"N/A",0,0,0,"a) TAK","b) NIE",5950
"244","https://fedrowanie.siecobywatelska.pl/sprawy/wnioski-o-informacje-w-2025-830","IWANOWICE","samorząd gminy","gmina wiejska","Małopolskie","Krakowski","Iwanowice","Małopolskie / Krakowski / Iwanowice (1206032, gmina wiejska)",80,79,0,"N/A",0,0,0,"b) NIE","b) NIE",9860
"245","https://fedrowanie.siecobywatelska.pl/sprawy/wnioski-o-informacje-w-2025-1401","IWIERZYCE","samorząd gminy","gmina wiejska","Podkarpackie","Ropczycko-Sędziszowski","Iwierzyce","Podkarpackie / Ropczycko-Sędziszowski / Iwierzyce (1815012, gmina wiejska)",79,79,0,"N/A",2,3,0,"b) NIE","b) NIE",7760
"1834","https://fedrowanie.siecobywatelska.pl/sprawy/wnioski-o-informacje-w-2025-831","IWKOWA","samorząd gminy","gmina wiejska","Małopolskie","Brzeski","Iwkowa","Małopolskie / Brzeski / Iwkowa (1202062, gmina wiejska)",97,97,0,"N/A",0,0,0,"b) NIE","b) NIE",6660
"888","https://fedrowanie.siecobywatelska.pl/sprawy/wnioski-o-informacje-w-2025-1402","IWONICZ-ZDRÓJ","samorząd gminy","gmina miejsko-wiejska","Podkarpackie","Krośnieński","Iwonicz-Zdrój","Podkarpackie / Krośnieński / Iwonicz-Zdrój (1807033, gmina miejsko-wiejska)",37,37,0,"N/A",0,0,0,"b) NIE","b) NIE",10060
"510","https://fedrowanie.siecobywatelska.pl/sprawy/wnioski-o-informacje-w-2025-1041","IZABELIN","samorząd gminy","gmina wiejska","Mazowieckie","Warszawski Zachodni","Izabelin","Mazowieckie / Warszawski Zachodni / Izabelin (1432022, gmina wiejska)",59,59,0,"N/A",0,0,0,"a) TAK","b) NIE",10670
"1835","https://fedrowanie.siecobywatelska.pl/sprawy/wnioski-o-informacje-w-2025-360","IZBICA","samorząd gminy","gmina miejsko-wiejska","Lubelskie","Krasnostawski","Izbica","Lubelskie / Krasnostawski / Izbica (0606043, gmina miejsko-wiejska)",51,51,0,"N/A",0,0,0,"b) NIE","b) NIE",7510
"625","https://fedrowanie.siecobywatelska.pl/sprawy/wnioski-o-informacje-w-2025-1301","IZBICKO","samorząd gminy","gmina wiejska","Opolskie","Strzelecki","Izbicko","Opolskie / Strzelecki / Izbicko (1611012, gmina wiejska)",10,10,0,"N/A",0,0,0,"b) NIE","b) NIE",5320
"1200","https://fedrowanie.siecobywatelska.pl/sprawy/wnioski-o-informacje-w-2025-832","JABŁONKA","samorząd gminy","gmina wiejska","Małopolskie","Nowotarski","Jabłonka","Małopolskie / Nowotarski / Jabłonka (1211052, gmina wiejska)",128,126,0,"N/A",1,0,0,"b) NIE","a) TAK",19290
"1201","https://fedrowanie.siecobywatelska.pl/sprawy/wnioski-o-informacje-w-2025-1042","JABŁONNA","samorząd gminy","gmina wiejska","Mazowieckie","Legionowski","Jabłonna","Mazowieckie / Legionowski / Jabłonna (1408022, gmina wiejska)",167,146,12,"[a, f, h]",1,0,0,"b) NIE","a) TAK",23960
"514","https://fedrowanie.siecobywatelska.pl/sprawy/wnioski-o-informacje-w-2025-361","JABŁONNA","samorząd gminy","gmina wiejska","Lubelskie","Lubelski","Jabłonna","Lubelskie / Lubelski / Jabłonna (0609062, gmina wiejska)",96,86,1,"[b]",0,0,0,"b) NIE","a) TAK",8390
"515","https://fedrowanie.siecobywatelska.pl/sprawy/wnioski-o-informacje-w-2025-1043","JABŁONNA LACKA","samorząd gminy","gmina wiejska","Mazowieckie","Sokołowski","Jabłonna Lacka","Mazowieckie / Sokołowski / Jabłonna Lacka (1429042, gmina wiejska)",84,84,0,"N/A",0,0,0,"b) NIE","b) NIE",3930
"889","https://fedrowanie.siecobywatelska.pl/sprawy/wnioski-o-informacje-w-2025-221","JABŁONOWO POMORSKIE","samorząd gminy","gmina miejsko-wiejska","Kujawsko-Pomorskie","Brodnicki","Jabłonowo Pomorskie","Kujawsko-Pomorskie / Brodnicki / Jabłonowo Pomorskie (0402073, gmina miejsko-wiejska)",95,97,0,"[c]",0,0,0,"b) NIE","a) TAK",8280
"1836","https://fedrowanie.siecobywatelska.pl/sprawy/wnioski-o-informacje-w-2025-362","JABŁOŃ","samorząd gminy","gmina wiejska","Lubelskie","Parczewski","Jabłoń","Lubelskie / Parczewski / Jabłoń (0613022, gmina wiejska)",115,115,0,"N/A",0,0,0,"b) NIE","b) NIE",3400
"517","https://fedrowanie.siecobywatelska.pl/sprawy/wnioski-o-informacje-w-2025-1044","JADÓW","samorząd gminy","gmina miejsko-wiejska","Mazowieckie","Wołomiński","Jadów","Mazowieckie / Wołomiński / Jadów (1434063, gmina miejsko-wiejska)",68,68,0,"N/A",0,0,0,"b) NIE","b) NIE",6930
"1202","https://fedrowanie.siecobywatelska.pl/sprawy/wnioski-o-informacje-w-2025-1045","JAKTORÓW","samorząd gminy","gmina wiejska","Mazowieckie","Grodziski","Jaktorów","Mazowieckie / Grodziski / Jaktorów (1405052, gmina wiejska)",101,99,2,"[f, i]",0,1,0,"b) NIE","b) NIE",13820
"518","https://fedrowanie.siecobywatelska.pl/sprawy/wnioski-o-informacje-w-2025-222","JANIKOWO","samorząd gminy","gmina miejsko-wiejska","Kujawsko-Pomorskie","Inowrocławski","Janikowo","Kujawsko-Pomorskie / Inowrocławski / Janikowo (0407053, gmina miejsko-wiejska)",64,64,0,"N/A",0,0,0,"b) NIE","b) NIE",12180
"248","https://fedrowanie.siecobywatelska.pl/sprawy/wnioski-o-informacje-w-2025-35","JANOWICE WIELKIE","samorząd gminy","gmina wiejska","Dolnośląskie","Karkonoski","Janowice Wielkie","Dolnośląskie / Karkonoski / Janowice Wielkie (0206052, gmina wiejska)",8,8,0,"N/A",0,0,0,"b) NIE","b) NIE",4020
"1204","https://fedrowanie.siecobywatelska.pl/sprawy/wnioski-o-informacje-w-2025-363","JANOWIEC","samorząd gminy","gmina wiejska","Lubelskie","Puławski","Janowiec","Lubelskie / Puławski / Janowiec (0614032, gmina wiejska)",86,"BD",0,"N/A",0,0,1,"b) NIE","b) NIE",3530
"1203","https://fedrowanie.siecobywatelska.pl/sprawy/wnioski-o-informacje-w-2025-2063","JANOWIEC KOŚCIELNY","samorząd gminy","gmina wiejska","Warmińsko-Mazurskie","Nidzicki","Janowiec Kościelny","Warmińsko-Mazurskie / Nidzicki / Janowiec Kościelny (2811012, gmina wiejska)",75,75,0,"N/A",0,0,0,"b) NIE","b) NIE",2870
"134","https://fedrowanie.siecobywatelska.pl/sprawy/wnioski-o-informacje-w-2025-223","JANOWIEC WIELKOPOLSKI","samorząd gminy","gmina miejsko-wiejska","Kujawsko-Pomorskie","Żniński","Janowiec Wielkopolski","Kujawsko-Pomorskie / Żniński / Janowiec Wielkopolski (0419033, gmina miejsko-wiejska)",85,85,0,"N/A",0,0,0,"b) NIE","b) NIE",8320
"1205","https://fedrowanie.siecobywatelska.pl/sprawy/wnioski-o-informacje-w-2025-2064","JANOWO","samorząd gminy","gmina wiejska","Warmińsko-Mazurskie","Nidzicki","Janowo","Warmińsko-Mazurskie / Nidzicki / Janowo (2811022, gmina wiejska)",67,67,0,"N/A",0,0,0,"b) NIE","b) NIE",2450
"247","https://fedrowanie.siecobywatelska.pl/sprawy/wnioski-o-informacje-w-2025-1793","JANÓW","samorząd gminy","gmina miejsko-wiejska","Śląskie","Częstochowski","Janów","Śląskie / Częstochowski / Janów (2404033, gmina miejsko-wiejska)",116,115,1,"N/A",0,0,0,"b) NIE","b) NIE",5770
"519","https://fedrowanie.siecobywatelska.pl/sprawy/wnioski-o-informacje-w-2025-364","JANÓW LUBELSKI","samorząd gminy","gmina miejsko-wiejska","Lubelskie","Janowski","Janów Lubelski","Lubelskie / Janowski / Janów Lubelski (0605053, gmina miejsko-wiejska)",95,"BD",10,"[a, f]",0,0,0,"b) NIE","b) NIE",14200
"1206","https://fedrowanie.siecobywatelska.pl/sprawy/wnioski-o-informacje-w-2025-365","JANÓW PODLASKI","samorząd gminy","gmina miejsko-wiejska","Lubelskie","Bialski","Janów Podlaski","Lubelskie / Bialski / Janów Podlaski (0601053, gmina miejsko-wiejska)",100,81,0,"[f]",1,0,0,"b) NIE","b) NIE",4820
"1207","https://fedrowanie.siecobywatelska.pl/sprawy/wnioski-o-informacje-w-2025-2189","JARACZEWO","samorząd gminy","gmina miejsko-wiejska","Wielkopolskie","Jarociński","Jaraczewo","Wielkopolskie / Jarociński / Jaraczewo (3006013, gmina miejsko-wiejska)","BD","BD",0,"N/A",0,0,0,"b) NIE","b) NIE",7510
"522","https://fedrowanie.siecobywatelska.pl/sprawy/wnioski-o-informacje-w-2025-366","JARCZÓW","samorząd gminy","gmina wiejska","Lubelskie","Tomaszowski","Jarczów","Lubelskie / Tomaszowski / Jarczów (0618032, gmina wiejska)",93,93,0,"N/A",0,0,0,"a) TAK","b) NIE",3080
"523","https://fedrowanie.siecobywatelska.pl/sprawy/wnioski-o-informacje-w-2025-1403","JAROCIN","samorząd gminy","gmina wiejska","Podkarpackie","Niżański","Jarocin","Podkarpackie / Niżański / Jarocin (1812022, gmina wiejska)",80,79,1,"[c, f]",0,0,0,"b) NIE","b) NIE",5000
"680","https://fedrowanie.siecobywatelska.pl/sprawy/wnioski-o-informacje-w-2025-2190","JAROCIN","samorząd gminy","gmina miejsko-wiejska","Wielkopolskie","Jarociński","Jarocin","Wielkopolskie / Jarociński / Jarocin (3006023, gmina miejsko-wiejska)",142,140,2,"[b]",0,0,0,"b) NIE","b) NIE",45400
"1616","https://fedrowanie.siecobywatelska.pl/sprawy/wnioski-o-informacje-w-2025-1405","JAROSŁAW","samorząd gminy","gmina wiejska","Podkarpackie","Jarosławski","Jarosław","Podkarpackie / Jarosławski / Jarosław (1804042, gmina wiejska)",81,80,1,"[i]",0,1,0,"b) NIE","b) NIE",13040
"1985","https://fedrowanie.siecobywatelska.pl/sprawy/wnioski-o-informacje-w-2025-1404","JAROSŁAW","samorząd gminy","gmina miejska","Podkarpackie","Jarosławski","Jarosław","Podkarpackie / Jarosławski / Jarosław (1804011, gmina miejska)",114,113,2,"[d, f]",0,2,0,"b) NIE","a) TAK",34710
"891","https://fedrowanie.siecobywatelska.pl/sprawy/wnioski-o-informacje-w-2025-1794","JASIENICA","samorząd gminy","gmina wiejska","Śląskie","Bielski","Jasienica","Śląskie / Bielski / Jasienica (2402052, gmina wiejska)",118,113,3,"[a, i]",0,1,0,"b) NIE","b) NIE",25310
"2264","https://fedrowanie.siecobywatelska.pl/sprawy/wnioski-o-informacje-w-2025-1406","JASIENICA ROSIELNA","samorząd gminy","gmina wiejska","Podkarpackie","Brzozowski","Jasienica Rosielna","Podkarpackie / Brzozowski / Jasienica Rosielna (1802052, gmina wiejska)",86,84,0,"N/A",0,0,0,"b) NIE","b) NIE",7410
"1986","https://fedrowanie.siecobywatelska.pl/sprawy/wnioski-o-informacje-w-2025-548","JASIEŃ","samorząd gminy","gmina miejsko-wiejska","Lubuskie","Żarski","Jasień","Lubuskie / Żarski / Jasień (0811043, gmina miejsko-wiejska)",161,158,0,"[h]",0,0,0,"b) NIE","b) NIE",6550
"249","https://fedrowanie.siecobywatelska.pl/sprawy/wnioski-o-informacje-w-2025-1548","JASIONÓWKA","samorząd gminy","gmina wiejska","Podlaskie","Moniecki","Jasionówka","Podlaskie / Moniecki / Jasionówka (2008022, gmina wiejska)",90,87,0,"[a, f]",0,0,0,"b) NIE","b) NIE",2390
"2372","https://fedrowanie.siecobywatelska.pl/sprawy/wnioski-o-informacje-w-2025-1407","JASŁO","samorząd gminy","gmina miejska","Podkarpackie","Jasielski","Jasło","Podkarpackie / Jasielski / Jasło (1805011, gmina miejska)",87,87,0,"N/A",0,0,0,"b) NIE","b) NIE",32040
"715","https://fedrowanie.siecobywatelska.pl/sprawy/wnioski-o-informacje-w-2025-367","JASTKÓW","samorząd gminy","gmina wiejska","Lubelskie","Lubelski","Jastków","Lubelskie / Lubelski / Jastków (0609072, gmina wiejska)",165,165,0,"N/A",0,0,0,"b) NIE","a) TAK",15750
"892","https://fedrowanie.siecobywatelska.pl/sprawy/wnioski-o-informacje-w-2025-2191","JASTROWIE","samorząd gminy","gmina miejsko-wiejska","Wielkopolskie","Złotowski","Jastrowie","Wielkopolskie / Złotowski / Jastrowie (3031023, gmina miejsko-wiejska)",121,119,1,"[i]",0,1,0,"b) NIE","b) NIE",10610
"2265","https://fedrowanie.siecobywatelska.pl/sprawy/wnioski-o-informacje-w-2025-1049","JASTRZĘBIA","samorząd gminy","gmina wiejska","Mazowieckie","Radomski","Jastrzębia","Mazowieckie / Radomski / Jastrzębia (1425042, gmina wiejska)",60,60,0,"N/A",0,0,0,"b) NIE","b) NIE",7150
"643","https://fedrowanie.siecobywatelska.pl/sprawy/wnioski-o-informacje-w-2025-1795","Jastrzębie-Zdrój","miasto na prawach powiatu","miasto na prawach powiatu","Śląskie","Jastrzębie-Zdrój",,"Śląskie / Jastrzębie-Zdrój (2467, miasto na prawach powiatu)",225,222,3,"[f]",2,0,0,"b) NIE","b) NIE",80530
"1617","https://fedrowanie.siecobywatelska.pl/sprawy/wnioski-o-informacje-w-2025-1409","JAŚLISKA","samorząd gminy","gmina wiejska","Podkarpackie","Krośnieński","Jaśliska","Podkarpackie / Krośnieński / Jaśliska (1807102, gmina wiejska)",79,79,0,"N/A","BD","BD","BD","BD","BD",2000
"250","https://fedrowanie.siecobywatelska.pl/sprawy/wnioski-o-informacje-w-2025-1549","JAŚWIŁY","samorząd gminy","gmina wiejska","Podlaskie","Moniecki","Jaświły","Podlaskie / Moniecki / Jaświły (2008032, gmina wiejska)",74,65,0,"[a, c]",0,0,0,"b) NIE","b) NIE",4100
"1987","https://fedrowanie.siecobywatelska.pl/sprawy/wnioski-o-informacje-w-2025-36","JAWOR","samorząd gminy","gmina miejska","Dolnośląskie","Jaworski","Jawor","Dolnośląskie / Jaworski / Jawor (0205011, gmina miejska)",114,89,0,"[a, c]",0,0,0,"b) NIE","b) NIE",19950
"893","https://fedrowanie.siecobywatelska.pl/sprawy/wnioski-o-informacje-w-2025-1410","JAWORNIK POLSKI","samorząd gminy","gmina miejsko-wiejska","Podkarpackie","Przeworski","Jawornik Polski","Podkarpackie / Przeworski / Jawornik Polski (1814043, gmina miejsko-wiejska)",27,27,0,"N/A",0,0,0,"b) NIE","b) NIE",4150
"1210","https://fedrowanie.siecobywatelska.pl/sprawy/wnioski-o-informacje-w-2025-1796","JAWORZE","samorząd gminy","gmina wiejska","Śląskie","Bielski","Jaworze","Śląskie / Bielski / Jaworze (2402062, gmina wiejska)",160,148,2,"[a, c, f]",1,1,0,"b) NIE","b) NIE",7410
"2266","https://fedrowanie.siecobywatelska.pl/sprawy/wnioski-o-informacje-w-2025-37","JAWORZYNA ŚLĄSKA","samorząd gminy","gmina miejsko-wiejska","Dolnośląskie","Świdnicki","Jaworzyna Śląska","Dolnośląskie / Świdnicki / Jaworzyna Śląska (0219043, gmina miejsko-wiejska)",64,64,0,"N/A",0,0,0,"b) NIE","b) NIE",10220
"1618","https://fedrowanie.siecobywatelska.pl/sprawy/wnioski-o-informacje-w-2025-1411","JEDLICZE","samorząd gminy","gmina miejsko-wiejska","Podkarpackie","Krośnieński","Jedlicze","Podkarpackie / Krośnieński / Jedlicze (1807043, gmina miejsko-wiejska)",94,87,1,"[f, h]",0,0,1,"b) NIE","a) TAK",14760
"2267","https://fedrowanie.siecobywatelska.pl/sprawy/wnioski-o-informacje-w-2025-38","JEDLINA-ZDRÓJ","samorząd gminy","gmina miejska","Dolnośląskie","Wałbrzyski","Jedlina-Zdrój","Dolnośląskie / Wałbrzyski / Jedlina-Zdrój (0221021, gmina miejska)",93,93,0,"N/A",1,0,0,"b) NIE","b) NIE",4560
"526","https://fedrowanie.siecobywatelska.pl/sprawy/wnioski-o-informacje-w-2025-1050","JEDLIŃSK","samorząd gminy","gmina wiejska","Mazowieckie","Radomski","Jedlińsk","Mazowieckie / Radomski / Jedlińsk (1425052, gmina wiejska)",99,97,2,"[f, g]",0,3,0,"b) NIE","b) NIE",14480
"894","https://fedrowanie.siecobywatelska.pl/sprawy/wnioski-o-informacje-w-2025-1051","JEDLNIA-LETNISKO","samorząd gminy","gmina miejsko-wiejska","Mazowieckie","Radomski","Jedlnia-Letnisko","Mazowieckie / Radomski / Jedlnia-Letnisko (1425063, gmina miejsko-wiejska)",127,121,6,"[h, i]",0,1,0,"b) NIE","a) TAK",13670
"1211","https://fedrowanie.siecobywatelska.pl/sprawy/wnioski-o-informacje-w-2025-1052","JEDNOROŻEC","samorząd gminy","gmina wiejska","Mazowieckie","Przasnyski","Jednorożec","Mazowieckie / Przasnyski / Jednorożec (1422042, gmina wiejska)",69,62,0,"[a, c]",0,0,0,"b) NIE","b) NIE",6480
"2268","https://fedrowanie.siecobywatelska.pl/sprawy/wnioski-o-informacje-w-2025-1550","JEDWABNE","samorząd gminy","gmina miejsko-wiejska","Podlaskie","Łomżyński","Jedwabne","Podlaskie / Łomżyński / Jedwabne (2007013, gmina miejsko-wiejska)",70,69,1,"[f]",0,0,2,"b) NIE","b) NIE",4770
"1619","https://fedrowanie.siecobywatelska.pl/sprawy/wnioski-o-informacje-w-2025-2065","JEDWABNO","samorząd gminy","gmina wiejska","Warmińsko-Mazurskie","Szczycieński","Jedwabno","Warmińsko-Mazurskie / Szczycieński / Jedwabno (2817032, gmina wiejska)",66,66,0,"N/A",0,0,0,"b) NIE","b) NIE",3390
"1620","https://fedrowanie.siecobywatelska.pl/sprawy/wnioski-o-informacje-w-2025-1798","JEJKOWICE","samorząd gminy","gmina wiejska","Śląskie","Rybnicki","Jejkowice","Śląskie / Rybnicki / Jejkowice (2412032, gmina wiejska)",70,70,0,"N/A",0,0,0,"b) NIE","b) NIE",4170
"1954","https://fedrowanie.siecobywatelska.pl/sprawy/wnioski-o-informacje-w-2025-39","JELCZ-LASKOWICE","samorząd gminy","gmina miejsko-wiejska","Dolnośląskie","Oławski","Jelcz-Laskowice","Dolnośląskie / Oławski / Jelcz-Laskowice (0215033, gmina miejsko-wiejska)",159,"BD",0,"[c]",0,0,0,"b) NIE","b) NIE",23840
"1068","https://fedrowanie.siecobywatelska.pl/sprawy/wnioski-o-informacje-w-2025-40","Jelenia Góra","miasto na prawach powiatu","miasto na prawach powiatu","Dolnośląskie","Jelenia Góra",,"Dolnośląskie / Jelenia Góra (0261, miasto na prawach powiatu)",230,228,2,"[c, f]",3,0,0,"b) NIE","a) TAK",73470
"1746","https://fedrowanie.siecobywatelska.pl/sprawy/wnioski-o-informacje-w-2025-1551","JELENIEWO","samorząd gminy","gmina wiejska","Podlaskie","Suwalski","Jeleniewo","Podlaskie / Suwalski / Jeleniewo (2012032, gmina wiejska)",74,74,0,"N/A",0,0,0,"b) NIE","b) NIE",3100
"1621","https://fedrowanie.siecobywatelska.pl/sprawy/wnioski-o-informacje-w-2025-1302","JEMIELNICA","samorząd gminy","gmina wiejska","Opolskie","Strzelecki","Jemielnica","Opolskie / Strzelecki / Jemielnica (1611022, gmina wiejska)",77,77,0,"N/A",0,0,0,"b) NIE","b) NIE",7040
"895","https://fedrowanie.siecobywatelska.pl/sprawy/wnioski-o-informacje-w-2025-42","JERZMANOWA","samorząd gminy","gmina wiejska","Dolnośląskie","Głogowski","Jerzmanowa","Dolnośląskie / Głogowski / Jerzmanowa (0203032, gmina wiejska)",74,74,0,"N/A",0,0,0,"b) NIE","b) NIE",6050
"251","https://fedrowanie.siecobywatelska.pl/sprawy/wnioski-o-informacje-w-2025-833","JERZMANOWICE-PRZEGINIA","samorząd gminy","gmina wiejska","Małopolskie","Krakowski","Jerzmanowice-Przeginia","Małopolskie / Krakowski / Jerzmanowice-Przeginia (1206042, gmina wiejska)",77,74,0,"[a, f, i]",0,0,0,"b) NIE","b) NIE",11090
"379","https://fedrowanie.siecobywatelska.pl/sprawy/wnioski-o-informacje-w-2025-224","JEZIORA WIELKIE","samorząd gminy","gmina wiejska","Kujawsko-Pomorskie","Mogileński","Jeziora Wielkie","Kujawsko-Pomorskie / Mogileński / Jeziora Wielkie (0409022, gmina wiejska)",88,88,0,"N/A",0,0,0,"b) NIE","b) NIE",4460
"2159","https://fedrowanie.siecobywatelska.pl/sprawy/wnioski-o-informacje-w-2025-2066","JEZIORANY","samorząd gminy","gmina miejsko-wiejska","Warmińsko-Mazurskie","Olsztyński","Jeziorany","Warmińsko-Mazurskie / Olsztyński / Jeziorany (2814063, gmina miejsko-wiejska)",97,96,1,"[b]",0,0,0,"b) NIE","b) NIE",6810
"175","https://fedrowanie.siecobywatelska.pl/sprawy/wnioski-o-informacje-w-2025-368","JEZIORZANY","samorząd gminy","gmina wiejska","Lubelskie","Lubartowski","Jeziorzany","Lubelskie / Lubartowski / Jeziorzany (0608042, gmina wiejska)",96,96,0,"N/A",0,0,0,"b) NIE","b) NIE",2410
"1017","https://fedrowanie.siecobywatelska.pl/sprawy/wnioski-o-informacje-w-2025-225","JEŻEWO","samorząd gminy","gmina wiejska","Kujawsko-Pomorskie","Świecki","Jeżewo","Kujawsko-Pomorskie / Świecki / Jeżewo (0414042, gmina wiejska)",84,79,2,"[c, g, h]",1,0,0,"b) NIE","b) NIE",7580
"527","https://fedrowanie.siecobywatelska.pl/sprawy/wnioski-o-informacje-w-2025-1412","JEŻOWE","samorząd gminy","gmina wiejska","Podkarpackie","Niżański","Jeżowe","Podkarpackie / Niżański / Jeżowe (1812032, gmina wiejska)",67,67,0,"N/A",0,0,0,"b) NIE","b) NIE",9780
"1212","https://fedrowanie.siecobywatelska.pl/sprawy/wnioski-o-informacje-w-2025-661","JEŻÓW","samorząd gminy","gmina miejsko-wiejska","Łódzkie","Brzeziński","Jeżów","Łódzkie / Brzeziński / Jeżów (1021043, gmina miejsko-wiejska)",76,72,0,"[a, f]",0,0,0,"b) NIE","b) NIE",3130
"252","https://fedrowanie.siecobywatelska.pl/sprawy/wnioski-o-informacje-w-2025-43","JEŻÓW SUDECKI","samorząd gminy","gmina wiejska","Dolnośląskie","Karkonoski","Jeżów Sudecki","Dolnośląskie / Karkonoski / Jeżów Sudecki (0206062, gmina wiejska)",107,107,0,"N/A",0,0,0,"b) NIE","b) NIE",8010
"1039","https://fedrowanie.siecobywatelska.pl/sprawy/wnioski-o-informacje-w-2025-1946","JĘDRZEJÓW","samorząd gminy","gmina miejsko-wiejska","Świętokrzyskie","Jędrzejowski","Jędrzejów","Świętokrzyskie / Jędrzejowski / Jędrzejów (2602023, gmina miejsko-wiejska)",46,44,1,"[c, f]",0,1,0,"b) NIE","b) NIE",25980
"1747","https://fedrowanie.siecobywatelska.pl/sprawy/wnioski-o-informacje-w-2025-1413","JODŁOWA","samorząd gminy","gmina wiejska","Podkarpackie","Dębicki","Jodłowa","Podkarpackie / Dębicki / Jodłowa (1803052, gmina wiejska)",73,66,0,"[a, b]",0,0,0,"b) NIE","b) NIE",5150
"253","https://fedrowanie.siecobywatelska.pl/sprawy/wnioski-o-informacje-w-2025-834","JODŁOWNIK","samorząd gminy","gmina wiejska","Małopolskie","Limanowski","Jodłownik","Małopolskie / Limanowski / Jodłownik (1207042, gmina wiejska)",76,76,0,"N/A",0,0,0,"b) NIE","b) NIE",8780
"1213","https://fedrowanie.siecobywatelska.pl/sprawy/wnioski-o-informacje-w-2025-2067","JONKOWO","samorząd gminy","gmina wiejska","Warmińsko-Mazurskie","Olsztyński","Jonkowo","Warmińsko-Mazurskie / Olsztyński / Jonkowo (2814072, gmina wiejska)",128,128,0,"N/A",0,0,0,"b) NIE","b) NIE",8040
"415","https://fedrowanie.siecobywatelska.pl/sprawy/wnioski-o-informacje-w-2025-836","JORDANÓW","samorząd gminy","gmina wiejska","Małopolskie","Suski","Jordanów","Małopolskie / Suski / Jordanów (1215052, gmina wiejska)",54,54,0,"N/A",0,0,0,"b) NIE","b) NIE",11120
"634","https://fedrowanie.siecobywatelska.pl/sprawy/wnioski-o-informacje-w-2025-835","JORDANÓW","samorząd gminy","gmina miejska","Małopolskie","Suski","Jordanów","Małopolskie / Suski / Jordanów (1215011, gmina miejska)",50,50,0,"N/A",0,0,0,"b) NIE","b) NIE",5370
"529","https://fedrowanie.siecobywatelska.pl/sprawy/wnioski-o-informacje-w-2025-369","JÓZEFÓW (woj. lubelskie)","samorząd gminy","gmina miejsko-wiejska","Lubelskie","Biłgorajski","Józefów","Lubelskie / Biłgorajski / Józefów (0602073, gmina miejsko-wiejska)",28,28,0,"N/A",0,0,0,"b) NIE","b) NIE",6180
"1988","https://fedrowanie.siecobywatelska.pl/sprawy/wnioski-o-informacje-w-2025-1054","JÓZEFÓW (woj. mazowieckie)","samorząd gminy","gmina miejska","Mazowieckie","Otwocki","Józefów","Mazowieckie / Otwocki / Józefów (1417011, gmina miejska)",171,137,3,"[a, b, c]",0,0,0,"b) NIE","b) NIE",21140
"862","https://fedrowanie.siecobywatelska.pl/sprawy/wnioski-o-informacje-w-2025-370","JÓZEFÓW nad Wisłą","samorząd gminy","gmina miejsko-wiejska","Lubelskie","Opolski","Józefów Nad Wisłą","Lubelskie / Opolski / Józefów Nad Wisłą (0612023, gmina miejsko-wiejska)",91,91,0,"N/A",0,0,0,"b) NIE","b) NIE",5920
"896","https://fedrowanie.siecobywatelska.pl/sprawy/wnioski-o-informacje-w-2025-1552","JUCHNOWIEC KOŚCIELNY","samorząd gminy","gmina wiejska","Podlaskie","Białostocki","Juchnowiec Kościelny","Podlaskie / Białostocki / Juchnowiec Kościelny (2002052, gmina wiejska)",181,181,3,"[a, b, c]",1,2,5,"b) NIE","b) NIE",18970
"2125","https://fedrowanie.siecobywatelska.pl/sprawy/wnioski-o-informacje-w-2025-2192","JUTROSIN","samorząd gminy","gmina miejsko-wiejska","Wielkopolskie","Rawicki","Jutrosin","Wielkopolskie / Rawicki / Jutrosin (3022023, gmina miejsko-wiejska)",74,74,0,"N/A",0,0,0,"b) NIE","b) NIE",6830
"172","https://fedrowanie.siecobywatelska.pl/sprawy/wnioski-o-informacje-w-2025-2193","KACZORY","samorząd gminy","gmina miejsko-wiejska","Wielkopolskie","Pilski","Kaczory","Wielkopolskie / Pilski / Kaczory (3019033, gmina miejsko-wiejska)",94,94,0,"N/A",0,0,0,"b) NIE","b) NIE",7440
"897","https://fedrowanie.siecobywatelska.pl/sprawy/wnioski-o-informacje-w-2025-1800","KALETY","samorząd gminy","gmina miejska","Śląskie","Tarnogórski","Kalety","Śląskie / Tarnogórski / Kalety (2413011, gmina miejska)",77,77,0,"N/A",0,0,0,"b) NIE","b) NIE",7990
"1623","https://fedrowanie.siecobywatelska.pl/sprawy/wnioski-o-informacje-w-2025-2068","KALINOWO","samorząd gminy","gmina wiejska","Warmińsko-Mazurskie","Ełcki","Kalinowo","Warmińsko-Mazurskie / Ełcki / Kalinowo (2805032, gmina wiejska)",101,101,0,"N/A",0,0,0,"b) NIE","b) NIE",6020
"898","https://fedrowanie.siecobywatelska.pl/sprawy/wnioski-o-informacje-w-2025-1662","KALISKA","samorząd gminy","gmina wiejska","Pomorskie","Starogardzki","Kaliska","Pomorskie / Starogardzki / Kaliska (2213052, gmina wiejska)",81,81,0,"N/A",0,0,0,"b) NIE","b) NIE",5230
"2161","https://fedrowanie.siecobywatelska.pl/sprawy/wnioski-o-informacje-w-2025-2194","Kalisz","miasto na prawach powiatu","miasto na prawach powiatu","Wielkopolskie","Kalisz",,"Wielkopolskie / Kalisz (3061, miasto na prawach powiatu)",217,177,9,"[a, c, f]",0,0,0,"b) NIE","b) NIE",91060
"2162","https://fedrowanie.siecobywatelska.pl/sprawy/wnioski-o-informacje-w-2025-1056","KAŁUSZYN","samorząd gminy","gmina miejsko-wiejska","Mazowieckie","Miński","Kałuszyn","Mazowieckie / Miński / Kałuszyn (1412093, gmina miejsko-wiejska)",68,68,0,"N/A",0,0,0,"b) NIE","a) TAK",5430
"716","https://fedrowanie.siecobywatelska.pl/sprawy/wnioski-o-informacje-w-2025-1801","KAMIENICA POLSKA","samorząd gminy","gmina wiejska","Śląskie","Częstochowski","Kamienica Polska","Śląskie / Częstochowski / Kamienica Polska (2404042, gmina wiejska)",98,97,1,"[f]",0,0,0,"a) TAK","b) NIE",5350
"1216","https://fedrowanie.siecobywatelska.pl/sprawy/wnioski-o-informacje-w-2025-2195","KAMIENIEC","samorząd gminy","gmina wiejska","Wielkopolskie","Grodziski","Kamieniec","Wielkopolskie / Grodziski / Kamieniec (3005032, gmina wiejska)",85,79,4,"[f, i]",0,0,0,"b) NIE","b) NIE",6140
"2194","https://fedrowanie.siecobywatelska.pl/sprawy/wnioski-o-informacje-w-2025-47","KAMIENNA GÓRA","samorząd gminy","gmina wiejska","Dolnośląskie","Kamiennogórski","Kamienna Góra","Dolnośląskie / Kamiennogórski / Kamienna Góra (0207022, gmina wiejska)",109,108,1,"[f]",0,0,0,"b) NIE","b) NIE",8750
"740","https://fedrowanie.siecobywatelska.pl/sprawy/wnioski-o-informacje-w-2025-46","KAMIENNA GÓRA","samorząd gminy","gmina miejska","Dolnośląskie","Kamiennogórski","Kamienna Góra","Dolnośląskie / Kamiennogórski / Kamienna Góra (0207011, gmina miejska)",72,70,0,"N/A",0,0,0,"b) NIE","b) NIE",16710
"1839","https://fedrowanie.siecobywatelska.pl/sprawy/wnioski-o-informacje-w-2025-1303","KAMIENNIK","samorząd gminy","gmina wiejska","Opolskie","Nyski","Kamiennik","Opolskie / Nyski / Kamiennik (1607022, gmina wiejska)",62,61,1,"[g]",0,1,0,"b) NIE","b) NIE",3070
"863","https://fedrowanie.siecobywatelska.pl/sprawy/wnioski-o-informacje-w-2025-1414","KAMIEŃ","samorząd gminy","gmina wiejska","Podkarpackie","Rzeszowski","Kamień","Podkarpackie / Rzeszowski / Kamień (1816082, gmina wiejska)",91,91,0,"N/A",0,0,0,"b) NIE","b) NIE",6810
"1025","https://fedrowanie.siecobywatelska.pl/sprawy/wnioski-o-informacje-w-2025-226","KAMIEŃ KRAJEŃSKI","samorząd gminy","gmina miejsko-wiejska","Kujawsko-Pomorskie","Sępoleński","Kamień Krajeński","Kujawsko-Pomorskie / Sępoleński / Kamień Krajeński (0413013, gmina miejsko-wiejska)",70,70,0,"N/A",0,0,0,"b) NIE","b) NIE",6420
"1989","https://fedrowanie.siecobywatelska.pl/sprawy/wnioski-o-informacje-w-2025-2407","KAMIEŃ POMORSKI","samorząd gminy","gmina miejsko-wiejska","Zachodniopomorskie","Kamieński","Kamień Pomorski","Zachodniopomorskie / Kamieński / Kamień Pomorski (3207033, gmina miejsko-wiejska)",109,104,1,"[a, c, f]",0,1,0,"b) NIE","b) NIE",13120
"535","https://fedrowanie.siecobywatelska.pl/sprawy/wnioski-o-informacje-w-2025-662","KAMIEŃSK","samorząd gminy","gmina miejsko-wiejska","Łódzkie","Radomszczański","Kamieńsk","Łódzkie / Radomszczański / Kamieńsk (1012053, gmina miejsko-wiejska)",90,87,0,"[a, b, c]",0,0,0,"b) NIE","b) NIE",5490
"1018","https://fedrowanie.siecobywatelska.pl/sprawy/wnioski-o-informacje-w-2025-372","KAMIONKA","samorząd gminy","gmina miejsko-wiejska","Lubelskie","Lubartowski","Kamionka","Lubelskie / Lubartowski / Kamionka (0608053, gmina miejsko-wiejska)",68,68,0,"N/A",0,0,0,"b) NIE","b) NIE",6540
"256","https://fedrowanie.siecobywatelska.pl/sprawy/wnioski-o-informacje-w-2025-839","KAMIONKA WIELKA","samorząd gminy","gmina wiejska","Małopolskie","Nowosądecki","Kamionka Wielka","Małopolskie / Nowosądecki / Kamionka Wielka (1210052, gmina wiejska)",93,88,1,"[g, h, i]",0,0,0,"b) NIE","b) NIE",10490
"2269","https://fedrowanie.siecobywatelska.pl/sprawy/wnioski-o-informacje-w-2025-1057","KAMPINOS","samorząd gminy","gmina wiejska","Mazowieckie","Warszawski Zachodni","Kampinos","Mazowieckie / Warszawski Zachodni / Kampinos (1432032, gmina wiejska)",90,90,0,"N/A",0,0,0,"b) NIE","a) TAK",4500
"900","https://fedrowanie.siecobywatelska.pl/sprawy/wnioski-o-informacje-w-2025-1415","KAŃCZUGA","samorząd gminy","gmina miejsko-wiejska","Podkarpackie","Przeworski","Kańczuga","Podkarpackie / Przeworski / Kańczuga (1814053, gmina miejsko-wiejska)",94,92,2,"[f]",0,0,0,"b) NIE","b) NIE",11480
"1990","https://fedrowanie.siecobywatelska.pl/sprawy/wnioski-o-informacje-w-2025-1058","KARCZEW","samorząd gminy","gmina miejsko-wiejska","Mazowieckie","Otwocki","Karczew","Mazowieckie / Otwocki / Karczew (1417043, gmina miejsko-wiejska)",108,105,1,"[a, d]",0,0,0,"b) NIE","b) NIE",15780
"964","https://fedrowanie.siecobywatelska.pl/sprawy/wnioski-o-informacje-w-2025-373","KARCZMISKA","samorząd gminy","gmina wiejska","Lubelskie","Opolski","Karczmiska","Lubelskie / Opolski / Karczmiska (0612032, gmina wiejska)",78,77,1,"[f]",0,0,0,"b) NIE","b) NIE",5230
"2270","https://fedrowanie.siecobywatelska.pl/sprawy/wnioski-o-informacje-w-2025-549","KARGOWA","samorząd gminy","gmina miejsko-wiejska","Lubuskie","Zielonogórski","Kargowa","Lubuskie / Zielonogórski / Kargowa (0809043, gmina miejsko-wiejska)",100,82,0,"[a,b,c]",0,0,0,"b) NIE","b) NIE",5860
"552","https://fedrowanie.siecobywatelska.pl/sprawy/wnioski-o-informacje-w-2025-2408","KARLINO","samorząd gminy","gmina miejsko-wiejska","Zachodniopomorskie","Białogardzki","Karlino","Zachodniopomorskie / Białogardzki / Karlino (3201033, gmina miejsko-wiejska)",59,46,0,"[e, e, e]",1,0,0,"b) NIE","b) NIE",8360
"1624","https://fedrowanie.siecobywatelska.pl/sprawy/wnioski-o-informacje-w-2025-2409","KARNICE","samorząd gminy","gmina wiejska","Zachodniopomorskie","Gryficki","Karnice","Zachodniopomorskie / Gryficki / Karnice (3205032, gmina wiejska)",72,65,0,"[a, c]",0,0,0,"b) NIE","b) NIE",3630
"258","https://fedrowanie.siecobywatelska.pl/sprawy/wnioski-o-informacje-w-2025-1059","KARNIEWO","samorząd gminy","gmina wiejska","Mazowieckie","Makowski","Karniewo","Mazowieckie / Makowski / Karniewo (1411032, gmina wiejska)",56,56,0,"N/A",0,0,0,"b) NIE","b) NIE",4770
"1625","https://fedrowanie.siecobywatelska.pl/sprawy/wnioski-o-informacje-w-2025-1663","KARSIN","samorząd gminy","gmina wiejska","Pomorskie","Kościerski","Karsin","Pomorskie / Kościerski / Karsin (2206032, gmina wiejska)",69,69,0,"N/A",0,0,0,"b) NIE","b) NIE",6060
"335","https://fedrowanie.siecobywatelska.pl/sprawy/wnioski-o-informacje-w-2025-1664","KARTUZY","samorząd gminy","gmina miejsko-wiejska","Pomorskie","Kartuski","Kartuzy","Pomorskie / Kartuski / Kartuzy (2205023, gmina miejsko-wiejska)",78,78,0,"N/A",0,0,0,"b) NIE","b) NIE",34220
"2414","https://fedrowanie.siecobywatelska.pl/sprawy/wnioski-o-informacje-w-2025-1802","Katowice","miasto na prawach powiatu","miasto na prawach powiatu","Śląskie","Katowice",,"Śląskie / Katowice (2469, miasto na prawach powiatu)",738,"BD",3,"[a, b, c]",1,3,"BD","b) NIE","b) NIE",277420
"1840","https://fedrowanie.siecobywatelska.pl/sprawy/wnioski-o-informacje-w-2025-2196","KAWĘCZYN","samorząd gminy","gmina wiejska","Wielkopolskie","Turecki","Kawęczyn","Wielkopolskie / Turecki / Kawęczyn (3027042, gmina wiejska)",59,59,0,"N/A",0,0,0,"b) NIE","b) NIE",4850
"901","https://fedrowanie.siecobywatelska.pl/sprawy/wnioski-o-informacje-w-2025-1060","KAZANÓW","samorząd gminy","gmina miejsko-wiejska","Mazowieckie","Zwoleński","Kazanów","Mazowieckie / Zwoleński / Kazanów (1436013, gmina miejsko-wiejska)",64,64,0,"N/A",0,0,0,"b) NIE","b) NIE",4210
"554","https://fedrowanie.siecobywatelska.pl/sprawy/wnioski-o-informacje-w-2025-2197","KAZIMIERZ BISKUPI","samorząd gminy","gmina wiejska","Wielkopolskie","Koniński","Kazimierz Biskupi","Wielkopolskie / Koniński / Kazimierz Biskupi (3010032, gmina wiejska)",133,133,0,"N/A",0,0,0,"b) NIE","b) NIE",11530
"2074","https://fedrowanie.siecobywatelska.pl/sprawy/wnioski-o-informacje-w-2025-374","KAZIMIERZ DOLNY","samorząd gminy","gmina miejsko-wiejska","Lubelskie","Puławski","Kazimierz Dolny","Lubelskie / Puławski / Kazimierz Dolny (0614043, gmina miejsko-wiejska)",170,170,1,"[f]",0,0,0,"b) NIE","b) NIE",6120
"1217","https://fedrowanie.siecobywatelska.pl/sprawy/wnioski-o-informacje-w-2025-1947","KAZIMIERZA WIELKA","samorząd gminy","gmina miejsko-wiejska","Świętokrzyskie","Kazimierski","Kazimierza Wielka","Świętokrzyskie / Kazimierski / Kazimierza Wielka (2603033, gmina miejsko-wiejska)","BD",82,0,"N/A",0,0,0,"b) NIE","b) NIE",14930
"259","https://fedrowanie.siecobywatelska.pl/sprawy/wnioski-o-informacje-w-2025-2198","KAŹMIERZ","samorząd gminy","gmina wiejska","Wielkopolskie","Szamotulski","Kaźmierz","Wielkopolskie / Szamotulski / Kaźmierz (3024032, gmina wiejska)",100,100,0,"N/A",0,0,0,"b) NIE","b) NIE",9660
"254","https://fedrowanie.siecobywatelska.pl/sprawy/wnioski-o-informacje-w-2025-375","KĄKOLEWNICA","samorząd gminy","gmina wiejska","Lubelskie","Radzyński","Kąkolewnica","Lubelskie / Radzyński / Kąkolewnica (0615042, gmina wiejska)",119,119,0,"N/A",0,0,0,"b) NIE","b) NIE",7410
"2271","https://fedrowanie.siecobywatelska.pl/sprawy/wnioski-o-informacje-w-2025-49","KĄTY WROCŁAWSKIE","samorząd gminy","gmina miejsko-wiejska","Dolnośląskie","Wrocławski","Kąty Wrocławskie","Dolnośląskie / Wrocławski / Kąty Wrocławskie (0223043, gmina miejsko-wiejska)",218,208,2,"[a, f, i]",0,0,0,"b) NIE","b) NIE",31150
"2272","https://fedrowanie.siecobywatelska.pl/sprawy/wnioski-o-informacje-w-2025-227","KCYNIA","samorząd gminy","gmina miejsko-wiejska","Kujawsko-Pomorskie","Nakielski","Kcynia","Kujawsko-Pomorskie / Nakielski / Kcynia (0410013, gmina miejsko-wiejska)",110,109,0,"[f]",1,0,0,"b) NIE","b) NIE",11870
"555","https://fedrowanie.siecobywatelska.pl/sprawy/wnioski-o-informacje-w-2025-2199","KĘPNO","samorząd gminy","gmina miejsko-wiejska","Wielkopolskie","Kępiński","Kępno","Wielkopolskie / Kępiński / Kępno (3008033, gmina miejsko-wiejska)",74,64,1,"[a, f, g]",0,1,0,"b) NIE","b) NIE",23960
"556","https://fedrowanie.siecobywatelska.pl/sprawy/wnioski-o-informacje-w-2025-228","KĘSOWO","samorząd gminy","gmina wiejska","Kujawsko-Pomorskie","Tucholski","Kęsowo","Kujawsko-Pomorskie / Tucholski / Kęsowo (0416032, gmina wiejska)",51,51,0,"N/A",0,0,0,"b) NIE","b) NIE",4190
"1165","https://fedrowanie.siecobywatelska.pl/sprawy/wnioski-o-informacje-w-2025-2070","KĘTRZYN","samorząd gminy","gmina wiejska","Warmińsko-Mazurskie","Kętrzyński","Kętrzyn","Warmińsko-Mazurskie / Kętrzyński / Kętrzyn (2808032, gmina wiejska)",87,79,1,"[a, b, c]",0,1,0,"b) NIE","b) NIE",7500
"2163","https://fedrowanie.siecobywatelska.pl/sprawy/wnioski-o-informacje-w-2025-2069","KĘTRZYN","samorząd gminy","gmina miejska","Warmińsko-Mazurskie","Kętrzyński","Kętrzyn","Warmińsko-Mazurskie / Kętrzyński / Kętrzyn (2808011, gmina miejska)",152,150,2,"[a, b]",0,0,0,"b) NIE","b) NIE",24430
"260","https://fedrowanie.siecobywatelska.pl/sprawy/wnioski-o-informacje-w-2025-840","KĘTY","samorząd gminy","gmina miejsko-wiejska","Małopolskie","Oświęcimski","Kęty","Małopolskie / Oświęcimski / Kęty (1213043, gmina miejsko-wiejska)",74,74,0,"N/A",0,0,0,"b) NIE","a) TAK",33010
"69","https://fedrowanie.siecobywatelska.pl/sprawy/wnioski-o-informacje-w-2025-1948","Kielce","miasto na prawach powiatu","miasto na prawach powiatu","Świętokrzyskie","Kielce",,"Świętokrzyskie / Kielce (2661, miasto na prawach powiatu)",527,516,1,"[b, f]",0,1,0,"b) NIE","a) TAK",178840
"623","https://fedrowanie.siecobywatelska.pl/sprawy/wnioski-o-informacje-w-2025-663","KIEŁCZYGŁÓW","samorząd gminy","gmina wiejska","Łódzkie","Pajęczański","Kiełczygłów","Łódzkie / Pajęczański / Kiełczygłów (1009022, gmina wiejska)",97,97,0,"N/A",0,0,0,"b) NIE","b) NIE",3690
"2126","https://fedrowanie.siecobywatelska.pl/sprawy/wnioski-o-informacje-w-2025-1305","KIETRZ","samorząd gminy","gmina miejsko-wiejska","Opolskie","Głubczycki","Kietrz","Opolskie / Głubczycki / Kietrz (1602043, gmina miejsko-wiejska)",82,80,2,"[f, i]",0,0,0,"b) NIE","b) NIE",9690
"2273","https://fedrowanie.siecobywatelska.pl/sprawy/wnioski-o-informacje-w-2025-1949","KIJE","samorząd gminy","gmina wiejska","Świętokrzyskie","Pińczowski","Kije","Świętokrzyskie / Pińczowski / Kije (2608022, gmina wiejska)",68,68,0,"N/A",0,0,0,"b) NIE","b) NIE",4270
"1218","https://fedrowanie.siecobywatelska.pl/sprawy/wnioski-o-informacje-w-2025-229","KIJEWO KRÓLEWSKIE","samorząd gminy","gmina wiejska","Kujawsko-Pomorskie","Chełmiński","Kijewo Królewskie","Kujawsko-Pomorskie / Chełmiński / Kijewo Królewskie (0404032, gmina wiejska)",55,54,0,"N/A",0,0,0,"b) NIE","b) NIE",4290
"2274","https://fedrowanie.siecobywatelska.pl/sprawy/wnioski-o-informacje-w-2025-230","KIKÓŁ","samorząd gminy","gmina miejsko-wiejska","Kujawsko-Pomorskie","Lipnowski","Kikół","Kujawsko-Pomorskie / Lipnowski / Kikół (0408053, gmina miejsko-wiejska)",591,89,2,"[f, i]",0,0,0,"b) NIE","b) NIE",6530
"1955","https://fedrowanie.siecobywatelska.pl/sprawy/wnioski-o-informacje-w-2025-2071","KISIELICE","samorząd gminy","gmina miejsko-wiejska","Warmińsko-Mazurskie","Iławski","Kisielice","Warmińsko-Mazurskie / Iławski / Kisielice (2807043, gmina miejsko-wiejska)",80,80,0,"N/A",0,0,0,"b) NIE","b) NIE",5380
"1219","https://fedrowanie.siecobywatelska.pl/sprawy/wnioski-o-informacje-w-2025-2200","KISZKOWO","samorząd gminy","gmina wiejska","Wielkopolskie","Gnieźnieński","Kiszkowo","Wielkopolskie / Gnieźnieński / Kiszkowo (3003042, gmina wiejska)",85,82,1,"[f]",0,0,0,"b) NIE","b) NIE",5070
"1841","https://fedrowanie.siecobywatelska.pl/sprawy/wnioski-o-informacje-w-2025-2072","KIWITY","samorząd gminy","gmina wiejska","Warmińsko-Mazurskie","Lidzbarski","Kiwity","Warmińsko-Mazurskie / Lidzbarski / Kiwity (2809022, gmina wiejska)",99,99,0,"N/A",0,0,"BD","b) NIE","b) NIE",2960
"1824","https://fedrowanie.siecobywatelska.pl/sprawy/wnioski-o-informacje-w-2025-2201","KLECZEW","samorząd gminy","gmina miejsko-wiejska","Wielkopolskie","Koniński","Kleczew","Wielkopolskie / Koniński / Kleczew (3010043, gmina miejsko-wiejska)",105,101,2,"[f]",0,0,0,"b) NIE","a) TAK",9490
"2275","https://fedrowanie.siecobywatelska.pl/sprawy/wnioski-o-informacje-w-2025-1061","KLEMBÓW","samorząd gminy","gmina wiejska","Mazowieckie","Wołomiński","Klembów","Mazowieckie / Wołomiński / Klembów (1434072, gmina wiejska)",120,120,0,"N/A",4,0,0,"a) TAK","a) TAK",11860
"559","https://fedrowanie.siecobywatelska.pl/sprawy/wnioski-o-informacje-w-2025-1553","KLESZCZELE","samorząd gminy","gmina miejsko-wiejska","Podlaskie","Hajnowski","Kleszczele","Podlaskie / Hajnowski / Kleszczele (2005073, gmina miejsko-wiejska)",88,81,0,"[a, c, f]",0,0,1,"b) NIE","b) NIE",2030
"2276","https://fedrowanie.siecobywatelska.pl/sprawy/wnioski-o-informacje-w-2025-2202","KLESZCZEWO","samorząd gminy","gmina wiejska","Wielkopolskie","Poznański","Kleszczewo","Wielkopolskie / Poznański / Kleszczewo (3021062, gmina wiejska)",104,103,0,"[a]",0,0,0,"b) NIE","b) NIE",12420
"1220","https://fedrowanie.siecobywatelska.pl/sprawy/wnioski-o-informacje-w-2025-665","KLESZCZÓW","samorząd gminy","gmina wiejska","Łódzkie","Bełchatowski","Kleszczów","Łódzkie / Bełchatowski / Kleszczów (1001042, gmina wiejska)",111,107,1,"[a, b, c]",0,0,0,"b) NIE","a) TAK",6500
"560","https://fedrowanie.siecobywatelska.pl/sprawy/wnioski-o-informacje-w-2025-1950","KLIMONTÓW","samorząd gminy","gmina miejsko-wiejska","Świętokrzyskie","Sandomierski","Klimontów","Świętokrzyskie / Sandomierski / Klimontów (2609033, gmina miejsko-wiejska)",56,56,0,"N/A",0,0,0,"b) NIE","b) NIE",7270
"1842","https://fedrowanie.siecobywatelska.pl/sprawy/wnioski-o-informacje-w-2025-666","KLONOWA","samorząd gminy","gmina wiejska","Łódzkie","Sieradzki","Klonowa","Łódzkie / Sieradzki / Klonowa (1014072, gmina wiejska)",69,"BD",0,"[b, c]",0,0,0,"b) NIE","b) NIE",2700
"54","https://fedrowanie.siecobywatelska.pl/sprawy/wnioski-o-informacje-w-2025-1306","KLUCZBORK","samorząd gminy","gmina miejsko-wiejska","Opolskie","Kluczborski","Kluczbork","Opolskie / Kluczborski / Kluczbork (1604023, gmina miejsko-wiejska)",111,111,2,"[g]",0,2,2,"b) NIE","a) TAK",33210
"561","https://fedrowanie.siecobywatelska.pl/sprawy/wnioski-o-informacje-w-2025-841","KLUCZE","samorząd gminy","gmina wiejska","Małopolskie","Olkuski","Klucze","Małopolskie / Olkuski / Klucze (1212042, gmina wiejska)",105,105,0,"N/A",0,0,0,"b) NIE","a) TAK",14210
"1626","https://fedrowanie.siecobywatelska.pl/sprawy/wnioski-o-informacje-w-2025-1951","KLUCZEWSKO","samorząd gminy","gmina wiejska","Świętokrzyskie","Włoszczowski","Kluczewsko","Świętokrzyskie / Włoszczowski / Kluczewsko (2613012, gmina wiejska)",60,60,0,"N/A",0,0,0,"b) NIE","b) NIE",4840
"1627","https://fedrowanie.siecobywatelska.pl/sprawy/wnioski-o-informacje-w-2025-667","KLUKI","samorząd gminy","gmina wiejska","Łódzkie","Bełchatowski","Kluki","Łódzkie / Bełchatowski / Kluki (1001052, gmina wiejska)",52,51,1,"[e]",1,1,0,"b) NIE","a) TAK",4300
"1628","https://fedrowanie.siecobywatelska.pl/sprawy/wnioski-o-informacje-w-2025-1554","KLUKOWO","samorząd gminy","gmina wiejska","Podlaskie","Wysokomazowiecki","Klukowo","Podlaskie / Wysokomazowiecki / Klukowo (2013042, gmina wiejska)",75,74,0,"[a]",0,0,0,"b) NIE","a) TAK",3830
"1222","https://fedrowanie.siecobywatelska.pl/sprawy/wnioski-o-informacje-w-2025-1062","KLWÓW","samorząd gminy","gmina wiejska","Mazowieckie","Przysuski","Klwów","Mazowieckie / Przysuski / Klwów (1423032, gmina wiejska)",30,30,0,"N/A",0,0,0,"b) NIE","b) NIE",3070
"1838","https://fedrowanie.siecobywatelska.pl/sprawy/wnioski-o-informacje-w-2025-842","KŁAJ","samorząd gminy","gmina wiejska","Małopolskie","Wielicki","Kłaj","Małopolskie / Wielicki / Kłaj (1219032, gmina wiejska)",96,96,0,"N/A",0,0,0,"b) NIE","b) NIE",11440
"558","https://fedrowanie.siecobywatelska.pl/sprawy/wnioski-o-informacje-w-2025-2203","KŁECKO","samorząd gminy","gmina miejsko-wiejska","Wielkopolskie","Gnieźnieński","Kłecko","Wielkopolskie / Gnieźnieński / Kłecko (3003053, gmina miejsko-wiejska)",101,100,0,"[a]",0,0,0,"b) NIE","b) NIE",6990
"864","https://fedrowanie.siecobywatelska.pl/sprawy/wnioski-o-informacje-w-2025-1803","KŁOBUCK","samorząd gminy","gmina miejsko-wiejska","Śląskie","Kłobucki","Kłobuck","Śląskie / Kłobucki / Kłobuck (2406013, gmina miejsko-wiejska)",84,83,1,"[a]",0,0,0,"b) NIE","b) NIE",19350
"261","https://fedrowanie.siecobywatelska.pl/sprawy/wnioski-o-informacje-w-2025-376","KŁOCZEW","samorząd gminy","gmina wiejska","Lubelskie","Rycki","Kłoczew","Lubelskie / Rycki / Kłoczew (0616022, gmina wiejska)",103,100,0,"[b, d]",0,0,0,"b) NIE","b) NIE",6730
"2277","https://fedrowanie.siecobywatelska.pl/sprawy/wnioski-o-informacje-w-2025-2204","KŁODAWA","samorząd gminy","gmina miejsko-wiejska","Wielkopolskie","Kolski","Kłodawa","Wielkopolskie / Kolski / Kłodawa (3009063, gmina miejsko-wiejska)",92,92,0,"N/A",1,0,0,"b) NIE","b) NIE",11570
"698","https://fedrowanie.siecobywatelska.pl/sprawy/wnioski-o-informacje-w-2025-550","KŁODAWA","samorząd gminy","gmina wiejska","Lubuskie","Gorzowski","Kłodawa","Lubuskie / Gorzowski / Kłodawa (0801042, gmina wiejska)",94,94,0,"N/A",0,7,0,"b) NIE","b) NIE",9460
"1600","https://fedrowanie.siecobywatelska.pl/sprawy/wnioski-o-informacje-w-2025-51","KŁODZKO","samorząd gminy","gmina wiejska","Dolnośląskie","Kłodzki","Kłodzko","Dolnośląskie / Kłodzki / Kłodzko (0208072, gmina wiejska)",84,81,3,"[f, i]",0,0,0,"a) TAK","b) NIE",16250
"2164","https://fedrowanie.siecobywatelska.pl/sprawy/wnioski-o-informacje-w-2025-50","KŁODZKO","samorząd gminy","gmina miejska","Dolnośląskie","Kłodzki","Kłodzko","Dolnośląskie / Kłodzki / Kłodzko (0208021, gmina miejska)",132,110,12,"[a, b]",0,0,0,"b) NIE","b) NIE",24190
"1221","https://fedrowanie.siecobywatelska.pl/sprawy/wnioski-o-informacje-w-2025-1804","KŁOMNICE","samorząd gminy","gmina wiejska","Śląskie","Częstochowski","Kłomnice","Śląskie / Częstochowski / Kłomnice (2404052, gmina wiejska)",150,148,2,"[f]",0,0,0,"b) NIE","a) TAK",12620
"1991","https://fedrowanie.siecobywatelska.pl/sprawy/wnioski-o-informacje-w-2025-1805","KNURÓW","samorząd gminy","gmina miejska","Śląskie","Gliwicki","Knurów","Śląskie / Gliwicki / Knurów (2405011, gmina miejska)",122,109,2,"[a, b, c]",1,0,0,"b) NIE","b) NIE",34920
"1992","https://fedrowanie.siecobywatelska.pl/sprawy/wnioski-o-informacje-w-2025-1555","KNYSZYN","samorząd gminy","gmina miejsko-wiejska","Podlaskie","Moniecki","Knyszyn","Podlaskie / Moniecki / Knyszyn (2008043, gmina miejsko-wiejska)",90,90,0,"N/A",0,0,0,"b) NIE","b) NIE",4400
"1575","https://fedrowanie.siecobywatelska.pl/sprawy/wnioski-o-informacje-w-2025-668","KOBIELE WIELKIE","samorząd gminy","gmina wiejska","Łódzkie","Radomszczański","Kobiele Wielkie","Łódzkie / Radomszczański / Kobiele Wielkie (1012062, gmina wiejska)",78,78,0,"N/A",0,0,0,"b) NIE","b) NIE",4160
"262","https://fedrowanie.siecobywatelska.pl/sprawy/wnioski-o-informacje-w-2025-1806","KOBIÓR","samorząd gminy","gmina wiejska","Śląskie","Pszczyński","Kobiór","Śląskie / Pszczyński / Kobiór (2410022, gmina wiejska)",75,75,0,"N/A",0,0,0,"a) TAK","b) NIE",5060
"1843","https://fedrowanie.siecobywatelska.pl/sprawy/wnioski-o-informacje-w-2025-2205","KOBYLA GÓRA","samorząd gminy","gmina wiejska","Wielkopolskie","Ostrzeszowski","Kobyla Góra","Wielkopolskie / Ostrzeszowski / Kobyla Góra (3018042, gmina wiejska)",76,73,1,"[e, f]",1,1,0,"b) NIE","b) NIE",6280
"1629","https://fedrowanie.siecobywatelska.pl/sprawy/wnioski-o-informacje-w-2025-2410","KOBYLANKA","samorząd gminy","gmina wiejska","Zachodniopomorskie","Stargardzki","Kobylanka","Zachodniopomorskie / Stargardzki / Kobylanka (3214062, gmina wiejska)",105,105,2,"[f, i]",0,0,0,"b) NIE","b) NIE",6940
"1993","https://fedrowanie.siecobywatelska.pl/sprawy/wnioski-o-informacje-w-2025-2206","KOBYLIN","samorząd gminy","gmina miejsko-wiejska","Wielkopolskie","Krotoszyński","Kobylin","Wielkopolskie / Krotoszyński / Kobylin (3012023, gmina miejsko-wiejska)",78,78,0,"N/A",0,0,0,"b) NIE","b) NIE",7600
"562","https://fedrowanie.siecobywatelska.pl/sprawy/wnioski-o-informacje-w-2025-1556","KOBYLIN-BORZYMY","samorząd gminy","gmina wiejska","Podlaskie","Wysokomazowiecki","Kobylin-Borzymy","Podlaskie / Wysokomazowiecki / Kobylin-Borzymy (2013052, gmina wiejska)",40,40,0,"N/A",0,0,0,"b) NIE","b) NIE",2840
"513","https://fedrowanie.siecobywatelska.pl/sprawy/wnioski-o-informacje-w-2025-1666","KOBYLNICA","samorząd gminy","gmina miejsko-wiejska","Pomorskie","Słupski","Kobylnica","Pomorskie / Słupski / Kobylnica (2212063, gmina miejsko-wiejska)",154,154,0,"N/A",0,0,0,"b) NIE","a) TAK",14590
"2278","https://fedrowanie.siecobywatelska.pl/sprawy/wnioski-o-informacje-w-2025-1063","KOBYŁKA","samorząd gminy","gmina miejska","Mazowieckie","Wołomiński","Kobyłka","Mazowieckie / Wołomiński / Kobyłka (1434011, gmina miejska)",194,189,5,"[e, e, e]",0,1,0,"b) NIE","a) TAK",28850
"263","https://fedrowanie.siecobywatelska.pl/sprawy/wnioski-o-informacje-w-2025-1807","KOCHANOWICE","samorząd gminy","gmina wiejska","Śląskie","Lubliniecki","Kochanowice","Śląskie / Lubliniecki / Kochanowice (2407052, gmina wiejska)",62,62,0,"[h]",0,0,0,"b) NIE","b) NIE",6940
"902","https://fedrowanie.siecobywatelska.pl/sprawy/wnioski-o-informacje-w-2025-669","KOCIERZEW POŁUDNIOWY","samorząd gminy","gmina wiejska","Łódzkie","Łowicki","Kocierzew Południowy","Łódzkie / Łowicki / Kocierzew Południowy (1005062, gmina wiejska)",66,66,0,"N/A",0,0,0,"b) NIE","b) NIE",3920
"563","https://fedrowanie.siecobywatelska.pl/sprawy/wnioski-o-informacje-w-2025-377","KOCK","samorząd gminy","gmina miejsko-wiejska","Lubelskie","Lubartowski","Kock","Lubelskie / Lubartowski / Kock (0608063, gmina miejsko-wiejska)",92,92,0,"N/A",0,0,0,"b) NIE","b) NIE",5580
"1223","https://fedrowanie.siecobywatelska.pl/sprawy/wnioski-o-informacje-w-2025-843","KOCMYRZÓW-LUBORZYCA","samorząd gminy","gmina wiejska","Małopolskie","Krakowski","Kocmyrzów-Luborzyca","Małopolskie / Krakowski / Kocmyrzów-Luborzyca (1206052, gmina wiejska)",44,44,0,"N/A",0,0,0,"b) NIE","b) NIE",18780
"1553","https://fedrowanie.siecobywatelska.pl/sprawy/wnioski-o-informacje-w-2025-1667","KOCZAŁA","samorząd gminy","gmina wiejska","Pomorskie","Człuchowski","Koczała","Pomorskie / Człuchowski / Koczała (2203052, gmina wiejska)",71,70,1,"[i]",0,0,0,"b) NIE","b) NIE",3070
"1630","https://fedrowanie.siecobywatelska.pl/sprawy/wnioski-o-informacje-w-2025-378","KODEŃ","samorząd gminy","gmina wiejska","Lubelskie","Bialski","Kodeń","Lubelskie / Bialski / Kodeń (0601062, gmina wiejska)",55,55,2,"[f]",0,1,0,"b) NIE","b) NIE",3170
"1844","https://fedrowanie.siecobywatelska.pl/sprawy/wnioski-o-informacje-w-2025-670","KODRĄB","samorząd gminy","gmina wiejska","Łódzkie","Radomszczański","Kodrąb","Łódzkie / Radomszczański / Kodrąb (1012072, gmina wiejska)",77,76,0,"N/A",1,0,0,"b) NIE","b) NIE",4190
"903","https://fedrowanie.siecobywatelska.pl/sprawy/wnioski-o-informacje-w-2025-1668","KOLBUDY","samorząd gminy","gmina wiejska","Pomorskie","Gdański","Kolbudy","Pomorskie / Gdański / Kolbudy (2204032, gmina wiejska)",139,139,0,"N/A",0,0,0,"b) NIE","b) NIE",22280
"2127","https://fedrowanie.siecobywatelska.pl/sprawy/wnioski-o-informacje-w-2025-1416","KOLBUSZOWA","samorząd gminy","gmina miejsko-wiejska","Podkarpackie","Kolbuszowski","Kolbuszowa","Podkarpackie / Kolbuszowski / Kolbuszowa (1806023, gmina miejsko-wiejska)",128,127,1,"[a, b, c]",6,0,0,"b) NIE","b) NIE",24000
"1748","https://fedrowanie.siecobywatelska.pl/sprawy/wnioski-o-informacje-w-2025-2073","KOLNO","samorząd gminy","gmina wiejska","Warmińsko-Mazurskie","Olsztyński","Kolno","Warmińsko-Mazurskie / Olsztyński / Kolno (2814082, gmina wiejska)",28,28,0,"N/A",0,0,0,"b) NIE","b) NIE",2690
"1846","https://fedrowanie.siecobywatelska.pl/sprawy/wnioski-o-informacje-w-2025-1558","KOLNO","samorząd gminy","gmina wiejska","Podlaskie","Kolneński","Kolno","Podlaskie / Kolneński / Kolno (2006032, gmina wiejska)",29,29,0,"N/A",0,0,0,"b) NIE","b) NIE",7770
"564","https://fedrowanie.siecobywatelska.pl/sprawy/wnioski-o-informacje-w-2025-1557","Kolno","samorząd gminy","gmina miejska","Podlaskie","Kolneński","Kolno","Podlaskie / Kolneński / Kolno (2006011, gmina miejska)",70,70,0,"N/A",0,0,0,"b) NIE","b) NIE",9690
"2128","https://fedrowanie.siecobywatelska.pl/sprawy/wnioski-o-informacje-w-2025-1307","KOLONOWSKIE","samorząd gminy","gmina miejsko-wiejska","Opolskie","Strzelecki","Kolonowskie","Opolskie / Strzelecki / Kolonowskie (1611033, gmina miejsko-wiejska)",71,71,0,"N/A",0,0,0,"b) NIE","b) NIE",5590
"566","https://fedrowanie.siecobywatelska.pl/sprawy/wnioski-o-informacje-w-2025-551","KOLSKO","samorząd gminy","gmina wiejska","Lubuskie","Nowosolski","Kolsko","Lubuskie / Nowosolski / Kolsko (0804032, gmina wiejska)",85,84,0,"[i]",0,0,0,"b) NIE","b) NIE",3180
"1631","https://fedrowanie.siecobywatelska.pl/sprawy/wnioski-o-informacje-w-2025-2207","KOŁACZKOWO","samorząd gminy","gmina wiejska","Wielkopolskie","Wrzesiński","Kołaczkowo","Wielkopolskie / Wrzesiński / Kołaczkowo (3030012, gmina wiejska)",85,83,2,"[i]",0,0,0,"b) NIE","b) NIE",5460
"1225","https://fedrowanie.siecobywatelska.pl/sprawy/wnioski-o-informacje-w-2025-1559","KOŁAKI KOŚCIELNE","samorząd gminy","gmina wiejska","Podlaskie","Zambrowski","Kołaki Kościelne","Podlaskie / Zambrowski / Kołaki Kościelne (2014022, gmina wiejska)",67,67,0,"N/A",0,0,0,"b) NIE","b) NIE",2120
"473","https://fedrowanie.siecobywatelska.pl/sprawy/wnioski-o-informacje-w-2025-2411","KOŁBASKOWO","samorząd gminy","gmina wiejska","Zachodniopomorskie","Policki","Kołbaskowo","Zachodniopomorskie / Policki / Kołbaskowo (3211022, gmina wiejska)",179,178,1,"[f]",0,0,0,"b) NIE","b) NIE",15730
"403","https://fedrowanie.siecobywatelska.pl/sprawy/wnioski-o-informacje-w-2025-1064","KOŁBIEL","samorząd gminy","gmina wiejska","Mazowieckie","Otwocki","Kołbiel","Mazowieckie / Otwocki / Kołbiel (1417052, gmina wiejska)",108,99,0,"[c, f, b]",0,0,0,"b) NIE","b) NIE",8320
"1845","https://fedrowanie.siecobywatelska.pl/sprawy/wnioski-o-informacje-w-2025-1669","KOŁCZYGŁOWY","samorząd gminy","gmina wiejska","Pomorskie","Bytowski","Kołczygłowy","Pomorskie / Bytowski / Kołczygłowy (2201042, gmina wiejska)",67,67,0,"N/A",0,0,0,"b) NIE","b) NIE",4050
"565","https://fedrowanie.siecobywatelska.pl/sprawy/wnioski-o-informacje-w-2025-2209","KOŁO","samorząd gminy","gmina wiejska","Wielkopolskie","Kolski","Koło","Wielkopolskie / Kolski / Koło (3009072, gmina wiejska)",64,64,0,"N/A",0,0,0,"b) NIE","b) NIE",8000
"1151","https://fedrowanie.siecobywatelska.pl/sprawy/wnioski-o-informacje-w-2025-2413","KOŁOBRZEG","samorząd gminy","gmina wiejska","Zachodniopomorskie","Kołobrzeski","Kołobrzeg","Zachodniopomorskie / Kołobrzeski / Kołobrzeg (3208042, gmina wiejska)",82,80,1,"[f]",0,0,0,"b) NIE","b) NIE",11080
"2373","https://fedrowanie.siecobywatelska.pl/sprawy/wnioski-o-informacje-w-2025-2412","KOŁOBRZEG","samorząd gminy","gmina miejska","Zachodniopomorskie","Kołobrzeski","Kołobrzeg","Zachodniopomorskie / Kołobrzeski / Kołobrzeg (3208011, gmina miejska)",179,112,8,"[b, c, d]",0,0,0,"a) TAK","b) NIE",43360
"1226","https://fedrowanie.siecobywatelska.pl/sprawy/wnioski-o-informacje-w-2025-1418","KOMAŃCZA","samorząd gminy","gmina wiejska","Podkarpackie","Sanocki","Komańcza","Podkarpackie / Sanocki / Komańcza (1817042, gmina wiejska)",68,68,3,"[a, d, h]",1,2,0,"b) NIE","b) NIE",4000
"718","https://fedrowanie.siecobywatelska.pl/sprawy/wnioski-o-informacje-w-2025-379","KOMARÓW-OSADA","samorząd gminy","gmina wiejska","Lubelskie","Zamojski","Komarów-Osada","Lubelskie / Zamojski / Komarów-Osada (0620032, gmina wiejska)",66,66,0,"N/A",0,0,0,"b) NIE","b) NIE",4350
"567","https://fedrowanie.siecobywatelska.pl/sprawy/wnioski-o-informacje-w-2025-380","KOMARÓWKA PODLASKA","samorząd gminy","gmina wiejska","Lubelskie","Radzyński","Komarówka Podlaska","Lubelskie / Radzyński / Komarówka Podlaska (0615052, gmina wiejska)",69,69,0,"N/A",0,0,0,"a) TAK","b) NIE",3720
"1227","https://fedrowanie.siecobywatelska.pl/sprawy/wnioski-o-informacje-w-2025-2210","KOMORNIKI","samorząd gminy","gmina wiejska","Wielkopolskie","Poznański","Komorniki","Wielkopolskie / Poznański / Komorniki (3021072, gmina wiejska)",115,114,1,"[f, i]",0,0,0,"b) NIE","b) NIE",37470
"1632","https://fedrowanie.siecobywatelska.pl/sprawy/wnioski-o-informacje-w-2025-1308","KOMPRACHCICE","samorząd gminy","gmina wiejska","Opolskie","Opolski","Komprachcice","Opolskie / Opolski / Komprachcice (1609042, gmina wiejska)",84,82,0,"[c]",0,0,0,"b) NIE","a) TAK",9370
"1633","https://fedrowanie.siecobywatelska.pl/sprawy/wnioski-o-informacje-w-2025-1670","KONARZYNY","samorząd gminy","gmina wiejska","Pomorskie","Chojnicki","Konarzyny","Pomorskie / Chojnicki / Konarzyny (2202052, gmina wiejska)",86,86,0,"N/A",0,0,0,"b) NIE","b) NIE",2220
"904","https://fedrowanie.siecobywatelska.pl/sprawy/wnioski-o-informacje-w-2025-53","KONDRATOWICE","samorząd gminy","gmina wiejska","Dolnośląskie","Strzeliński","Kondratowice","Dolnośląskie / Strzeliński / Kondratowice (0217022, gmina wiejska)",115,115,0,"N/A",2,2,0,"b) NIE","b) NIE",3880
"1847","https://fedrowanie.siecobywatelska.pl/sprawy/wnioski-o-informacje-w-2025-231","KONECK","samorząd gminy","gmina wiejska","Kujawsko-Pomorskie","Aleksandrowski","Koneck","Kujawsko-Pomorskie / Aleksandrowski / Koneck (0401062, gmina wiejska)",89,89,0,"N/A",0,0,0,"b) NIE","b) NIE",3040
"568","https://fedrowanie.siecobywatelska.pl/sprawy/wnioski-o-informacje-w-2025-1808","KONIECPOL","samorząd gminy","gmina miejsko-wiejska","Śląskie","Częstochowski","Koniecpol","Śląskie / Częstochowski / Koniecpol (2404063, gmina miejsko-wiejska)",96,95,1,"[f]",0,0,0,"b) NIE","a) TAK",8380
"264","https://fedrowanie.siecobywatelska.pl/sprawy/wnioski-o-informacje-w-2025-844","KONIUSZA","samorząd gminy","gmina wiejska","Małopolskie","Proszowicki","Koniusza","Małopolskie / Proszowicki / Koniusza (1214012, gmina wiejska)",63,63,0,"[a, b, c]",2,0,0,"b) NIE","b) NIE",9120
"905","https://fedrowanie.siecobywatelska.pl/sprawy/wnioski-o-informacje-w-2025-1809","KONOPISKA","samorząd gminy","gmina wiejska","Śląskie","Częstochowski","Konopiska","Śląskie / Częstochowski / Konopiska (2404072, gmina wiejska)",116,116,0,"N/A",0,0,0,"b) NIE","b) NIE",10860
"1749","https://fedrowanie.siecobywatelska.pl/sprawy/wnioski-o-informacje-w-2025-672","KONOPNICA","samorząd gminy","gmina wiejska","Łódzkie","Wieluński","Konopnica","Łódzkie / Wieluński / Konopnica (1017032, gmina wiejska)",63,61,1,"[a]",0,0,0,"b) NIE","b) NIE",3470
"906","https://fedrowanie.siecobywatelska.pl/sprawy/wnioski-o-informacje-w-2025-381","KONOPNICA","samorząd gminy","gmina wiejska","Lubelskie","Lubelski","Konopnica","Lubelskie / Lubelski / Konopnica (0609082, gmina wiejska)",76,"BD",0,"[a, b, c]",0,0,0,"a) TAK","b) NIE",16160
"569","https://fedrowanie.siecobywatelska.pl/sprawy/wnioski-o-informacje-w-2025-382","KONSTANTYNÓW","samorząd gminy","gmina wiejska","Lubelskie","Bialski","Konstantynów","Lubelskie / Bialski / Konstantynów (0601072, gmina wiejska)",83,73,0,"[i]",0,0,0,"b) NIE","b) NIE",3690
"907","https://fedrowanie.siecobywatelska.pl/sprawy/wnioski-o-informacje-w-2025-673","KONSTANTYNÓW ŁÓDZKI","samorząd gminy","gmina miejska","Łódzkie","Pabianicki","Konstantynów Łódzki","Łódzkie / Pabianicki / Konstantynów Łódzki (1008011, gmina miejska)",147,141,4,"[a, c, d]",0,0,0,"b) NIE","b) NIE",19280
"1040","https://fedrowanie.siecobywatelska.pl/sprawy/wnioski-o-informacje-w-2025-1952","KOŃSKIE","samorząd gminy","gmina miejsko-wiejska","Świętokrzyskie","Konecki","Końskie","Świętokrzyskie / Konecki / Końskie (2605033, gmina miejsko-wiejska)",82,82,0,"N/A",0,0,0,"b) NIE","b) NIE",31730
"1848","https://fedrowanie.siecobywatelska.pl/sprawy/wnioski-o-informacje-w-2025-383","KOŃSKOWOLA","samorząd gminy","gmina miejsko-wiejska","Lubelskie","Puławski","Końskowola","Lubelskie / Puławski / Końskowola (0614053, gmina miejsko-wiejska)",85,85,0,"N/A",0,0,0,"b) NIE","b) NIE",8230
"2110","https://fedrowanie.siecobywatelska.pl/sprawy/wnioski-o-informacje-w-2025-1953","KOPRZYWNICA","samorząd gminy","gmina miejsko-wiejska","Świętokrzyskie","Sandomierski","Koprzywnica","Świętokrzyskie / Sandomierski / Koprzywnica (2609043, gmina miejsko-wiejska)",45,45,0,"N/A",0,0,0,"b) NIE","b) NIE",6090
"571","https://fedrowanie.siecobywatelska.pl/sprawy/wnioski-o-informacje-w-2025-1066","KORCZEW","samorząd gminy","gmina wiejska","Mazowieckie","Siedlecki","Korczew","Mazowieckie / Siedlecki / Korczew (1426022, gmina wiejska)",69,69,0,"N/A",0,0,0,"b) NIE","b) NIE",2290
"572","https://fedrowanie.siecobywatelska.pl/sprawy/wnioski-o-informacje-w-2025-1419","KORCZYNA","samorząd gminy","gmina wiejska","Podkarpackie","Krośnieński","Korczyna","Podkarpackie / Krośnieński / Korczyna (1807052, gmina wiejska)",81,78,3,"[a, b]",2,0,0,"b) NIE","b) NIE",11020
"573","https://fedrowanie.siecobywatelska.pl/sprawy/wnioski-o-informacje-w-2025-1309","KORFANTÓW","samorząd gminy","gmina miejsko-wiejska","Opolskie","Nyski","Korfantów","Opolskie / Nyski / Korfantów (1607033, gmina miejsko-wiejska)",60,60,0,"N/A",0,0,0,"b) NIE","b) NIE",8220
"2280","https://fedrowanie.siecobywatelska.pl/sprawy/wnioski-o-informacje-w-2025-1810","KORNOWAC","samorząd gminy","gmina wiejska","Śląskie","Raciborski","Kornowac","Śląskie / Raciborski / Kornowac (2411022, gmina wiejska)",77,76,0,"[i]",0,0,0,"b) NIE","b) NIE",5190
"1026","https://fedrowanie.siecobywatelska.pl/sprawy/wnioski-o-informacje-w-2025-232","KORONOWO","samorząd gminy","gmina miejsko-wiejska","Kujawsko-Pomorskie","Bydgoski","Koronowo","Kujawsko-Pomorskie / Bydgoski / Koronowo (0403043, gmina miejsko-wiejska)",152,139,0,"[a, b, c]",0,0,0,"b) NIE","b) NIE",22990
"1830","https://fedrowanie.siecobywatelska.pl/sprawy/wnioski-o-informacje-w-2025-2074","KORSZE","samorząd gminy","gmina miejsko-wiejska","Warmińsko-Mazurskie","Kętrzyński","Korsze","Warmińsko-Mazurskie / Kętrzyński / Korsze (2808043, gmina miejsko-wiejska)",86,85,1,"[f]",0,0,0,"b) NIE","b) NIE",8420
"1006","https://fedrowanie.siecobywatelska.pl/sprawy/wnioski-o-informacje-w-2025-1560","KORYCIN","samorząd gminy","gmina wiejska","Podlaskie","Sokólski","Korycin","Podlaskie / Sokólski / Korycin (2011032, gmina wiejska)",91,91,0,"N/A",0,0,0,"b) NIE","a) TAK",3010
"1228","https://fedrowanie.siecobywatelska.pl/sprawy/wnioski-o-informacje-w-2025-1067","KORYTNICA","samorząd gminy","gmina wiejska","Mazowieckie","Węgrowski","Korytnica","Mazowieckie / Węgrowski / Korytnica (1433032, gmina wiejska)",81,78,0,"[a, b]",0,0,0,"b) NIE","b) NIE",5390
"1229","https://fedrowanie.siecobywatelska.pl/sprawy/wnioski-o-informacje-w-2025-845","KORZENNA","samorząd gminy","gmina wiejska","Małopolskie","Nowosądecki","Korzenna","Małopolskie / Nowosądecki / Korzenna (1210062, gmina wiejska)",87,87,2,"[b]",0,0,0,"b) NIE","a) TAK",14440
"797","https://fedrowanie.siecobywatelska.pl/sprawy/wnioski-o-informacje-w-2025-1068","KOSÓW LACKI","samorząd gminy","gmina miejsko-wiejska","Mazowieckie","Sokołowski","Kosów Lacki","Mazowieckie / Sokołowski / Kosów Lacki (1429053, gmina miejsko-wiejska)",81,81,0,"N/A",0,0,0,"b) NIE","b) NIE",5240
"266","https://fedrowanie.siecobywatelska.pl/sprawy/wnioski-o-informacje-w-2025-54","KOSTOMŁOTY","samorząd gminy","gmina wiejska","Dolnośląskie","Średzki","Kostomłoty","Dolnośląskie / Średzki / Kostomłoty (0218012, gmina wiejska)",115,115,0,"N/A",0,0,0,"b) NIE","b) NIE",7130
"1996","https://fedrowanie.siecobywatelska.pl/sprawy/wnioski-o-informacje-w-2025-2212","KOSTRZYN","samorząd gminy","gmina miejsko-wiejska","Wielkopolskie","Poznański","Kostrzyn","Wielkopolskie / Poznański / Kostrzyn (3021083, gmina miejsko-wiejska)",139,89,2,"[a, c]",0,1,0,"b) NIE","b) NIE",21000
"1956","https://fedrowanie.siecobywatelska.pl/sprawy/wnioski-o-informacje-w-2025-2414","Koszalin","samorząd gminy","miasto na prawach powiatu","Zachodniopomorskie","Koszalin",,"Zachodniopomorskie / Koszalin (3261, miasto na prawach powiatu)",454,346,5,"[a, b, c]",0,1,0,"a) TAK","b) NIE",104580
"1849","https://fedrowanie.siecobywatelska.pl/sprawy/wnioski-o-informacje-w-2025-1811","KOSZARAWA","samorząd gminy","gmina wiejska","Śląskie","Żywiecki","Koszarawa","Śląskie / Żywiecki / Koszarawa (2417052, gmina wiejska)",51,51,0,"N/A",0,0,0,"b) NIE","b) NIE",2170
"1850","https://fedrowanie.siecobywatelska.pl/sprawy/wnioski-o-informacje-w-2025-846","KOSZYCE","samorząd gminy","gmina miejsko-wiejska","Małopolskie","Proszowicki","Koszyce","Małopolskie / Proszowicki / Koszyce (1214023, gmina miejsko-wiejska)",70,70,0,"N/A",0,0,0,"b) NIE","b) NIE",5170
"575","https://fedrowanie.siecobywatelska.pl/sprawy/wnioski-o-informacje-w-2025-2213","KOŚCIAN","samorząd gminy","gmina miejska","Wielkopolskie","Kościański","Kościan","Wielkopolskie / Kościański / Kościan (3011011, gmina miejska)",77,77,0,"N/A",0,0,0,"b) NIE","b) NIE",22960
"865","https://fedrowanie.siecobywatelska.pl/sprawy/wnioski-o-informacje-w-2025-2214","KOŚCIAN","samorząd gminy","gmina wiejska","Wielkopolskie","Kościański","Kościan","Wielkopolskie / Kościański / Kościan (3011032, gmina wiejska)",72,69,0,"[c]",0,0,0,"b) NIE","b) NIE",15880
"679","https://fedrowanie.siecobywatelska.pl/sprawy/wnioski-o-informacje-w-2025-847","KOŚCIELISKO","samorząd gminy","gmina wiejska","Małopolskie","Tatrzański","Kościelisko","Małopolskie / Tatrzański / Kościelisko (1217042, gmina wiejska)",88,"BD","BD","BD",0,0,0,"b) NIE","a) TAK",9090
"1634","https://fedrowanie.siecobywatelska.pl/sprawy/wnioski-o-informacje-w-2025-1673","KOŚCIERZYNA","samorząd gminy","gmina wiejska","Pomorskie","Kościerski","Kościerzyna","Pomorskie / Kościerski / Kościerzyna (2206042, gmina wiejska)",17,16,1,"[b]",0,0,0,"b) NIE","b) NIE",16050
"2281","https://fedrowanie.siecobywatelska.pl/sprawy/wnioski-o-informacje-w-2025-1672","KOŚCIERZYNA","samorząd gminy","gmina miejska","Pomorskie","Kościerski","Kościerzyna","Pomorskie / Kościerski / Kościerzyna (2206011, gmina miejska)",94,92,2,"[a, g]",0,1,0,"b) NIE","b) NIE",23130
"267","https://fedrowanie.siecobywatelska.pl/sprawy/wnioski-o-informacje-w-2025-55","KOTLA","samorząd gminy","gmina wiejska","Dolnośląskie","Głogowski","Kotla","Dolnośląskie / Głogowski / Kotla (0203042, gmina wiejska)",82,77,5,"[f]",0,0,0,"b) NIE","b) NIE",4400
"578","https://fedrowanie.siecobywatelska.pl/sprawy/wnioski-o-informacje-w-2025-233","KOWAL","samorząd gminy","gmina miejska","Kujawsko-Pomorskie","Włocławski","Kowal","Kujawsko-Pomorskie / Włocławski / Kowal (0418011, gmina miejska)",54,54,0,"N/A",0,0,0,"b) NIE","b) NIE",3230
"579","https://fedrowanie.siecobywatelska.pl/sprawy/wnioski-o-informacje-w-2025-234","KOWAL","samorząd gminy","gmina wiejska","Kujawsko-Pomorskie","Włocławski","Kowal","Kujawsko-Pomorskie / Włocławski / Kowal (0418092, gmina wiejska)",41,41,0,"N/A",0,0,0,"b) NIE","b) NIE",3810
"1232","https://fedrowanie.siecobywatelska.pl/sprawy/wnioski-o-informacje-w-2025-1070","KOWALA","samorząd gminy","gmina wiejska","Mazowieckie","Radomski","Kowala","Mazowieckie / Radomski / Kowala (1425072, gmina wiejska)",85,85,0,"N/A",0,0,0,"b) NIE","b) NIE",12550
"268","https://fedrowanie.siecobywatelska.pl/sprawy/wnioski-o-informacje-w-2025-2075","KOWALE OLECKIE","samorząd gminy","gmina wiejska","Warmińsko-Mazurskie","Olecki","Kowale Oleckie","Warmińsko-Mazurskie / Olecki / Kowale Oleckie (2813032, gmina wiejska)",51,51,0,"N/A",0,0,0,"b) NIE","b) NIE",4410
"2283","https://fedrowanie.siecobywatelska.pl/sprawy/wnioski-o-informacje-w-2025-235","KOWALEWO POMORSKIE","samorząd gminy","gmina miejsko-wiejska","Kujawsko-Pomorskie","Golubsko-Dobrzyński","Kowalewo Pomorskie","Kujawsko-Pomorskie / Golubsko-Dobrzyński / Kowalewo Pomorskie (0405043, gmina miejsko-wiejska)",90,88,0,"[b, d]",0,0,0,"b) NIE","b) NIE",11060
"908","https://fedrowanie.siecobywatelska.pl/sprawy/wnioski-o-informacje-w-2025-56","KOWARY","samorząd gminy","gmina miejska","Dolnośląskie","Karkonoski","Kowary","Dolnośląskie / Karkonoski / Kowary (0206021, gmina miejska)",91,91,0,"[a]",0,0,0,"b) NIE","a) TAK",9360
"2284","https://fedrowanie.siecobywatelska.pl/sprawy/wnioski-o-informacje-w-2025-674","KOWIESY","samorząd gminy","gmina wiejska","Łódzkie","Skierniewicki","Kowiesy","Łódzkie / Skierniewicki / Kowiesy (1015042, gmina wiejska)",73,72,0,"[i]",0,0,0,"b) NIE","b) NIE",2750
"1233","https://fedrowanie.siecobywatelska.pl/sprawy/wnioski-o-informacje-w-2025-1813","KOZIEGŁOWY","samorząd gminy","gmina miejsko-wiejska","Śląskie","Myszkowski","Koziegłowy","Śląskie / Myszkowski / Koziegłowy (2409023, gmina miejsko-wiejska)",70,66,0,"[c]",0,0,0,"b) NIE","b) NIE",14010
"2285","https://fedrowanie.siecobywatelska.pl/sprawy/wnioski-o-informacje-w-2025-1071","KOZIENICE","samorząd gminy","gmina miejsko-wiejska","Mazowieckie","Kozienicki","Kozienice","Mazowieckie / Kozienicki / Kozienice (1407053, gmina miejsko-wiejska)",97,97,0,"N/A",0,0,0,"b) NIE","b) NIE",27170
"270","https://fedrowanie.siecobywatelska.pl/sprawy/wnioski-o-informacje-w-2025-2076","KOZŁOWO","samorząd gminy","gmina wiejska","Warmińsko-Mazurskie","Nidzicki","Kozłowo","Warmińsko-Mazurskie / Nidzicki / Kozłowo (2811032, gmina wiejska)",83,73,0,"[a, b, c]",0,0,0,"b) NIE","b) NIE",5190
"269","https://fedrowanie.siecobywatelska.pl/sprawy/wnioski-o-informacje-w-2025-848","KOZŁÓW","samorząd gminy","gmina wiejska","Małopolskie","Miechowski","Kozłów","Małopolskie / Miechowski / Kozłów (1208032, gmina wiejska)",88,87,0,"[f]",0,0,0,"b) NIE","a) TAK",4340
"910","https://fedrowanie.siecobywatelska.pl/sprawy/wnioski-o-informacje-w-2025-2217","KOŹMIN WIELKOPOLSKI","samorząd gminy","gmina miejsko-wiejska","Wielkopolskie","Krotoszyński","Koźmin Wielkopolski","Wielkopolskie / Krotoszyński / Koźmin Wielkopolski (3012033, gmina miejsko-wiejska)",83,82,0,"[f]",0,0,0,"b) NIE","b) NIE",12310
"271","https://fedrowanie.siecobywatelska.pl/sprawy/wnioski-o-informacje-w-2025-2218","KOŹMINEK","samorząd gminy","gmina miejsko-wiejska","Wielkopolskie","Kaliski","Koźminek","Wielkopolskie / Kaliski / Koźminek (3007053, gmina miejsko-wiejska)",67,67,0,"N/A",0,0,0,"b) NIE","b) NIE",7270
"574","https://fedrowanie.siecobywatelska.pl/sprawy/wnioski-o-informacje-w-2025-2219","KÓRNIK","samorząd gminy","gmina miejsko-wiejska","Wielkopolskie","Poznański","Kórnik","Wielkopolskie / Poznański / Kórnik (3021093, gmina miejsko-wiejska)",166,146,2,"[a, b, c]",0,0,0,"b) NIE","b) NIE",38760
"1235","https://fedrowanie.siecobywatelska.pl/sprawy/wnioski-o-informacje-w-2025-2220","KRAJENKA","samorząd gminy","gmina miejsko-wiejska","Wielkopolskie","Złotowski","Krajenka","Wielkopolskie / Złotowski / Krajenka (3031033, gmina miejsko-wiejska)",8,8,0,"N/A",0,0,0,"b) NIE","b) NIE",7300
"2160","https://fedrowanie.siecobywatelska.pl/sprawy/wnioski-o-informacje-w-2025-849","Kraków","samorząd gminy","miasto na prawach powiatu","Małopolskie","Kraków",,"Małopolskie / Kraków (1261, miasto na prawach powiatu)",3311,"BD",18,"[a, b, c]",2,4,0,"b) NIE","b) NIE",816610
"2129","https://fedrowanie.siecobywatelska.pl/sprawy/wnioski-o-informacje-w-2025-1310","KRAPKOWICE","samorząd gminy","gmina miejsko-wiejska","Opolskie","Krapkowicki","Krapkowice","Opolskie / Krapkowicki / Krapkowice (1605023, gmina miejsko-wiejska)",129,107,0,"[a, b, c]",0,0,0,"b) NIE","b) NIE",21220
"1851","https://fedrowanie.siecobywatelska.pl/sprawy/wnioski-o-informacje-w-2025-1420","KRASICZYN","samorząd gminy","gmina wiejska","Podkarpackie","Przemyski","Krasiczyn","Podkarpackie / Przemyski / Krasiczyn (1813042, gmina wiejska)",70,70,0,"N/A",0,0,0,"b) NIE","b) NIE",5060
"1236","https://fedrowanie.siecobywatelska.pl/sprawy/wnioski-o-informacje-w-2025-1421","KRASNE","samorząd gminy","gmina wiejska","Podkarpackie","Rzeszowski","Krasne","Podkarpackie / Rzeszowski / Krasne (1816092, gmina wiejska)",134,131,3,"[a, f]",1,1,0,"b) NIE","b) NIE",13390
"1750","https://fedrowanie.siecobywatelska.pl/sprawy/wnioski-o-informacje-w-2025-1072","KRASNE","samorząd gminy","gmina wiejska","Mazowieckie","Przasnyski","Krasne","Mazowieckie / Przasnyski / Krasne (1422052, gmina wiejska)",39,39,0,"N/A",0,0,0,"b) NIE","b) NIE",3190
"1998","https://fedrowanie.siecobywatelska.pl/sprawy/wnioski-o-informacje-w-2025-384","KRASNOBRÓD","samorząd gminy","gmina miejsko-wiejska","Lubelskie","Zamojski","Krasnobród","Lubelskie / Zamojski / Krasnobród (0620043, gmina miejsko-wiejska)",34,34,0,"N/A",0,0,0,"b) NIE","b) NIE",6560
"52","https://fedrowanie.siecobywatelska.pl/sprawy/wnioski-o-informacje-w-2025-1561","KRASNOPOL","samorząd gminy","gmina wiejska","Podlaskie","Sejneński","Krasnopol","Podlaskie / Sejneński / Krasnopol (2009032, gmina wiejska)",89,89,5,"[f, g, i]",0,0,0,"b) NIE","b) NIE",3460
"1852","https://fedrowanie.siecobywatelska.pl/sprawy/wnioski-o-informacje-w-2025-1073","KRASNOSIELC","samorząd gminy","gmina wiejska","Mazowieckie","Makowski","Krasnosielc","Mazowieckie / Makowski / Krasnosielc (1411042, gmina wiejska)",70,70,0,"N/A",0,0,0,"b) NIE","b) NIE",5750
"1237","https://fedrowanie.siecobywatelska.pl/sprawy/wnioski-o-informacje-w-2025-386","KRASNYSTAW","samorząd gminy","gmina wiejska","Lubelskie","Krasnostawski","Krasnystaw","Lubelskie / Krasnostawski / Krasnystaw (0606052, gmina wiejska)",81,81,0,"N/A",0,0,0,"b) NIE","b) NIE",7960
"635","https://fedrowanie.siecobywatelska.pl/sprawy/wnioski-o-informacje-w-2025-385","KRASNYSTAW","samorząd gminy","gmina miejska","Lubelskie","Krasnostawski","Krasnystaw","Lubelskie / Krasnostawski / Krasnystaw (0606011, gmina miejska)",99,99,1,"N/A",1,0,0,"b) NIE","b) NIE",16850
"272","https://fedrowanie.siecobywatelska.pl/sprawy/wnioski-o-informacje-w-2025-1954","KRASOCIN","samorząd gminy","gmina wiejska","Świętokrzyskie","Włoszczowski","Krasocin","Świętokrzyskie / Włoszczowski / Krasocin (2613022, gmina wiejska)",86,85,0,"N/A",1,1,0,"b) NIE","b) NIE",9890
"1558","https://fedrowanie.siecobywatelska.pl/sprawy/wnioski-o-informacje-w-2025-2222","KRASZEWICE","samorząd gminy","gmina wiejska","Wielkopolskie","Ostrzeszowski","Kraszewice","Wielkopolskie / Ostrzeszowski / Kraszewice (3018052, gmina wiejska)",37,36,1,"[b]",0,0,0,"b) NIE","b) NIE",3490
"581","https://fedrowanie.siecobywatelska.pl/sprawy/wnioski-o-informacje-w-2025-387","KRAŚNICZYN","samorząd gminy","gmina wiejska","Lubelskie","Krasnostawski","Kraśniczyn","Lubelskie / Krasnostawski / Kraśniczyn (0606062, gmina wiejska)",67,65,2,"[a, f, h]",0,0,0,"b) NIE","b) NIE",3340
"540","https://fedrowanie.siecobywatelska.pl/sprawy/wnioski-o-informacje-w-2025-388","KRAŚNIK","samorząd gminy","gmina miejska","Lubelskie","Kraśnicki","Kraśnik","Lubelskie / Kraśnicki / Kraśnik (0607011, gmina miejska)",113,112,0,"[i]",0,0,0,"b) NIE","b) NIE",30530
"866","https://fedrowanie.siecobywatelska.pl/sprawy/wnioski-o-informacje-w-2025-389","KRAŚNIK","samorząd gminy","gmina wiejska","Lubelskie","Kraśnicki","Kraśnik","Lubelskie / Kraśnicki / Kraśnik (0607052, gmina wiejska)",34,34,0,"N/A",0,0,0,"b) NIE","b) NIE",6830
"1853","https://fedrowanie.siecobywatelska.pl/sprawy/wnioski-o-informacje-w-2025-1422","KREMPNA","samorząd gminy","gmina wiejska","Podkarpackie","Jasielski","Krempna","Podkarpackie / Jasielski / Krempna (1805062, gmina wiejska)",121,120,1,"[a]",0,0,0,"b) NIE","b) NIE",1650
"582","https://fedrowanie.siecobywatelska.pl/sprawy/wnioski-o-informacje-w-2025-2223","KROBIA","samorząd gminy","gmina miejsko-wiejska","Wielkopolskie","Gostyński","Krobia","Wielkopolskie / Gostyński / Krobia (3004033, gmina miejsko-wiejska)",98,98,0,"N/A",0,0,0,"b) NIE","a) TAK",12450
"583","https://fedrowanie.siecobywatelska.pl/sprawy/wnioski-o-informacje-w-2025-1815","KROCZYCE","samorząd gminy","gmina wiejska","Śląskie","Zawierciański","Kroczyce","Śląskie / Zawierciański / Kroczyce (2416042, gmina wiejska)",85,84,1,"[h]",0,0,0,"b) NIE","b) NIE",5970
"2286","https://fedrowanie.siecobywatelska.pl/sprawy/wnioski-o-informacje-w-2025-1674","KROKOWA","samorząd gminy","gmina wiejska","Pomorskie","Pucki","Krokowa","Pomorskie / Pucki / Krokowa (2211062, gmina wiejska)",45,45,0,"N/A",0,0,0,"b) NIE","b) NIE",10470
"273","https://fedrowanie.siecobywatelska.pl/sprawy/wnioski-o-informacje-w-2025-850","KROŚCIENKO NAD DUNAJCEM","samorząd gminy","gmina wiejska","Małopolskie","Nowotarski","Krościenko Nad Dunajcem","Małopolskie / Nowotarski / Krościenko Nad Dunajcem (1211062, gmina wiejska)",98,97,2,"[f, g]",1,1,0,"b) NIE","b) NIE",6590
"2287","https://fedrowanie.siecobywatelska.pl/sprawy/wnioski-o-informacje-w-2025-1424","KROŚCIENKO WYŻNE","samorząd gminy","gmina wiejska","Podkarpackie","Krośnieński","Krościenko Wyżne","Podkarpackie / Krośnieński / Krościenko Wyżne (1807062, gmina wiejska)",82,81,1,"[g]",0,0,0,"b) NIE","a) TAK",5270
"109","https://fedrowanie.siecobywatelska.pl/sprawy/wnioski-o-informacje-w-2025-675","KROŚNIEWICE","samorząd gminy","gmina miejsko-wiejska","Łódzkie","Kutnowski","Krośniewice","Łódzkie / Kutnowski / Krośniewice (1002043, gmina miejsko-wiejska)",107,98,4,"[a, c, f]",1,0,0,"b) NIE","b) NIE",7520
"1637","https://fedrowanie.siecobywatelska.pl/sprawy/wnioski-o-informacje-w-2025-58","KROTOSZYCE","samorząd gminy","gmina wiejska","Dolnośląskie","Legnicki","Krotoszyce","Dolnośląskie / Legnicki / Krotoszyce (0209032, gmina wiejska)",80,80,0,"N/A",0,0,0,"b) NIE","b) NIE",3310
"1999","https://fedrowanie.siecobywatelska.pl/sprawy/wnioski-o-informacje-w-2025-2224","KROTOSZYN","samorząd gminy","gmina miejsko-wiejska","Wielkopolskie","Krotoszyński","Krotoszyn","Wielkopolskie / Krotoszyński / Krotoszyn (3012043, gmina miejsko-wiejska)",116,105,0,"[a, g, i]",0,0,0,"b) NIE","b) NIE",39000
"185","https://fedrowanie.siecobywatelska.pl/sprawy/wnioski-o-informacje-w-2025-1816","KRUPSKIMŁYN","samorząd gminy","gmina wiejska","Śląskie","Tarnogórski","Krupski Młyn","Śląskie / Tarnogórski / Krupski Młyn (2413052, gmina wiejska)",81,81,0,"N/A",0,0,0,"b) NIE","b) NIE",2920
"689","https://fedrowanie.siecobywatelska.pl/sprawy/wnioski-o-informacje-w-2025-236","KRUSZWICA","samorząd gminy","gmina miejsko-wiejska","Kujawsko-Pomorskie","Inowrocławski","Kruszwica","Kujawsko-Pomorskie / Inowrocławski / Kruszwica (0407063, gmina miejsko-wiejska)",135,135,0,"N/A",0,0,0,"b) NIE","b) NIE",17330
"1638","https://fedrowanie.siecobywatelska.pl/sprawy/wnioski-o-informacje-w-2025-1817","KRUSZYNA","samorząd gminy","gmina wiejska","Śląskie","Częstochowski","Kruszyna","Śląskie / Częstochowski / Kruszyna (2404082, gmina wiejska)",90,89,1,"[f]",0,0,0,"b) NIE","b) NIE",4640
"2000","https://fedrowanie.siecobywatelska.pl/sprawy/wnioski-o-informacje-w-2025-1675","KRYNICA MORSKA","samorząd gminy","gmina miejska","Pomorskie","Nowodworski","Krynica Morska","Pomorskie / Nowodworski / Krynica Morska (2210011, gmina miejska)",75,75,0,"N/A",0,0,0,"b) NIE","b) NIE",1130
"1935","https://fedrowanie.siecobywatelska.pl/sprawy/wnioski-o-informacje-w-2025-851","KRYNICA-ZDRÓJ","samorząd gminy","gmina miejsko-wiejska","Małopolskie","Nowosądecki","Krynica-Zdrój","Małopolskie / Nowosądecki / Krynica-Zdrój (1210073, gmina miejsko-wiejska)",68,68,0,"N/A",1,0,0,"b) NIE","b) NIE",15280
"584","https://fedrowanie.siecobywatelska.pl/sprawy/wnioski-o-informacje-w-2025-390","KRYNICE","samorząd gminy","gmina wiejska","Lubelskie","Tomaszowski","Krynice","Lubelskie / Tomaszowski / Krynice (0618042, gmina wiejska)",84,"BD",0,"N/A",0,0,0,"b) NIE","b) NIE",2900
"541","https://fedrowanie.siecobywatelska.pl/sprawy/wnioski-o-informacje-w-2025-1562","KRYNKI","samorząd gminy","gmina miejsko-wiejska","Podlaskie","Sokólski","Krynki","Podlaskie / Sokólski / Krynki (2011043, gmina miejsko-wiejska)",72,70,1,"[a, b]",1,0,0,"b) NIE","a) TAK",2630
"1854","https://fedrowanie.siecobywatelska.pl/sprawy/wnioski-o-informacje-w-2025-1563","KRYPNO","samorząd gminy","gmina wiejska","Podlaskie","Moniecki","Krypno","Podlaskie / Moniecki / Krypno (2008052, gmina wiejska)",73,73,0,"N/A",0,0,0,"b) NIE","b) NIE",3670
"1238","https://fedrowanie.siecobywatelska.pl/sprawy/wnioski-o-informacje-w-2025-1818","KRZANOWICE","samorząd gminy","gmina miejsko-wiejska","Śląskie","Raciborski","Krzanowice","Śląskie / Raciborski / Krzanowice (2411033, gmina miejsko-wiejska)",87,85,2,"[a, b]",0,0,0,"b) NIE","b) NIE",5170
"912","https://fedrowanie.siecobywatelska.pl/sprawy/wnioski-o-informacje-w-2025-391","KRZCZONÓW","samorząd gminy","gmina wiejska","Lubelskie","Lubelski","Krzczonów","Lubelskie / Lubelski / Krzczonów (0609092, gmina wiejska)",26,26,0,"N/A",0,0,0,"b) NIE","b) NIE",4000
"2130","https://fedrowanie.siecobywatelska.pl/sprawy/wnioski-o-informacje-w-2025-1819","KRZEPICE","samorząd gminy","gmina miejsko-wiejska","Śląskie","Kłobucki","Krzepice","Śląskie / Kłobucki / Krzepice (2406023, gmina miejsko-wiejska)",32,32,0,"N/A",0,0,0,"b) NIE","b) NIE",8340
"1027","https://fedrowanie.siecobywatelska.pl/sprawy/wnioski-o-informacje-w-2025-852","KRZESZOWICE","samorząd gminy","gmina miejsko-wiejska","Małopolskie","Krakowski","Krzeszowice","Małopolskie / Krakowski / Krzeszowice (1206063, gmina miejsko-wiejska)",174,174,2,"[a, b, c]",1,0,0,"b) NIE","b) NIE",31660
"1239","https://fedrowanie.siecobywatelska.pl/sprawy/wnioski-o-informacje-w-2025-1425","KRZESZÓW","samorząd gminy","gmina wiejska","Podkarpackie","Niżański","Krzeszów","Podkarpackie / Niżański / Krzeszów (1812042, gmina wiejska)",74,74,0,"N/A",0,0,0,"b) NIE","b) NIE",4050
"2288","https://fedrowanie.siecobywatelska.pl/sprawy/wnioski-o-informacje-w-2025-2416","KRZĘCIN","samorząd gminy","gmina wiejska","Zachodniopomorskie","Choszczeński","Krzęcin","Zachodniopomorskie / Choszczeński / Krzęcin (3202042, gmina wiejska)",86,74,1,"[a, b, i]",0,0,0,"b) NIE","a) TAK",3160
"585","https://fedrowanie.siecobywatelska.pl/sprawy/wnioski-o-informacje-w-2025-2226","KRZYKOSY","samorząd gminy","gmina wiejska","Wielkopolskie","Średzki","Krzykosy","Wielkopolskie / Średzki / Krzykosy (3025022, gmina wiejska)",85,85,0,"N/A",0,0,0,"b) NIE","b) NIE",7450
"586","https://fedrowanie.siecobywatelska.pl/sprawy/wnioski-o-informacje-w-2025-2227","KRZYMÓW","samorząd gminy","gmina wiejska","Wielkopolskie","Koniński","Krzymów","Wielkopolskie / Koniński / Krzymów (3010062, gmina wiejska)",92,90,0,"[b]",0,0,0,"b) NIE","b) NIE",8300
"274","https://fedrowanie.siecobywatelska.pl/sprawy/wnioski-o-informacje-w-2025-1074","KRZYNOWŁOGA MAŁA","samorząd gminy","gmina wiejska","Mazowieckie","Przasnyski","Krzynowłoga Mała","Mazowieckie / Przasnyski / Krzynowłoga Mała (1422062, gmina wiejska)",65,64,1,"[f]",0,0,0,"b) NIE","a) TAK",3150
"1855","https://fedrowanie.siecobywatelska.pl/sprawy/wnioski-o-informacje-w-2025-1426","KRZYWCZA","samorząd gminy","gmina wiejska","Podkarpackie","Przemyski","Krzywcza","Podkarpackie / Przemyski / Krzywcza (1813052, gmina wiejska)",81,81,0,"N/A",0,0,0,"b) NIE","b) NIE",4430
"867","https://fedrowanie.siecobywatelska.pl/sprawy/wnioski-o-informacje-w-2025-392","KRZYWDA","samorząd gminy","gmina wiejska","Lubelskie","Łukowski","Krzywda","Lubelskie / Łukowski / Krzywda (0611042, gmina wiejska)",110,101,10,"[b, f]",0,0,0,"b) NIE","b) NIE",9630
"2131","https://fedrowanie.siecobywatelska.pl/sprawy/wnioski-o-informacje-w-2025-2228","KRZYWIŃ","samorząd gminy","gmina miejsko-wiejska","Wielkopolskie","Kościański","Krzywiń","Wielkopolskie / Kościański / Krzywiń (3011043, gmina miejsko-wiejska)",47,47,0,"N/A",1,0,0,"b) NIE","b) NIE",9380
"2090","https://fedrowanie.siecobywatelska.pl/sprawy/wnioski-o-informacje-w-2025-2229","KRZYŻ WIELKOPOLSKI","samorząd gminy","gmina miejsko-wiejska","Wielkopolskie","Czarnkowsko-Trzcianecki","Krzyż Wielkopolski","Wielkopolskie / Czarnkowsko-Trzcianecki / Krzyż Wielkopolski (3002043, gmina miejsko-wiejska)",166,162,0,"[a]",0,0,0,"b) NIE","a) TAK",8080
"1241","https://fedrowanie.siecobywatelska.pl/sprawy/wnioski-o-informacje-w-2025-1820","KRZYŻANOWICE","samorząd gminy","gmina wiejska","Śląskie","Raciborski","Krzyżanowice","Śląskie / Raciborski / Krzyżanowice (2411042, gmina wiejska)",72,72,0,"N/A",0,0,0,"b) NIE","b) NIE",10570
"914","https://fedrowanie.siecobywatelska.pl/sprawy/wnioski-o-informacje-w-2025-677","KSAWERÓW","samorząd gminy","gmina wiejska","Łódzkie","Pabianicki","Ksawerów","Łódzkie / Pabianicki / Ksawerów (1008052, gmina wiejska)",149,143,5,"[e, f]",0,0,0,"b) NIE","b) NIE",7630
"2289","https://fedrowanie.siecobywatelska.pl/sprawy/wnioski-o-informacje-w-2025-2230","KSIĄŻ WIELKOPOLSKI","samorząd gminy","gmina miejsko-wiejska","Wielkopolskie","Śremski","Książ Wielkopolski","Wielkopolskie / Śremski / Książ Wielkopolski (3026033, gmina miejsko-wiejska)",73,73,0,"N/A",0,0,0,"b) NIE","b) NIE",7930
"474","https://fedrowanie.siecobywatelska.pl/sprawy/wnioski-o-informacje-w-2025-393","KSIĘŻPOL","samorząd gminy","gmina wiejska","Lubelskie","Biłgorajski","Księżpol","Lubelskie / Biłgorajski / Księżpol (0602082, gmina wiejska)",27,27,0,"N/A",0,0,0,"b) NIE","b) NIE",6580
"1421","https://fedrowanie.siecobywatelska.pl/sprawy/wnioski-o-informacje-w-2025-1075","KUCZBORK-OSADA","samorząd gminy","gmina wiejska","Mazowieckie","Żuromiński","Kuczbork-Osada","Mazowieckie / Żuromiński / Kuczbork-Osada (1437022, gmina wiejska)",41,41,0,"N/A",0,0,0,"b) NIE","b) NIE",4170
"587","https://fedrowanie.siecobywatelska.pl/sprawy/wnioski-o-informacje-w-2025-59","KUDOWA-ZDRÓJ","samorząd gminy","gmina miejska","Dolnośląskie","Kłodzki","Kudowa-Zdrój","Dolnośląskie / Kłodzki / Kudowa-Zdrój (0208031, gmina miejska)",62,62,0,"N/A",1,0,0,"b) NIE","b) NIE",9020
"1242","https://fedrowanie.siecobywatelska.pl/sprawy/wnioski-o-informacje-w-2025-1564","KULESZE KOŚCIELNE","samorząd gminy","gmina wiejska","Podlaskie","Wysokomazowiecki","Kulesze Kościelne","Podlaskie / Wysokomazowiecki / Kulesze Kościelne (2013062, gmina wiejska)",73,73,0,"N/A",0,0,0,"b) NIE","b) NIE",2860
"589","https://fedrowanie.siecobywatelska.pl/sprawy/wnioski-o-informacje-w-2025-60","KUNICE","samorząd gminy","gmina wiejska","Dolnośląskie","Legnicki","Kunice","Dolnośląskie / Legnicki / Kunice (0209042, gmina wiejska)",140,134,6,"[a, b, f]",0,1,0,"b) NIE","b) NIE",7850
"2290","https://fedrowanie.siecobywatelska.pl/sprawy/wnioski-o-informacje-w-2025-1955","KUNÓW","samorząd gminy","gmina miejsko-wiejska","Świętokrzyskie","Ostrowiecki","Kunów","Świętokrzyskie / Ostrowiecki / Kunów (2607053, gmina miejsko-wiejska)",88,85,2,"[a, c, f]",2,2,0,"b) NIE","b) NIE",8980
"590","https://fedrowanie.siecobywatelska.pl/sprawy/wnioski-o-informacje-w-2025-394","KURÓW","samorząd gminy","gmina miejsko-wiejska","Lubelskie","Puławski","Kurów","Lubelskie / Puławski / Kurów (0614063, gmina miejsko-wiejska)",85,81,0,"[a, b, c]",0,0,0,"b) NIE","b) NIE",7280
"915","https://fedrowanie.siecobywatelska.pl/sprawy/wnioski-o-informacje-w-2025-1427","KURYŁÓWKA","samorząd gminy","gmina wiejska","Podkarpackie","Leżajski","Kuryłówka","Podkarpackie / Leżajski / Kuryłówka (1808032, gmina wiejska)",75,75,0,"N/A",0,0,0,"b) NIE","b) NIE",5410
"1490","https://fedrowanie.siecobywatelska.pl/sprawy/wnioski-o-informacje-w-2025-2078","KURZĘTNIK","samorząd gminy","gmina wiejska","Warmińsko-Mazurskie","Nowomiejski","Kurzętnik","Warmińsko-Mazurskie / Nowomiejski / Kurzętnik (2812042, gmina wiejska)",110,106,3,"[a, c, d]",2,2,0,"b) NIE","b) NIE",8910
"2492","https://fedrowanie.siecobywatelska.pl/sprawy/wnioski-o-informacje-w-2025-2231","KUŚLIN","samorząd gminy","gmina wiejska","Wielkopolskie","Nowotomyski","Kuślin","Wielkopolskie / Nowotomyski / Kuślin (3015012, gmina wiejska)",63,63,0,"N/A",0,0,0,"b) NIE","b) NIE",5050
"2374","https://fedrowanie.siecobywatelska.pl/sprawy/wnioski-o-informacje-w-2025-678","KUTNO","samorząd gminy","gmina miejska","Łódzkie","Kutnowski","Kutno","Łódzkie / Kutnowski / Kutno (1002011, gmina miejska)",147,147,0,"N/A",0,0,0,"b) NIE","b) NIE",39970
"868","https://fedrowanie.siecobywatelska.pl/sprawy/wnioski-o-informacje-w-2025-679","KUTNO","samorząd gminy","gmina wiejska","Łódzkie","Kutnowski","Kutno","Łódzkie / Kutnowski / Kutno (1002062, gmina wiejska)",168,168,0,"N/A",0,0,0,"b) NIE","a) TAK",8850
"1858","https://fedrowanie.siecobywatelska.pl/sprawy/wnioski-o-informacje-w-2025-1565","KUŹNICA","samorząd gminy","gmina wiejska","Podlaskie","Sokólski","Kuźnica","Podlaskie / Sokólski / Kuźnica (2011052, gmina wiejska)",83,81,0,"[a, f]",0,0,0,"b) NIE","a) TAK",3520
"1166","https://fedrowanie.siecobywatelska.pl/sprawy/wnioski-o-informacje-w-2025-1677","KWIDZYN","samorząd gminy","gmina wiejska","Pomorskie","Kwidzyński","Kwidzyn","Pomorskie / Kwidzyński / Kwidzyn (2207032, gmina wiejska)",93,88,5,"[f]",0,0,0,"b) NIE","a) TAK",11470
"498","https://fedrowanie.siecobywatelska.pl/sprawy/wnioski-o-informacje-w-2025-1676","KWIDZYN","samorząd gminy","gmina miejska","Pomorskie","Kwidzyński","Kwidzyn","Pomorskie / Kwidzyński / Kwidzyn (2207011, gmina miejska)",81,76,1,"[f]",0,0,0,"a) TAK","b) NIE",36190
"1243","https://fedrowanie.siecobywatelska.pl/sprawy/wnioski-o-informacje-w-2025-854","LANCKORONA","samorząd gminy","gmina wiejska","Małopolskie","Wadowicki","Lanckorona","Małopolskie / Wadowicki / Lanckorona (1218042, gmina wiejska)",60,60,1,"[g]",0,0,1,"b) NIE","b) NIE",6230
"1246","https://fedrowanie.siecobywatelska.pl/sprawy/wnioski-o-informacje-w-2025-855","LASKOWA","samorząd gminy","gmina wiejska","Małopolskie","Limanowski","Laskowa","Małopolskie / Limanowski / Laskowa (1207062, gmina wiejska)",94,94,0,"N/A",0,0,0,"b) NIE","b) NIE",8120
"277","https://fedrowanie.siecobywatelska.pl/sprawy/wnioski-o-informacje-w-2025-1428","LASZKI","samorząd gminy","gmina wiejska","Podkarpackie","Jarosławski","Laszki","Podkarpackie / Jarosławski / Laszki (1804052, gmina wiejska)",76,76,0,"N/A",0,0,0,"b) NIE","b) NIE",6400
"869","https://fedrowanie.siecobywatelska.pl/sprawy/wnioski-o-informacje-w-2025-1076","LATOWICZ","samorząd gminy","gmina miejsko-wiejska","Mazowieckie","Miński","Latowicz","Mazowieckie / Miński / Latowicz (1412103, gmina miejsko-wiejska)",85,85,0,"N/A",0,0,0,"b) NIE","b) NIE",5070
"227","https://fedrowanie.siecobywatelska.pl/sprawy/wnioski-o-informacje-w-2025-2233","LĄDEK","samorząd gminy","gmina wiejska","Wielkopolskie","Słupecki","Lądek","Wielkopolskie / Słupecki / Lądek (3023022, gmina wiejska)",59,59,0,"N/A",0,0,0,"b) NIE","b) NIE",5400
"2132","https://fedrowanie.siecobywatelska.pl/sprawy/wnioski-o-informacje-w-2025-61","LĄDEK-ZDRÓJ","samorząd gminy","gmina miejsko-wiejska","Dolnośląskie","Kłodzki","Lądek-Zdrój","Dolnośląskie / Kłodzki / Lądek-Zdrój (0208083, gmina miejsko-wiejska)",125,125,0,"N/A",0,0,0,"b) NIE","b) NIE",7280
"549","https://fedrowanie.siecobywatelska.pl/sprawy/wnioski-o-informacje-w-2025-1077","LEGIONOWO","samorząd gminy","gmina miejska","Mazowieckie","Legionowski","Legionowo","Mazowieckie / Legionowski / Legionowo (1408011, gmina miejska)",168,163,1,"[a, b, c]",0,0,0,"b) NIE","b) NIE",51870
"595","https://fedrowanie.siecobywatelska.pl/sprawy/wnioski-o-informacje-w-2025-2079","LELKOWO","samorząd gminy","gmina wiejska","Warmińsko-Mazurskie","Braniewski","Lelkowo","Warmińsko-Mazurskie / Braniewski / Lelkowo (2802042, gmina wiejska)",61,58,0,"[b]",0,0,0,"b) NIE","b) NIE",2310
"2470","https://fedrowanie.siecobywatelska.pl/sprawy/wnioski-o-informacje-w-2025-1822","LELÓW","samorząd gminy","gmina wiejska","Śląskie","Częstochowski","Lelów","Śląskie / Częstochowski / Lelów (2404092, gmina wiejska)",100,100,0,"N/A",0,0,0,"b) NIE","b) NIE",4380
"278","https://fedrowanie.siecobywatelska.pl/sprawy/wnioski-o-informacje-w-2025-1429","LESKO","samorząd gminy","gmina miejsko-wiejska","Podkarpackie","Leski","Lesko","Podkarpackie / Leski / Lesko (1821033, gmina miejsko-wiejska)",80,78,2,"[f]",0,1,0,"b) NIE","b) NIE",10610
"2005","https://fedrowanie.siecobywatelska.pl/sprawy/wnioski-o-informacje-w-2025-2234","Leszno","samorząd gminy","miasto na prawach powiatu","Wielkopolskie","Leszno",,"Wielkopolskie / Leszno (3063, miasto na prawach powiatu)",278,270,0,"[i]",0,0,0,"b) NIE","a) TAK",58770
"279","https://fedrowanie.siecobywatelska.pl/sprawy/wnioski-o-informacje-w-2025-1081","LESZNOWOLA","samorząd gminy","gmina wiejska","Mazowieckie","Piaseczyński","Lesznowola","Mazowieckie / Piaseczyński / Lesznowola (1418032, gmina wiejska)",343,343,8,"[a, b, c]",1,1,0,"a) TAK","a) TAK",41460
"1641","https://fedrowanie.siecobywatelska.pl/sprawy/wnioski-o-informacje-w-2025-395","LEŚNAPODLASKA","samorząd gminy","gmina wiejska","Lubelskie","Bialski","Leśna Podlaska","Lubelskie / Bialski / Leśna Podlaska (0601082, gmina wiejska)",85,80,0,"[a, i]",0,0,0,"b) NIE","b) NIE",4060
"2004","https://fedrowanie.siecobywatelska.pl/sprawy/wnioski-o-informacje-w-2025-1312","LEŚNICA","samorząd gminy","gmina miejsko-wiejska","Opolskie","Strzelecki","Leśnica","Opolskie / Strzelecki / Leśnica (1611043, gmina miejsko-wiejska)",78,71,0,"N/A",0,0,0,"b) NIE","b) NIE",7310
"597","https://fedrowanie.siecobywatelska.pl/sprawy/wnioski-o-informacje-w-2025-396","LEŚNIOWICE","samorząd gminy","gmina wiejska","Lubelskie","Chełmski","Leśniowice","Lubelskie / Chełmski / Leśniowice (0603072, gmina wiejska)",76,76,0,"N/A",0,0,0,"b) NIE","b) NIE",3200
"1249","https://fedrowanie.siecobywatelska.pl/sprawy/wnioski-o-informacje-w-2025-1313","LEWIN BRZESKI","samorząd gminy","gmina miejsko-wiejska","Opolskie","Brzeski","Lewin Brzeski","Opolskie / Brzeski / Lewin Brzeski (1601043, gmina miejsko-wiejska)",91,91,0,"N/A",1,0,0,"b) NIE","b) NIE",12220
"2293","https://fedrowanie.siecobywatelska.pl/sprawy/wnioski-o-informacje-w-2025-65","LEWIN KŁODZKI","samorząd gminy","gmina wiejska","Dolnośląskie","Kłodzki","Lewin Kłodzki","Dolnośląskie / Kłodzki / Lewin Kłodzki (0208092, gmina wiejska)",68,68,0,"N/A",0,0,0,"b) NIE","b) NIE",1940
"1559","https://fedrowanie.siecobywatelska.pl/sprawy/wnioski-o-informacje-w-2025-1431","LEŻAJSK","samorząd gminy","gmina wiejska","Podkarpackie","Leżajski","Leżajsk","Podkarpackie / Leżajski / Leżajsk (1808042, gmina wiejska)",86,86,0,"N/A",0,0,0,"b) NIE","b) NIE",19680
"499","https://fedrowanie.siecobywatelska.pl/sprawy/wnioski-o-informacje-w-2025-1678","LĘBORK","samorząd gminy","gmina miejska","Pomorskie","Lęborski","Lębork","Pomorskie / Lęborski / Lębork (2208011, gmina miejska)",196,180,6,"[a, b, f]",0,1,0,"b) NIE","b) NIE",33540
"2003","https://fedrowanie.siecobywatelska.pl/sprawy/wnioski-o-informacje-w-2025-1823","LĘDZINY","samorząd gminy","gmina miejska","Śląskie","Bieruńsko-Lędziński","Lędziny","Śląskie / Bieruńsko-Lędziński / Lędziny (2414031, gmina miejska)",134,134,0,"N/A",1,0,3,"b) NIE","b) NIE",16170
"598","https://fedrowanie.siecobywatelska.pl/sprawy/wnioski-o-informacje-w-2025-680","LGOTA WIELKA","samorząd gminy","gmina wiejska","Łódzkie","Radomszczański","Lgota Wielka","Łódzkie / Radomszczański / Lgota Wielka (1012082, gmina wiejska)",84,84,0,"N/A",0,0,0,"b) NIE","b) NIE",4030
"2294","https://fedrowanie.siecobywatelska.pl/sprawy/wnioski-o-informacje-w-2025-856","LIBIĄŻ","samorząd gminy","gmina miejsko-wiejska","Małopolskie","Chrzanowski","Libiąż","Małopolskie / Chrzanowski / Libiąż (1203043, gmina miejsko-wiejska)",87,87,5,"[b]",0,0,0,"b) NIE","b) NIE",20720
"1250","https://fedrowanie.siecobywatelska.pl/sprawy/wnioski-o-informacje-w-2025-1679","LICHNOWY","samorząd gminy","gmina wiejska","Pomorskie","Malborski","Lichnowy","Pomorskie / Malborski / Lichnowy (2209032, gmina wiejska)",88,88,0,"N/A",0,0,0,"b) NIE","b) NIE",4210
"1251","https://fedrowanie.siecobywatelska.pl/sprawy/wnioski-o-informacje-w-2025-2080","LIDZBARK","samorząd gminy","gmina miejsko-wiejska","Warmińsko-Mazurskie","Działdowski","Lidzbark","Warmińsko-Mazurskie / Działdowski / Lidzbark (2803043, gmina miejsko-wiejska)",101,101,0,"N/A",0,0,0,"b) NIE","a) TAK",12900
"2006","https://fedrowanie.siecobywatelska.pl/sprawy/wnioski-o-informacje-w-2025-2081","LIDZBARK WARMIŃSKI","samorząd gminy","gmina miejska","Warmińsko-Mazurskie","Lidzbarski","Lidzbark Warmiński","Warmińsko-Mazurskie / Lidzbarski / Lidzbark Warmiński (2809011, gmina miejska)",35,35,0,"N/A",0,0,0,"a) TAK","b) NIE",14120
"416","https://fedrowanie.siecobywatelska.pl/sprawy/wnioski-o-informacje-w-2025-2082","LIDZBARK WARMIŃSKI","samorząd gminy","gmina wiejska","Warmińsko-Mazurskie","Lidzbarski","Lidzbark Warmiński","Warmińsko-Mazurskie / Lidzbarski / Lidzbark Warmiński (2809032, gmina wiejska)",92,88,1,"[a, b, c]",0,0,0,"b) NIE","b) NIE",6360
"600","https://fedrowanie.siecobywatelska.pl/sprawy/wnioski-o-informacje-w-2025-858","LIMANOWA","samorząd gminy","gmina wiejska","Małopolskie","Limanowski","Limanowa","Małopolskie / Limanowski / Limanowa (1207072, gmina wiejska)",132,128,4,"[c]",0,0,0,"b) NIE","b) NIE",26190
"937","https://fedrowanie.siecobywatelska.pl/sprawy/wnioski-o-informacje-w-2025-857","LIMANOWA","samorząd gminy","gmina miejska","Małopolskie","Limanowski","Limanowa","Małopolskie / Limanowski / Limanowa (1207011, gmina miejska)",130,130,1,"[c, i]",0,0,0,"b) NIE","b) NIE",14220
"1170","https://fedrowanie.siecobywatelska.pl/sprawy/wnioski-o-informacje-w-2025-1680","LINIA","samorząd gminy","gmina wiejska","Pomorskie","Wejherowski","Linia","Pomorskie / Wejherowski / Linia (2215062, gmina wiejska)",77,77,0,"N/A",0,0,0,"b) NIE","b) NIE",6490
"924","https://fedrowanie.siecobywatelska.pl/sprawy/wnioski-o-informacje-w-2025-681","LIPCE REYMONTOWSKIE","samorząd gminy","gmina wiejska","Łódzkie","Skierniewicki","Lipce Reymontowskie","Łódzkie / Skierniewicki / Lipce Reymontowskie (1015052, gmina wiejska)",68,68,0,"N/A",0,0,0,"b) NIE","b) NIE",3020
"2134","https://fedrowanie.siecobywatelska.pl/sprawy/wnioski-o-informacje-w-2025-2417","LIPIANY","samorząd gminy","gmina miejsko-wiejska","Zachodniopomorskie","Pyrzycki","Lipiany","Zachodniopomorskie / Pyrzycki / Lipiany (3212033, gmina miejsko-wiejska)",85,83,1,"[c]",0,0,0,"b) NIE","a) TAK",5270
"2246","https://fedrowanie.siecobywatelska.pl/sprawy/wnioski-o-informacje-w-2025-859","LIPINKI","samorząd gminy","gmina wiejska","Małopolskie","Gorlicki","Lipinki","Małopolskie / Gorlicki / Lipinki (1205052, gmina wiejska)",88,88,0,"N/A",0,1,0,"b) NIE","b) NIE",6620
"1253","https://fedrowanie.siecobywatelska.pl/sprawy/wnioski-o-informacje-w-2025-556","LIPINKI ŁUŻYCKIE","samorząd gminy","gmina wiejska","Lubuskie","Żarski","Lipinki Łużyckie","Lubuskie / Żarski / Lipinki Łużyckie (0811052, gmina wiejska)",83,83,0,"N/A",0,0,0,"b) NIE","b) NIE",3230
"280","https://fedrowanie.siecobywatelska.pl/sprawy/wnioski-o-informacje-w-2025-2235","LIPKA","samorząd gminy","gmina wiejska","Wielkopolskie","Złotowski","Lipka","Wielkopolskie / Złotowski / Lipka (3031042, gmina wiejska)",84,84,1,"[i]",0,0,0,"b) NIE","b) NIE",5220
"1254","https://fedrowanie.siecobywatelska.pl/sprawy/wnioski-o-informacje-w-2025-1682","LIPNICA","samorząd gminy","gmina wiejska","Pomorskie","Bytowski","Lipnica","Pomorskie / Bytowski / Lipnica (2201052, gmina wiejska)",92,92,0,"N/A",0,0,0,"b) NIE","a) TAK",5190
"281","https://fedrowanie.siecobywatelska.pl/sprawy/wnioski-o-informacje-w-2025-860","LIPNICA MUROWANA","samorząd gminy","gmina wiejska","Małopolskie","Bocheński","Lipnica Murowana","Małopolskie / Bocheński / Lipnica Murowana (1201042, gmina wiejska)",64,64,0,"N/A",0,0,0,"b) NIE","b) NIE",5490
"601","https://fedrowanie.siecobywatelska.pl/sprawy/wnioski-o-informacje-w-2025-861","LIPNICA WIELKA","samorząd gminy","gmina wiejska","Małopolskie","Nowotarski","Lipnica Wielka","Małopolskie / Nowotarski / Lipnica Wielka (1211072, gmina wiejska)",68,65,2,"[a, b, c]",0,0,0,"b) NIE","b) NIE",6060
"1041","https://fedrowanie.siecobywatelska.pl/sprawy/wnioski-o-informacje-w-2025-238","LIPNO","samorząd gminy","gmina miejska","Kujawsko-Pomorskie","Lipnowski","Lipno","Kujawsko-Pomorskie / Lipnowski / Lipno (0408011, gmina miejska)",94,"BD",5,"[a, b, c]",0,0,0,"b) NIE","a) TAK",13190
"1863","https://fedrowanie.siecobywatelska.pl/sprawy/wnioski-o-informacje-w-2025-239","LIPNO","samorząd gminy","gmina wiejska","Kujawsko-Pomorskie","Lipnowski","Lipno","Kujawsko-Pomorskie / Lipnowski / Lipno (0408062, gmina wiejska)",78,75,2,"[b, c]",0,0,0,"a) TAK","b) NIE",11380
"39","https://fedrowanie.siecobywatelska.pl/sprawy/wnioski-o-informacje-w-2025-2236","LIPNO","samorząd gminy","gmina wiejska","Wielkopolskie","Leszczyński","Lipno","Wielkopolskie / Leszczyński / Lipno (3013022, gmina wiejska)","BD",52,0,"[a, b]",0,0,0,"b) NIE","b) NIE",10550
"1864","https://fedrowanie.siecobywatelska.pl/sprawy/wnioski-o-informacje-w-2025-1825","LIPOWA","samorząd gminy","gmina wiejska","Śląskie","Żywiecki","Lipowa","Śląskie / Żywiecki / Lipowa (2417062, gmina wiejska)",142,141,1,"[f]",0,0,0,"b) NIE","b) NIE",11050
"1865","https://fedrowanie.siecobywatelska.pl/sprawy/wnioski-o-informacje-w-2025-1082","LIPOWIEC KOŚCIELNY","samorząd gminy","gmina wiejska","Mazowieckie","Mławski","Lipowiec Kościelny","Mazowieckie / Mławski / Lipowiec Kościelny (1413032, gmina wiejska)",73,73,0,"N/A",0,0,0,"b) NIE","b) NIE",4390
"282","https://fedrowanie.siecobywatelska.pl/sprawy/wnioski-o-informacje-w-2025-1566","LIPSK","samorząd gminy","gmina miejsko-wiejska","Podlaskie","Augustowski","Lipsk","Podlaskie / Augustowski / Lipsk (2001043, gmina miejsko-wiejska)",85,85,0,"N/A",0,0,0,"b) NIE","b) NIE",4210
"2135","https://fedrowanie.siecobywatelska.pl/sprawy/wnioski-o-informacje-w-2025-1083","LIPSKO","samorząd gminy","gmina miejsko-wiejska","Mazowieckie","Lipski","Lipsko","Mazowieckie / Lipski / Lipsko (1409033, gmina miejsko-wiejska)",85,85,0,"N/A",0,0,0,"b) NIE","b) NIE",9810
"614","https://fedrowanie.siecobywatelska.pl/sprawy/wnioski-o-informacje-w-2025-1683","LIPUSZ","samorząd gminy","gmina wiejska","Pomorskie","Kościerski","Lipusz","Pomorskie / Kościerski / Lipusz (2206062, gmina wiejska)",67,67,0,"N/A",0,0,0,"b) NIE","b) NIE",3740
"1643","https://fedrowanie.siecobywatelska.pl/sprawy/wnioski-o-informacje-w-2025-862","LISIA GÓRA","samorząd gminy","gmina wiejska","Małopolskie","Tarnowski","Lisia Góra","Małopolskie / Tarnowski / Lisia Góra (1216032, gmina wiejska)",104,104,0,"N/A",1,0,0,"b) NIE","a) TAK",15690
"283","https://fedrowanie.siecobywatelska.pl/sprawy/wnioski-o-informacje-w-2025-2237","LISKÓW","samorząd gminy","gmina wiejska","Wielkopolskie","Kaliski","Lisków","Wielkopolskie / Kaliski / Lisków (3007062, gmina wiejska)",42,39,3,"[d, f]",0,0,0,"b) NIE","b) NIE",4980
"602","https://fedrowanie.siecobywatelska.pl/sprawy/wnioski-o-informacje-w-2025-241","LNIANO","samorząd gminy","gmina wiejska","Kujawsko-Pomorskie","Świecki","Lniano","Kujawsko-Pomorskie / Świecki / Lniano (0414052, gmina wiejska)",91,91,0,"N/A",0,0,0,"b) NIE","b) NIE",3980
"1256","https://fedrowanie.siecobywatelska.pl/sprawy/wnioski-o-informacje-w-2025-1433","LUBACZÓW","samorząd gminy","gmina wiejska","Podkarpackie","Lubaczowski","Lubaczów","Podkarpackie / Lubaczowski / Lubaczów (1809042, gmina wiejska)",67,67,0,"N/A",0,0,0,"b) NIE","b) NIE",8840
"2375","https://fedrowanie.siecobywatelska.pl/sprawy/wnioski-o-informacje-w-2025-1432","LUBACZÓW","samorząd gminy","gmina miejska","Podkarpackie","Lubaczowski","Lubaczów","Podkarpackie / Lubaczowski / Lubaczów (1809011, gmina miejska)",62,62,0,"N/A",0,0,0,"a) TAK","b) NIE",11130
"606","https://fedrowanie.siecobywatelska.pl/sprawy/wnioski-o-informacje-w-2025-242","LUBANIE","samorząd gminy","gmina wiejska","Kujawsko-Pomorskie","Włocławski","Lubanie","Kujawsko-Pomorskie / Włocławski / Lubanie (0418102, gmina wiejska)",40,40,0,"N/A",1,1,0,"b) NIE","b) NIE",4290
"475","https://fedrowanie.siecobywatelska.pl/sprawy/wnioski-o-informacje-w-2025-67","LUBAŃ","samorząd gminy","gmina wiejska","Dolnośląskie","Lubański","Lubań","Dolnośląskie / Lubański / Lubań (0210042, gmina wiejska)",85,85,0,"N/A",1,0,0,"b) NIE","b) NIE",6440
"82","https://fedrowanie.siecobywatelska.pl/sprawy/wnioski-o-informacje-w-2025-66","LUBAŃ","samorząd gminy","gmina miejska","Dolnośląskie","Lubański","Lubań","Dolnośląskie / Lubański / Lubań (0210011, gmina miejska)",134,132,0,"[b, c, d]",0,0,0,"b) NIE","a) TAK",19030
"1604","https://fedrowanie.siecobywatelska.pl/sprawy/wnioski-o-informacje-w-2025-398","LUBARTÓW","samorząd gminy","gmina wiejska","Lubelskie","Lubartowski","Lubartów","Lubelskie / Lubartowski / Lubartów (0608072, gmina wiejska)",97,97,0,"[b]",1,0,0,"b) NIE","b) NIE",12120
"730","https://fedrowanie.siecobywatelska.pl/sprawy/wnioski-o-informacje-w-2025-397","LUBARTÓW","samorząd gminy","gmina miejska","Lubelskie","Lubartowski","Lubartów","Lubelskie / Lubartowski / Lubartów (0608011, gmina miejska)",83,"BD",0,"N/A",0,0,0,"b) NIE","b) NIE",19370
"607","https://fedrowanie.siecobywatelska.pl/sprawy/wnioski-o-informacje-w-2025-2238","LUBASZ","samorząd gminy","gmina wiejska","Wielkopolskie","Czarnkowsko-Trzcianecki","Lubasz","Wielkopolskie / Czarnkowsko-Trzcianecki / Lubasz (3002052, gmina wiejska)",56,"BD",0,"N/A",0,0,10,"b) NIE","b) NIE",7450
"2247","https://fedrowanie.siecobywatelska.pl/sprawy/wnioski-o-informacje-w-2025-2084","LUBAWA","samorząd gminy","gmina wiejska","Warmińsko-Mazurskie","Iławski","Lubawa","Warmińsko-Mazurskie / Iławski / Lubawa (2807052, gmina wiejska)",65,65,0,"N/A",0,0,0,"b) NIE","b) NIE",10310
"2432","https://fedrowanie.siecobywatelska.pl/sprawy/wnioski-o-informacje-w-2025-2083","LUBAWA","samorząd gminy","gmina miejska","Warmińsko-Mazurskie","Iławski","Lubawa","Warmińsko-Mazurskie / Iławski / Lubawa (2807021, gmina miejska)",72,70,0,"[a, f]",0,0,0,"b) NIE","b) NIE",10650
"608","https://fedrowanie.siecobywatelska.pl/sprawy/wnioski-o-informacje-w-2025-68","LUBAWKA","samorząd gminy","gmina miejsko-wiejska","Dolnośląskie","Kamiennogórski","Lubawka","Dolnośląskie / Kamiennogórski / Lubawka (0207033, gmina miejsko-wiejska)",73,73,0,"N/A",0,0,0,"b) NIE","b) NIE",9850
"1258","https://fedrowanie.siecobywatelska.pl/sprawy/wnioski-o-informacje-w-2025-243","LUBICZ","samorząd gminy","gmina wiejska","Kujawsko-Pomorskie","Toruński","Lubicz","Kujawsko-Pomorskie / Toruński / Lubicz (0415042, gmina wiejska)",135,122,10,"[a, b]",0,1,0,"b) NIE","a) TAK",21360
"287","https://fedrowanie.siecobywatelska.pl/sprawy/wnioski-o-informacje-w-2025-864","LUBIEŃ","samorząd gminy","gmina wiejska","Małopolskie","Myślenicki","Lubień","Małopolskie / Myślenicki / Lubień (1209022, gmina wiejska)",14,14,0,"N/A",0,0,0,"b) NIE","b) NIE",10110
"965","https://fedrowanie.siecobywatelska.pl/sprawy/wnioski-o-informacje-w-2025-244","LUBIEŃ KUJAWSKI","samorząd gminy","gmina miejsko-wiejska","Kujawsko-Pomorskie","Włocławski","Lubień Kujawski","Kujawsko-Pomorskie / Włocławski / Lubień Kujawski (0418113, gmina miejsko-wiejska)",15,15,0,"N/A",0,0,0,"b) NIE","b) NIE",6520
"1647","https://fedrowanie.siecobywatelska.pl/sprawy/wnioski-o-informacje-w-2025-245","LUBIEWO","samorząd gminy","gmina wiejska","Kujawsko-Pomorskie","Tucholski","Lubiewo","Kujawsko-Pomorskie / Tucholski / Lubiewo (0416042, gmina wiejska)",91,91,0,"N/A",0,0,0,"b) NIE","b) NIE",5800
"570","https://fedrowanie.siecobywatelska.pl/sprawy/wnioski-o-informacje-w-2025-69","LUBIN","samorząd gminy","gmina miejska","Dolnośląskie","Lubiński","Lubin","Dolnośląskie / Lubiński / Lubin (0211011, gmina miejska)",146,146,0,"N/A",0,0,22,"a) TAK","b) NIE",65960
"2297","https://fedrowanie.siecobywatelska.pl/sprawy/wnioski-o-informacje-w-2025-557","LUBISZYN","samorząd gminy","gmina wiejska","Lubuskie","Gorzowski","Lubiszyn","Lubuskie / Gorzowski / Lubiszyn (0801052, gmina wiejska)",111,111,0,"N/A",0,0,0,"b) NIE","b) NIE",7200
"743","https://fedrowanie.siecobywatelska.pl/sprawy/wnioski-o-informacje-w-2025-399","Lublin","miasto na prawach powiatu","miasto na prawach powiatu","Lubelskie","Lublin",,"Lubelskie / Lublin (0663, miasto na prawach powiatu)",558,"BD","BD","BD",4,4,0,"a) TAK","b) NIE",326690
"2007","https://fedrowanie.siecobywatelska.pl/sprawy/wnioski-o-informacje-w-2025-1826","LUBLINIEC","samorząd gminy","gmina miejska","Śląskie","Lubliniecki","Lubliniec","Śląskie / Lubliniecki / Lubliniec (2407011, gmina miejska)",115,109,0,"[c, e, f]",0,0,0,"b) NIE","b) NIE",22930
"610","https://fedrowanie.siecobywatelska.pl/sprawy/wnioski-o-informacje-w-2025-1827","LUBOMIA","samorząd gminy","gmina wiejska","Śląskie","Wodzisławski","Lubomia","Śląskie / Wodzisławski / Lubomia (2415072, gmina wiejska)",74,74,0,"N/A",0,0,0,"a) TAK","b) NIE",7560
"1825","https://fedrowanie.siecobywatelska.pl/sprawy/wnioski-o-informacje-w-2025-71","LUBOMIERZ","samorząd gminy","gmina miejsko-wiejska","Dolnośląskie","Lwówecki","Lubomierz","Dolnośląskie / Lwówecki / Lubomierz (0212023, gmina miejsko-wiejska)",110,110,0,"[a]",0,0,0,"a) TAK","b) NIE",5550
"925","https://fedrowanie.siecobywatelska.pl/sprawy/wnioski-o-informacje-w-2025-2085","LUBOMINO","samorząd gminy","gmina wiejska","Warmińsko-Mazurskie","Lidzbarski","Lubomino","Warmińsko-Mazurskie / Lidzbarski / Lubomino (2809042, gmina wiejska)",59,59,0,"N/A",0,0,0,"b) NIE","b) NIE",3200
"682","https://fedrowanie.siecobywatelska.pl/sprawy/wnioski-o-informacje-w-2025-2239","LUBOŃ","samorząd gminy","gmina miejska","Wielkopolskie","Poznański","Luboń","Wielkopolskie / Poznański / Luboń (3021011, gmina miejska)",97,94,1,"[f, i]",0,0,0,"b) NIE","b) NIE",32730
"1497","https://fedrowanie.siecobywatelska.pl/sprawy/wnioski-o-informacje-w-2025-1085","LUBOWIDZ","samorząd gminy","gmina miejsko-wiejska","Mazowieckie","Żuromiński","Lubowidz","Mazowieckie / Żuromiński / Lubowidz (1437033, gmina miejsko-wiejska)",47,47,0,"N/A",0,0,0,"b) NIE","a) TAK",6130
"2298","https://fedrowanie.siecobywatelska.pl/sprawy/wnioski-o-informacje-w-2025-246","LUBRANIEC","samorząd gminy","gmina miejsko-wiejska","Kujawsko-Pomorskie","Włocławski","Lubraniec","Kujawsko-Pomorskie / Włocławski / Lubraniec (0418123, gmina miejsko-wiejska)",46,43,0,"[a]",0,0,0,"b) NIE","b) NIE",8290
"2299","https://fedrowanie.siecobywatelska.pl/sprawy/wnioski-o-informacje-w-2025-1314","LUBRZA","samorząd gminy","gmina wiejska","Opolskie","Prudnicki","Lubrza","Opolskie / Prudnicki / Lubrza (1610032, gmina wiejska)",72,70,2,"[a]",0,0,0,"b) NIE","b) NIE",4080
"290","https://fedrowanie.siecobywatelska.pl/sprawy/wnioski-o-informacje-w-2025-559","LUBRZA","samorząd gminy","gmina wiejska","Lubuskie","Świebodziński","Lubrza","Lubuskie / Świebodziński / Lubrza (0808012, gmina wiejska)",17,16,0,"[c]",0,0,0,"b) NIE","b) NIE",3560
"927","https://fedrowanie.siecobywatelska.pl/sprawy/wnioski-o-informacje-w-2025-560","LUBSKO","samorząd gminy","gmina miejsko-wiejska","Lubuskie","Żarski","Lubsko","Lubuskie / Żarski / Lubsko (0811063, gmina miejsko-wiejska)",114,113,1,"[g]",1,0,0,"b) NIE","a) TAK",16870
"291","https://fedrowanie.siecobywatelska.pl/sprawy/wnioski-o-informacje-w-2025-400","LUBYCZA KRÓLEWSKA","samorząd gminy","gmina miejsko-wiejska","Lubelskie","Tomaszowski","Lubycza Królewska","Lubelskie / Tomaszowski / Lubycza Królewska (0618053, gmina miejsko-wiejska)",90,90,0,"N/A",0,0,0,"b) NIE","b) NIE",5310
"611","https://fedrowanie.siecobywatelska.pl/sprawy/wnioski-o-informacje-w-2025-401","LUDWIN","samorząd gminy","gmina wiejska","Lubelskie","Łęczyński","Ludwin","Lubelskie / Łęczyński / Ludwin (0610022, gmina wiejska)",77,77,0,"N/A",0,0,0,"b) NIE","b) NIE",5600
"1259","https://fedrowanie.siecobywatelska.pl/sprawy/wnioski-o-informacje-w-2025-1086","LUTOCIN","samorząd gminy","gmina wiejska","Mazowieckie","Żuromiński","Lutocin","Mazowieckie / Żuromiński / Lutocin (1437042, gmina wiejska)",37,37,0,"N/A",0,0,0,"a) TAK","b) NIE",3840
"1261","https://fedrowanie.siecobywatelska.pl/sprawy/wnioski-o-informacje-w-2025-1435","LUTOWISKA","samorząd gminy","gmina wiejska","Podkarpackie","Bieszczadzki","Lutowiska","Podkarpackie / Bieszczadzki / Lutowiska (1801052, gmina wiejska)",92,92,0,"N/A",0,0,0,"b) NIE","b) NIE",1930
"613","https://fedrowanie.siecobywatelska.pl/sprawy/wnioski-o-informacje-w-2025-684","LUTUTÓW","samorząd gminy","gmina miejsko-wiejska","Łódzkie","Wieruszowski","Lututów","Łódzkie / Wieruszowski / Lututów (1018043, gmina miejsko-wiejska)",49,48,1,"[f]",0,0,0,"b) NIE","b) NIE",4490
"1262","https://fedrowanie.siecobywatelska.pl/sprawy/wnioski-o-informacje-w-2025-1685","LUZINO","samorząd gminy","gmina wiejska","Pomorskie","Wejherowski","Luzino","Pomorskie / Wejherowski / Luzino (2215072, gmina wiejska)",55,55,0,"N/A",0,0,0,"b) NIE","b) NIE",18420
"2300","https://fedrowanie.siecobywatelska.pl/sprawy/wnioski-o-informacje-w-2025-2240","LWÓWEK","samorząd gminy","gmina miejsko-wiejska","Wielkopolskie","Nowotomyski","Lwówek","Wielkopolskie / Nowotomyski / Lwówek (3015023, gmina miejsko-wiejska)",95,81,2,"[e, i]",0,2,0,"b) NIE","b) NIE",8540
"2301","https://fedrowanie.siecobywatelska.pl/sprawy/wnioski-o-informacje-w-2025-72","LWÓWEK ŚLĄSKI","samorząd gminy","gmina miejsko-wiejska","Dolnośląskie","Lwówecki","Lwówek Śląski","Dolnośląskie / Lwówecki / Lwówek Śląski (0212033, gmina miejsko-wiejska)",148,140,1,"[c, f, i]",0,0,0,"b) NIE","b) NIE",15710
"1263","https://fedrowanie.siecobywatelska.pl/sprawy/wnioski-o-informacje-w-2025-1828","LYSKI","samorząd gminy","gmina wiejska","Śląskie","Rybnicki","Lyski","Śląskie / Rybnicki / Lyski (2412042, gmina wiejska)",98,98,0,"N/A",1,0,0,"b) NIE","b) NIE",9750
"2291","https://fedrowanie.siecobywatelska.pl/sprawy/wnioski-o-informacje-w-2025-247","ŁABISZYN","samorząd gminy","gmina miejsko-wiejska","Kujawsko-Pomorskie","Żniński","Łabiszyn","Kujawsko-Pomorskie / Żniński / Łabiszyn (0419043, gmina miejsko-wiejska)",92,84,1,"[g]",2,0,0,"b) NIE","b) NIE",10660
"275","https://fedrowanie.siecobywatelska.pl/sprawy/wnioski-o-informacje-w-2025-865","ŁABOWA","samorząd gminy","gmina wiejska","Małopolskie","Nowosądecki","Łabowa","Małopolskie / Nowosądecki / Łabowa (1210082, gmina wiejska)",79,79,0,"N/A",0,0,0,"b) NIE","b) NIE",6020
"1859","https://fedrowanie.siecobywatelska.pl/sprawy/wnioski-o-informacje-w-2025-402","ŁABUNIE","samorząd gminy","gmina wiejska","Lubelskie","Zamojski","Łabunie","Lubelskie / Zamojski / Łabunie (0620052, gmina wiejska)",81,70,0,"[c, i]",0,0,0,"a) TAK","b) NIE",5770
"154","https://fedrowanie.siecobywatelska.pl/sprawy/wnioski-o-informacje-w-2025-685","ŁADZICE","samorząd gminy","gmina wiejska","Łódzkie","Radomszczański","Ładzice","Łódzkie / Radomszczański / Ładzice (1012092, gmina wiejska)",75,74,1,"[a, b, c]",0,0,0,"b) NIE","b) NIE",4580
"276","https://fedrowanie.siecobywatelska.pl/sprawy/wnioski-o-informacje-w-2025-73","ŁAGIEWNIKI","samorząd gminy","gmina wiejska","Dolnośląskie","Dzierżoniowski","Łagiewniki","Dolnośląskie / Dzierżoniowski / Łagiewniki (0202062, gmina wiejska)",76,76,0,"N/A",0,0,0,"b) NIE","b) NIE",6990
"1860","https://fedrowanie.siecobywatelska.pl/sprawy/wnioski-o-informacje-w-2025-561","ŁAGÓW","samorząd gminy","gmina wiejska","Lubuskie","Świebodziński","Łagów","Lubuskie / Świebodziński / Łagów (0808022, gmina wiejska)",82,82,0,"N/A",0,0,0,"b) NIE","b) NIE",4680
"2292","https://fedrowanie.siecobywatelska.pl/sprawy/wnioski-o-informacje-w-2025-1957","ŁAGÓW","samorząd gminy","gmina miejsko-wiejska","Świętokrzyskie","Kielecki","Łagów","Świętokrzyskie / Kielecki / Łagów (2604073, gmina miejsko-wiejska)",13,87,0,"N/A",0,0,0,"b) NIE","b) NIE",6440
"1639","https://fedrowanie.siecobywatelska.pl/sprawy/wnioski-o-informacje-w-2025-1316","ŁAMBINOWICE","samorząd gminy","gmina wiejska","Opolskie","Nyski","Łambinowice","Opolskie / Nyski / Łambinowice (1607042, gmina wiejska)",86,86,0,"N/A",0,0,0,"b) NIE","b) NIE",7060
"1861","https://fedrowanie.siecobywatelska.pl/sprawy/wnioski-o-informacje-w-2025-686","ŁANIĘTA","samorząd gminy","gmina wiejska","Łódzkie","Kutnowski","Łanięta","Łódzkie / Kutnowski / Łanięta (1002072, gmina wiejska)",86,84,2,"[b, d]",0,0,0,"b) NIE","b) NIE",2100
"1167","https://fedrowanie.siecobywatelska.pl/sprawy/wnioski-o-informacje-w-2025-1437","ŁAŃCUT","samorząd gminy","gmina wiejska","Podkarpackie","Łańcucki","Łańcut","Podkarpackie / Łańcucki / Łańcut (1810042, gmina wiejska)",170,169,1,"[f]",0,0,0,"b) NIE","b) NIE",21730
"1245","https://fedrowanie.siecobywatelska.pl/sprawy/wnioski-o-informacje-w-2025-867","ŁAPSZE NIŻNE","samorząd gminy","gmina wiejska","Małopolskie","Nowotarski","Łapsze Niżne","Małopolskie / Nowotarski / Łapsze Niżne (1211082, gmina wiejska)",85,84,0,"[i]",0,0,0,"b) NIE","b) NIE",9240
"2133","https://fedrowanie.siecobywatelska.pl/sprawy/wnioski-o-informacje-w-2025-248","ŁASIN","samorząd gminy","gmina miejsko-wiejska","Kujawsko-Pomorskie","Grudziądzki","Łasin","Kujawsko-Pomorskie / Grudziądzki / Łasin (0406033, gmina miejsko-wiejska)",88,85,1,"[a, h]",1,0,1,"b) NIE","b) NIE",7100
"2001","https://fedrowanie.siecobywatelska.pl/sprawy/wnioski-o-informacje-w-2025-687","ŁASK","samorząd gminy","gmina miejsko-wiejska","Łódzkie","Łaski","Łask","Łódzkie / Łaski / Łask (1003023, gmina miejsko-wiejska)",88,86,0,"[f]",0,0,0,"b) NIE","b) NIE",26600
"917","https://fedrowanie.siecobywatelska.pl/sprawy/wnioski-o-informacje-w-2025-403","ŁASZCZÓW","samorząd gminy","gmina miejsko-wiejska","Lubelskie","Tomaszowski","Łaszczów","Lubelskie / Tomaszowski / Łaszczów (0618063, gmina miejsko-wiejska)",51,48,2,"[a, g]",0,0,0,"b) NIE","b) NIE",5320
"1168","https://fedrowanie.siecobywatelska.pl/sprawy/wnioski-o-informacje-w-2025-404","ŁAZISKA","samorząd gminy","gmina wiejska","Lubelskie","Opolski","Łaziska","Lubelskie / Opolski / Łaziska (0612042, gmina wiejska)",81,81,0,"N/A",0,0,0,"b) NIE","a) TAK",4430
"110","https://fedrowanie.siecobywatelska.pl/sprawy/wnioski-o-informacje-w-2025-1829","ŁAZISKA GÓRNE","samorząd gminy","gmina miejska","Śląskie","Mikołowski","Łaziska Górne","Śląskie / Mikołowski / Łaziska Górne (2408011, gmina miejska)",95,91,0,"[b]",0,0,0,"b) NIE","b) NIE",20830
"2002","https://fedrowanie.siecobywatelska.pl/sprawy/wnioski-o-informacje-w-2025-1830","ŁAZY","samorząd gminy","gmina miejsko-wiejska","Śląskie","Zawierciański","Łazy","Śląskie / Zawierciański / Łazy (2416053, gmina miejsko-wiejska)",115,115,0,"N/A",0,0,0,"a) TAK","b) NIE",15470
"433","https://fedrowanie.siecobywatelska.pl/sprawy/wnioski-o-informacje-w-2025-1089","ŁĄCK","samorząd gminy","gmina wiejska","Mazowieckie","Płocki","Łąck","Mazowieckie / Płocki / Łąck (1419072, gmina wiejska)",70,70,0,"N/A",0,0,0,"b) NIE","b) NIE",5410
"1408","https://fedrowanie.siecobywatelska.pl/sprawy/wnioski-o-informacje-w-2025-868","ŁĄCKO","samorząd gminy","gmina wiejska","Małopolskie","Nowosądecki","Łącko","Małopolskie / Nowosądecki / Łącko (1210092, gmina wiejska)",97,96,1,"[a, c, f]",0,1,0,"b) NIE","b) NIE",16710
"615","https://fedrowanie.siecobywatelska.pl/sprawy/wnioski-o-informacje-w-2025-1958","ŁĄCZNA","samorząd gminy","gmina wiejska","Świętokrzyskie","Skarżyski","Łączna","Świętokrzyskie / Skarżyski / Łączna (2610032, gmina wiejska)",38,38,0,"N/A",0,0,0,"b) NIE","b) NIE",4640
"500","https://fedrowanie.siecobywatelska.pl/sprawy/wnioski-o-informacje-w-2025-405","ŁĘCZNA","samorząd gminy","gmina miejsko-wiejska","Lubelskie","Łęczyński","Łęczna","Lubelskie / Łęczyński / Łęczna (0610033, gmina miejsko-wiejska)",112,112,0,"N/A",0,0,0,"b) NIE","b) NIE",22070
"1169","https://fedrowanie.siecobywatelska.pl/sprawy/wnioski-o-informacje-w-2025-689","ŁĘCZYCA","samorząd gminy","gmina wiejska","Łódzkie","Łęczycki","Łęczyca","Łódzkie / Łęczycki / Łęczyca (1004052, gmina wiejska)",100,100,0,"N/A",0,0,0,"b) NIE","b) NIE",8090
"919","https://fedrowanie.siecobywatelska.pl/sprawy/wnioski-o-informacje-w-2025-688","ŁĘCZYCA","samorząd gminy","gmina miejska","Łódzkie","Łęczycki","Łęczyca","Łódzkie / Łęczycki / Łęczyca (1004011, gmina miejska)",86,86,2,"[a, f]",0,0,1,"a) TAK","b) NIE",12650
"920","https://fedrowanie.siecobywatelska.pl/sprawy/wnioski-o-informacje-w-2025-1687","ŁĘCZYCE","samorząd gminy","gmina wiejska","Pomorskie","Wejherowski","Łęczyce","Pomorskie / Wejherowski / Łęczyce (2215082, gmina wiejska)",88,88,0,"N/A",0,0,0,"b) NIE","b) NIE",11850
"1248","https://fedrowanie.siecobywatelska.pl/sprawy/wnioski-o-informacje-w-2025-2241","ŁĘKA OPATOWSKA","samorząd gminy","gmina wiejska","Wielkopolskie","Kępiński","Łęka Opatowska","Wielkopolskie / Kępiński / Łęka Opatowska (3008042, gmina wiejska)",61,58,3,"[a, b, c]",0,0,0,"b) NIE","b) NIE",5080
"922","https://fedrowanie.siecobywatelska.pl/sprawy/wnioski-o-informacje-w-2025-690","Łęki Szlacheckie","samorząd gminy","gmina wiejska","Łódzkie","Piotrkowski","Łęki Szlacheckie","Łódzkie / Piotrkowski / Łęki Szlacheckie (1010052, gmina wiejska)",76,76,0,"N/A",0,0,0,"b) NIE","b) NIE",3120
"603","https://fedrowanie.siecobywatelska.pl/sprawy/wnioski-o-informacje-w-2025-2418","ŁOBEZ","samorząd gminy","gmina miejsko-wiejska","Zachodniopomorskie","Łobeski","Łobez","Zachodniopomorskie / Łobeski / Łobez (3218023, gmina miejsko-wiejska)",148,145,3,"[b]",2,0,0,"b) NIE","b) NIE",12520
"284","https://fedrowanie.siecobywatelska.pl/sprawy/wnioski-o-informacje-w-2025-2242","ŁOBŻENICA","samorząd gminy","gmina miejsko-wiejska","Wielkopolskie","Pilski","Łobżenica","Wielkopolskie / Pilski / Łobżenica (3019043, gmina miejsko-wiejska)",98,98,0,"N/A",0,0,0,"b) NIE","b) NIE",8850
"870","https://fedrowanie.siecobywatelska.pl/sprawy/wnioski-o-informacje-w-2025-1090","ŁOCHÓW","samorząd gminy","gmina miejsko-wiejska","Mazowieckie","Węgrowski","Łochów","Mazowieckie / Węgrowski / Łochów (1433053, gmina miejsko-wiejska)",96,95,1,"[g]",0,0,0,"b) NIE","a) TAK",17160
"285","https://fedrowanie.siecobywatelska.pl/sprawy/wnioski-o-informacje-w-2025-1832","ŁODYGOWICE","samorząd gminy","gmina wiejska","Śląskie","Żywiecki","Łodygowice","Śląskie / Żywiecki / Łodygowice (2417082, gmina wiejska)",116,114,2,"[c, f]",0,0,0,"b) NIE","b) NIE",15460
"604","https://fedrowanie.siecobywatelska.pl/sprawy/wnioski-o-informacje-w-2025-406","ŁOMAZY","samorząd gminy","gmina wiejska","Lubelskie","Bialski","Łomazy","Lubelskie / Bialski / Łomazy (0601092, gmina wiejska)",101,"BD","BD","BD",0,0,0,"b) NIE","b) NIE",4440
"2136","https://fedrowanie.siecobywatelska.pl/sprawy/wnioski-o-informacje-w-2025-1091","ŁOMIANKI","samorząd gminy","gmina miejsko-wiejska","Mazowieckie","Warszawski Zachodni","Łomianki","Mazowieckie / Warszawski Zachodni / Łomianki (1432053, gmina miejsko-wiejska)",238,233,2,"[a, c]",1,2,0,"b) NIE","a) TAK",32370
"775","https://fedrowanie.siecobywatelska.pl/sprawy/wnioski-o-informacje-w-2025-1569","Łomża","miasto na prawach powiatu","miasto na prawach powiatu","Podlaskie","Łomża",,"Podlaskie / Łomża (2062, miasto na prawach powiatu)",109,74,1,"[a, c, f]",0,1,0,"b) NIE","a) TAK",58930
"871","https://fedrowanie.siecobywatelska.pl/sprawy/wnioski-o-informacje-w-2025-1568","ŁOMŻA","samorząd gminy","gmina wiejska","Podlaskie","Łomżyński","Łomża","Podlaskie / Łomżyński / Łomża (2007022, gmina wiejska)",108,106,1,"[f, i]",0,0,0,"b) NIE","a) TAK",12350
"605","https://fedrowanie.siecobywatelska.pl/sprawy/wnioski-o-informacje-w-2025-1959","ŁONIÓW","samorząd gminy","gmina wiejska","Świętokrzyskie","Sandomierski","Łoniów","Świętokrzyskie / Sandomierski / Łoniów (2609052, gmina wiejska)",53,53,0,"N/A",0,0,0,"b) NIE","b) NIE",7000
"2296","https://fedrowanie.siecobywatelska.pl/sprawy/wnioski-o-informacje-w-2025-407","ŁOPIENNIK GÓRNY","samorząd gminy","gmina wiejska","Lubelskie","Krasnostawski","Łopiennik Górny","Lubelskie / Krasnostawski / Łopiennik Górny (0606072, gmina wiejska)",55,55,0,"N/A",0,0,0,"b) NIE","b) NIE",3480
"286","https://fedrowanie.siecobywatelska.pl/sprawy/wnioski-o-informacje-w-2025-1960","ŁOPUSZNO","samorząd gminy","gmina miejsko-wiejska","Świętokrzyskie","Kielecki","Łopuszno","Świętokrzyskie / Kielecki / Łopuszno (2604083, gmina miejsko-wiejska)",90,69,0,"[a, b, c]",0,0,0,"b) NIE","b) NIE",8680
"2157","https://fedrowanie.siecobywatelska.pl/sprawy/wnioski-o-informacje-w-2025-1092","ŁOSICE","samorząd gminy","gmina miejsko-wiejska","Mazowieckie","Łosicki","Łosice","Mazowieckie / Łosicki / Łosice (1410023, gmina miejsko-wiejska)",102,102,0,"N/A",0,0,0,"b) NIE","b) NIE",10250
"1645","https://fedrowanie.siecobywatelska.pl/sprawy/wnioski-o-informacje-w-2025-869","ŁOSOSINA DOLNA","samorząd gminy","gmina wiejska","Małopolskie","Nowosądecki","Łososina Dolna","Małopolskie / Nowosądecki / Łososina Dolna (1210102, gmina wiejska)","BD",84,0,"N/A",0,0,0,"b) NIE","b) NIE",11190
"2168","https://fedrowanie.siecobywatelska.pl/sprawy/wnioski-o-informacje-w-2025-691","ŁOWICZ","samorząd gminy","gmina miejska","Łódzkie","Łowicki","Łowicz","Łódzkie / Łowicki / Łowicz (1005011, gmina miejska)",99,92,1,"[c, d, i]",0,0,0,"b) NIE","b) NIE",25310
"56","https://fedrowanie.siecobywatelska.pl/sprawy/wnioski-o-informacje-w-2025-692","ŁOWICZ","samorząd gminy","gmina wiejska","Łódzkie","Łowicki","Łowicz","Łódzkie / Łowicki / Łowicz (1005072, gmina wiejska)",77,77,0,"N/A",0,0,0,"b) NIE","b) NIE",7730
"2166","https://fedrowanie.siecobywatelska.pl/sprawy/wnioski-o-informacje-w-2025-693","Łódź","miasto na prawach powiatu","miasto na prawach powiatu","Łódzkie","Łódź",,"Łódzkie / Łódź (1061, miasto na prawach powiatu)",1076,1055,14,"[b]",2,4,0,"b) NIE","b) NIE",639890
"1257","https://fedrowanie.siecobywatelska.pl/sprawy/wnioski-o-informacje-w-2025-249","ŁUBIANKA","samorząd gminy","gmina wiejska","Kujawsko-Pomorskie","Toruński","Łubianka","Kujawsko-Pomorskie / Toruński / Łubianka (0415052, gmina wiejska)",136,136,0,"N/A",0,0,0,"b) NIE","b) NIE",8360
"1648","https://fedrowanie.siecobywatelska.pl/sprawy/wnioski-o-informacje-w-2025-1317","ŁUBNIANY","samorząd gminy","gmina wiejska","Opolskie","Opolski","Łubniany","Opolskie / Opolski / Łubniany (1609052, gmina wiejska)",92,91,0,"[i]",0,0,0,"b) NIE","b) NIE",10180
"1866","https://fedrowanie.siecobywatelska.pl/sprawy/wnioski-o-informacje-w-2025-694","ŁUBNICE","samorząd gminy","gmina wiejska","Łódzkie","Wieruszowski","Łubnice","Łódzkie / Wieruszowski / Łubnice (1018052, gmina wiejska)",88,88,0,"N/A",0,0,0,"b) NIE","b) NIE",3810
"609","https://fedrowanie.siecobywatelska.pl/sprawy/wnioski-o-informacje-w-2025-1961","ŁUBNICE","samorząd gminy","gmina wiejska","Świętokrzyskie","Staszowski","Łubnice","Świętokrzyskie / Staszowski / Łubnice (2612022, gmina wiejska)",54,54,0,"N/A",0,0,0,"b) NIE","b) NIE",3840
"926","https://fedrowanie.siecobywatelska.pl/sprawy/wnioski-o-informacje-w-2025-2243","ŁUBOWO","samorząd gminy","gmina wiejska","Wielkopolskie","Gnieźnieński","Łubowo","Wielkopolskie / Gnieźnieński / Łubowo (3003062, gmina wiejska)",66,66,0,"[i]",0,0,0,"b) NIE","b) NIE",7540
"929","https://fedrowanie.siecobywatelska.pl/sprawy/wnioski-o-informacje-w-2025-408","ŁUKOWA","samorząd gminy","gmina wiejska","Lubelskie","Biłgorajski","Łukowa","Lubelskie / Biłgorajski / Łukowa (0602092, gmina wiejska)",24,24,0,"N/A",0,0,0,"b) NIE","b) NIE",3810
"292","https://fedrowanie.siecobywatelska.pl/sprawy/wnioski-o-informacje-w-2025-870","ŁUKOWICA","samorząd gminy","gmina wiejska","Małopolskie","Limanowski","Łukowica","Małopolskie / Limanowski / Łukowica (1207082, gmina wiejska)",47,47,0,"N/A",0,1,0,"b) NIE","b) NIE",10240
"1028","https://fedrowanie.siecobywatelska.pl/sprawy/wnioski-o-informacje-w-2025-409","ŁUKÓW","samorząd gminy","gmina miejska","Lubelskie","Łukowski","Łuków","Lubelskie / Łukowski / Łuków (0611011, gmina miejska)",122,122,0,"N/A",1,0,0,"b) NIE","b) NIE",26640
"612","https://fedrowanie.siecobywatelska.pl/sprawy/wnioski-o-informacje-w-2025-2086","ŁUKTA","samorząd gminy","gmina wiejska","Warmińsko-Mazurskie","Ostródzki","Łukta","Warmińsko-Mazurskie / Ostródzki / Łukta (2815042, gmina wiejska)",57,57,0,"N/A",0,0,0,"b) NIE","b) NIE",4280
"162","https://fedrowanie.siecobywatelska.pl/sprawy/wnioski-o-informacje-w-2025-871","ŁUŻNA","samorząd gminy","gmina wiejska","Małopolskie","Gorlicki","Łużna","Małopolskie / Gorlicki / Łużna (1205062, gmina wiejska)",78,78,0,"N/A",0,0,0,"b) NIE","b) NIE",8230
"1751","https://fedrowanie.siecobywatelska.pl/sprawy/wnioski-o-informacje-w-2025-1093","ŁYSE","samorząd gminy","gmina wiejska","Mazowieckie","Ostrołęcki","Łyse","Mazowieckie / Ostrołęcki / Łyse (1415072, gmina wiejska)",66,66,0,"N/A",0,0,0,"b) NIE","b) NIE",8110
"930","https://fedrowanie.siecobywatelska.pl/sprawy/wnioski-o-informacje-w-2025-250","ŁYSOMICE","samorząd gminy","gmina wiejska","Kujawsko-Pomorskie","Toruński","Łysomice","Kujawsko-Pomorskie / Toruński / Łysomice (0415062, gmina wiejska)",76,76,0,"N/A",0,0,0,"b) NIE","b) NIE",11160
"931","https://fedrowanie.siecobywatelska.pl/sprawy/wnioski-o-informacje-w-2025-695","ŁYSZKOWICE","samorząd gminy","gmina wiejska","Łódzkie","Łowicki","Łyszkowice","Łódzkie / Łowicki / Łyszkowice (1005082, gmina wiejska)",77,77,0,"N/A",0,0,0,"b) NIE","a) TAK",6300
"293","https://fedrowanie.siecobywatelska.pl/sprawy/wnioski-o-informacje-w-2025-1094","MACIEJOWICE","samorząd gminy","gmina miejsko-wiejska","Mazowieckie","Garwoliński","Maciejowice","Mazowieckie / Garwoliński / Maciejowice (1403073, gmina miejsko-wiejska)",41,41,0,"N/A",0,0,0,"b) NIE","b) NIE",6230
"1868","https://fedrowanie.siecobywatelska.pl/sprawy/wnioski-o-informacje-w-2025-1095","MAGNUSZEW","samorząd gminy","gmina miejsko-wiejska","Mazowieckie","Kozienicki","Magnuszew","Mazowieckie / Kozienicki / Magnuszew (1407063, gmina miejsko-wiejska)",34,34,0,"N/A",0,0,0,"b) NIE","b) NIE",6320
"932","https://fedrowanie.siecobywatelska.pl/sprawy/wnioski-o-informacje-w-2025-1438","MAJDAN KRÓLEWSKI","samorząd gminy","gmina wiejska","Podkarpackie","Kolbuszowski","Majdan Królewski","Podkarpackie / Kolbuszowski / Majdan Królewski (1806032, gmina wiejska)",84,83,1,"[b]",0,0,0,"b) NIE","b) NIE",9490
"1264","https://fedrowanie.siecobywatelska.pl/sprawy/wnioski-o-informacje-w-2025-2244","MALANÓW","samorząd gminy","gmina wiejska","Wielkopolskie","Turecki","Malanów","Wielkopolskie / Turecki / Malanów (3027052, gmina wiejska)",85,"BD",0,"BD",0,0,0,"b) NIE","b) NIE",6420
"617","https://fedrowanie.siecobywatelska.pl/sprawy/wnioski-o-informacje-w-2025-1688","MALBORK","samorząd gminy","gmina miejska","Pomorskie","Malborski","Malbork","Pomorskie / Malborski / Malbork (2209011, gmina miejska)","BD","BD","BD","BD","BD","BD","BD","BD","BD",36150
"849","https://fedrowanie.siecobywatelska.pl/sprawy/wnioski-o-informacje-w-2025-1689","MALBORK","samorząd gminy","gmina wiejska","Pomorskie","Malborski","Malbork","Pomorskie / Malborski / Malbork (2209042, gmina wiejska)",35,34,1,"[i]",0,0,0,"b) NIE","b) NIE",5260
"1265","https://fedrowanie.siecobywatelska.pl/sprawy/wnioski-o-informacje-w-2025-1097","MAŁA WIEŚ","samorząd gminy","gmina wiejska","Mazowieckie","Płocki","Mała Wieś","Mazowieckie / Płocki / Mała Wieś (1419082, gmina wiejska)",79,79,0,"N/A",0,0,0,"b) NIE","b) NIE",5520
"1266","https://fedrowanie.siecobywatelska.pl/sprawy/wnioski-o-informacje-w-2025-2087","MAŁDYTY","samorząd gminy","gmina wiejska","Warmińsko-Mazurskie","Ostródzki","Małdyty","Warmińsko-Mazurskie / Ostródzki / Małdyty (2815052, gmina wiejska)",94,92,2,"[g]",0,0,0,"b) NIE","b) NIE",5650
"720","https://fedrowanie.siecobywatelska.pl/sprawy/wnioski-o-informacje-w-2025-1098","MAŁKINIA GÓRNA","samorząd gminy","gmina miejsko-wiejska","Mazowieckie","Ostrowski","Małkinia Górna","Mazowieckie / Ostrowski / Małkinia Górna (1416053, gmina miejsko-wiejska)",104,103,1,"[g]",0,0,0,"a) TAK","b) NIE",10620
"2303","https://fedrowanie.siecobywatelska.pl/sprawy/wnioski-o-informacje-w-2025-563","MAŁOMICE","samorząd gminy","gmina miejsko-wiejska","Lubuskie","Żagański","Małomice","Lubuskie / Żagański / Małomice (0810053, gmina miejsko-wiejska)",42,42,0,"N/A",0,0,0,"b) NIE","b) NIE",5150
"1269","https://fedrowanie.siecobywatelska.pl/sprawy/wnioski-o-informacje-w-2025-2420","MANOWO","samorząd gminy","gmina wiejska","Zachodniopomorskie","Koszaliński","Manowo","Zachodniopomorskie / Koszaliński / Manowo (3209042, gmina wiejska)",82,81,0,"[b, c]",0,0,0,"b) NIE","b) NIE",5660
"294","https://fedrowanie.siecobywatelska.pl/sprawy/wnioski-o-informacje-w-2025-75","MARCINOWICE","samorząd gminy","gmina wiejska","Dolnośląskie","Świdnicki","Marcinowice","Dolnośląskie / Świdnicki / Marcinowice (0219052, gmina wiejska)",119,113,1,"[a]",1,0,0,"b) NIE","b) NIE",6350
"295","https://fedrowanie.siecobywatelska.pl/sprawy/wnioski-o-informacje-w-2025-76","MARCISZÓW","samorząd gminy","gmina wiejska","Dolnośląskie","Kamiennogórski","Marciszów","Dolnośląskie / Kamiennogórski / Marciszów (0207042, gmina wiejska)",64,64,0,"N/A",0,0,0,"b) NIE","a) TAK",4160
"934","https://fedrowanie.siecobywatelska.pl/sprawy/wnioski-o-informacje-w-2025-2245","MARGONIN","samorząd gminy","gmina miejsko-wiejska","Wielkopolskie","Chodzieski","Margonin","Wielkopolskie / Chodzieski / Margonin (3001043, gmina miejsko-wiejska)",112,106,0,"N/A",0,0,0,"b) NIE","b) NIE",6230
"1649","https://fedrowanie.siecobywatelska.pl/sprawy/wnioski-o-informacje-w-2025-2421","MARIANOWO","samorząd gminy","gmina wiejska","Zachodniopomorskie","Stargardzki","Marianowo","Zachodniopomorskie / Stargardzki / Marianowo (3214082, gmina wiejska)",65,62,0,"[c]",0,0,0,"b) NIE","b) NIE",2830
"2200","https://fedrowanie.siecobywatelska.pl/sprawy/wnioski-o-informacje-w-2025-1099","MARKI","samorząd gminy","gmina miejska","Mazowieckie","Wołomiński","Marki","Mazowieckie / Wołomiński / Marki (1434021, gmina miejska)",70,55,5,"[a, b, c]",0,0,0,"b) NIE","b) NIE",46960
"1270","https://fedrowanie.siecobywatelska.pl/sprawy/wnioski-o-informacje-w-2025-1833","MARKLOWICE","samorząd gminy","gmina wiejska","Śląskie","Wodzisławski","Marklowice","Śląskie / Wodzisławski / Marklowice (2415082, gmina wiejska)",87,87,0,"N/A",0,0,0,"b) NIE","b) NIE",5260
"1271","https://fedrowanie.siecobywatelska.pl/sprawy/wnioski-o-informacje-w-2025-1439","MARKOWA","samorząd gminy","gmina wiejska","Podkarpackie","Łańcucki","Markowa","Podkarpackie / Łańcucki / Markowa (1810052, gmina wiejska)",90,88,1,"[f, i]",0,0,0,"b) NIE","b) NIE",6280
"624","https://fedrowanie.siecobywatelska.pl/sprawy/wnioski-o-informacje-w-2025-2088","MARKUSY","samorząd gminy","gmina wiejska","Warmińsko-Mazurskie","Elbląski","Markusy","Warmińsko-Mazurskie / Elbląski / Markusy (2804042, gmina wiejska)",43,43,0,"N/A",0,0,0,"b) NIE","b) NIE",3840
"1","https://fedrowanie.siecobywatelska.pl/sprawy/wnioski-o-informacje-w-2025-2794","Marszałek Województwa Dolnośląskiego","marszałkowie","województwo","Dolnośląskie",,,"Dolnośląskie (02, województwo)",629,629,0,"N/A",1,0,0,"b) NIE","a) TAK",
"3","https://fedrowanie.siecobywatelska.pl/sprawy/wnioski-o-informacje-w-2025-2796","Marszałek Województwa Lubelskiego","marszałkowie","województwo","Lubelskie",,,"Lubelskie (06, województwo)",183,155,6,"[a, c, g]",0,2,1,"b) NIE","a) TAK",
"4","https://fedrowanie.siecobywatelska.pl/sprawy/wnioski-o-informacje-w-2025-2797","Marszałek Województwa Lubuskiego","marszałkowie","województwo","Lubuskie",,,"Lubuskie (08, województwo)",284,231,11,"[a, f, g]",4,5,0,"b) NIE","b) NIE",
"6","https://fedrowanie.siecobywatelska.pl/sprawy/wnioski-o-informacje-w-2025-2799","Marszałek Województwa Małopolskiego","marszałkowie","województwo","Małopolskie",,,"Małopolskie (12, województwo)",352,269,2,"[a, c]",1,0,0,"b) NIE","a) TAK",
"9","https://fedrowanie.siecobywatelska.pl/sprawy/wnioski-o-informacje-w-2025-2802","Marszałek Województwa Podkarpackiego","marszałkowie","województwo","Podkarpackie",,,"Podkarpackie (18, województwo)",220,200,0,"[a, b, c]",0,0,0,"b) NIE","a) TAK",
"10","https://fedrowanie.siecobywatelska.pl/sprawy/wnioski-o-informacje-w-2025-2803","Marszałek Województwa Podlaskiego","marszałkowie","województwo","Podlaskie",,,"Podlaskie (20, województwo)",233,212,1,"[a, b, c]",1,0,0,"b) NIE","b) NIE",
"11","https://fedrowanie.siecobywatelska.pl/sprawy/wnioski-o-informacje-w-2025-2804","Marszałek Województwa Pomorskiego","marszałkowie","województwo","Pomorskie",,,"Pomorskie (22, województwo)",278,256,1,"[b]",0,0,0,"b) NIE","a) TAK",
"12","https://fedrowanie.siecobywatelska.pl/sprawy/wnioski-o-informacje-w-2025-2805","Marszałek Województwa Śląskiego","marszałkowie","województwo","Śląskie",,,"Śląskie (24, województwo)",324,"BD",3,"BD",1,0,0,"b) NIE","b) NIE",
"13","https://fedrowanie.siecobywatelska.pl/sprawy/wnioski-o-informacje-w-2025-2806","Marszałek Województwa Świętokrzyskiego","marszałkowie","województwo","Świętokrzyskie",,,"Świętokrzyskie (26, województwo)",277,239,8,"[a, b, c]",0,1,0,"b) NIE","a) TAK",
"15","https://fedrowanie.siecobywatelska.pl/sprawy/wnioski-o-informacje-w-2025-2808","Marszałek Województwa Wielkopolskiego","marszałkowie","województwo","Wielkopolskie",,,"Wielkopolskie (30, województwo)",361,357,4,"[c, f, h]",0,1,0,"b) NIE","a) TAK",
"16","https://fedrowanie.siecobywatelska.pl/sprawy/wnioski-o-informacje-w-2025-2809","Marszałek Województwa Zachodniopomorskiego","marszałkowie","województwo","Zachodniopomorskie",,,"Zachodniopomorskie (32, województwo)",285,246,7,"BD",1,3,0,"b) NIE","b) NIE",
"626","https://fedrowanie.siecobywatelska.pl/sprawy/wnioski-o-informacje-w-2025-697","MASŁOWICE","samorząd gminy","gmina wiejska","Łódzkie","Radomszczański","Masłowice","Łódzkie / Radomszczański / Masłowice (1012102, gmina wiejska)",110,103,7,"[f]",0,5,0,"b) NIE","b) NIE",3790
"297","https://fedrowanie.siecobywatelska.pl/sprawy/wnioski-o-informacje-w-2025-1963","MASŁÓW","samorząd gminy","gmina wiejska","Świętokrzyskie","Kielecki","Masłów","Świętokrzyskie / Kielecki / Masłów (2604092, gmina wiejska)",139,129,1,"[a,b,c]",1,0,1,"b) NIE","b) NIE",12070
"2304","https://fedrowanie.siecobywatelska.pl/sprawy/wnioski-o-informacje-w-2025-2422","MASZEWO","samorząd gminy","gmina miejsko-wiejska","Zachodniopomorskie","Goleniowski","Maszewo","Zachodniopomorskie / Goleniowski / Maszewo (3204033, gmina miejsko-wiejska)",104,103,1,"[f]",0,0,0,"b) NIE","b) NIE",8470
"935","https://fedrowanie.siecobywatelska.pl/sprawy/wnioski-o-informacje-w-2025-564","MASZEWO","samorząd gminy","gmina wiejska","Lubuskie","Krośnieński","Maszewo","Lubuskie / Krośnieński / Maszewo (0802072, gmina wiejska)",46,46,0,"N/A",0,0,0,"b) NIE","b) NIE",2710
"630","https://fedrowanie.siecobywatelska.pl/sprawy/wnioski-o-informacje-w-2025-1440","MEDYKA","samorząd gminy","gmina wiejska","Podkarpackie","Przemyski","Medyka","Podkarpackie / Przemyski / Medyka (1813062, gmina wiejska)",70,70,0,"N/A",0,0,0,"a) TAK","b) NIE",6220
"1650","https://fedrowanie.siecobywatelska.pl/sprawy/wnioski-o-informacje-w-2025-77","MĘCINKA","samorząd gminy","gmina wiejska","Dolnośląskie","Jaworski","Męcinka","Dolnośląskie / Jaworski / Męcinka (0205032, gmina wiejska)",107,107,0,"N/A",0,0,0,"b) NIE","b) NIE",5200
"629","https://fedrowanie.siecobywatelska.pl/sprawy/wnioski-o-informacje-w-2025-873","MĘDRZECHÓW","samorząd gminy","gmina wiejska","Małopolskie","Dąbrowski","Mędrzechów","Małopolskie / Dąbrowski / Mędrzechów (1204042, gmina wiejska)",50,50,0,"N/A",0,0,0,"b) NIE","b) NIE",3200
"936","https://fedrowanie.siecobywatelska.pl/sprawy/wnioski-o-informacje-w-2025-2246","MIASTECZKO KRAJEŃSKIE","samorząd gminy","gmina miejsko-wiejska","Wielkopolskie","Pilski","Miasteczko Krajeńskie","Wielkopolskie / Pilski / Miasteczko Krajeńskie (3019053, gmina miejsko-wiejska)",70,70,1,"[h]",0,0,0,"b) NIE","b) NIE",2990
"2008","https://fedrowanie.siecobywatelska.pl/sprawy/wnioski-o-informacje-w-2025-1834","MIASTECZKO ŚLĄSKIE","samorząd gminy","gmina miejska","Śląskie","Tarnogórski","Miasteczko Śląskie","Śląskie / Tarnogórski / Miasteczko Śląskie (2413021, gmina miejska)",95,84,0,"[a, c]",0,0,0,"b) NIE","b) NIE",6810
"2459","https://fedrowanie.siecobywatelska.pl/sprawy/wnioski-o-informacje-w-2025-1690","MIASTKO","samorząd gminy","gmina miejsko-wiejska","Pomorskie","Bytowski","Miastko","Pomorskie / Bytowski / Miastko (2201063, gmina miejsko-wiejska)",170,169,1,"[i]",1,9,8,"b) NIE","b) NIE",17420
"177","https://fedrowanie.siecobywatelska.pl/sprawy/wnioski-o-informacje-w-2025-1571","MIASTKOWO","samorząd gminy","gmina wiejska","Podlaskie","Łomżyński","Miastkowo","Podlaskie / Łomżyński / Miastkowo (2007032, gmina wiejska)",62,62,0,"N/A",0,0,0,"b) NIE","b) NIE",3940
"1272","https://fedrowanie.siecobywatelska.pl/sprawy/wnioski-o-informacje-w-2025-1100","MIASTKÓW KOŚCIELNY","samorząd gminy","gmina wiejska","Mazowieckie","Garwoliński","Miastków Kościelny","Mazowieckie / Garwoliński / Miastków Kościelny (1403082, gmina wiejska)",77,76,1,"[a]",0,0,0,"b) NIE","b) NIE",4570
"298","https://fedrowanie.siecobywatelska.pl/sprawy/wnioski-o-informacje-w-2025-413","MIĄCZYN","samorząd gminy","gmina wiejska","Lubelskie","Zamojski","Miączyn","Lubelskie / Zamojski / Miączyn (0620062, gmina wiejska)",80,80,0,"N/A",0,0,0,"b) NIE","a) TAK",4810
"1273","https://fedrowanie.siecobywatelska.pl/sprawy/wnioski-o-informacje-w-2025-1101","MICHAŁOWICE","samorząd gminy","gmina wiejska","Mazowieckie","Pruszkowski","Michałowice","Mazowieckie / Pruszkowski / Michałowice (1421042, gmina wiejska)",203,203,0,"[a, c]",1,0,0,"b) NIE","b) NIE",19570
"530","https://fedrowanie.siecobywatelska.pl/sprawy/wnioski-o-informacje-w-2025-874","MICHAŁOWICE","samorząd gminy","gmina wiejska","Małopolskie","Krakowski","Michałowice","Małopolskie / Krakowski / Michałowice (1206082, gmina wiejska)",187,187,1,"[c, f, g]",2,0,0,"b) NIE","b) NIE",13690
"1869","https://fedrowanie.siecobywatelska.pl/sprawy/wnioski-o-informacje-w-2025-1572","MICHAŁOWO","samorząd gminy","gmina miejsko-wiejska","Podlaskie","Białostocki","Michałowo","Podlaskie / Białostocki / Michałowo (2002073, gmina miejsko-wiejska)",94,93,1,"[f]",0,0,0,"b) NIE","b) NIE",5690
"939","https://fedrowanie.siecobywatelska.pl/sprawy/wnioski-o-informacje-w-2025-414","MICHÓW","samorząd gminy","gmina wiejska","Lubelskie","Lubartowski","Michów","Lubelskie / Lubartowski / Michów (0608082, gmina wiejska)",82,82,0,"[a]",1,0,0,"b) NIE","b) NIE",5260
"299","https://fedrowanie.siecobywatelska.pl/sprawy/wnioski-o-informacje-w-2025-875","MIECHÓW","samorząd gminy","gmina miejsko-wiejska","Małopolskie","Miechowski","Miechów","Małopolskie / Miechowski / Miechów (1208053, gmina miejsko-wiejska)",121,120,1,"[f]",1,0,0,"b) NIE","a) TAK",18400
"940","https://fedrowanie.siecobywatelska.pl/sprawy/wnioski-o-informacje-w-2025-1965","MIEDZIANAGÓRA","samorząd gminy","gmina wiejska","Świętokrzyskie","Kielecki","Miedziana Góra","Świętokrzyskie / Kielecki / Miedziana Góra (2604102, gmina wiejska)",95,95,0,"[a, b, c]",0,0,0,"b) NIE","b) NIE",12680
"1274","https://fedrowanie.siecobywatelska.pl/sprawy/wnioski-o-informacje-w-2025-2247","MIEDZICHOWO","samorząd gminy","gmina wiejska","Wielkopolskie","Nowotomyski","Miedzichowo","Wielkopolskie / Nowotomyski / Miedzichowo (3015032, gmina wiejska)",85,84,1,"[c]",0,1,0,"b) NIE","b) NIE",3920
"49","https://fedrowanie.siecobywatelska.pl/sprawy/wnioski-o-informacje-w-2025-1102","MIEDZNA","samorząd gminy","gmina wiejska","Mazowieckie","Węgrowski","Miedzna","Mazowieckie / Węgrowski / Miedzna (1433062, gmina wiejska)",65,65,0,"N/A",0,0,0,"b) NIE","b) NIE",3490
"476","https://fedrowanie.siecobywatelska.pl/sprawy/wnioski-o-informacje-w-2025-1835","MIEDŹNA","samorząd gminy","gmina wiejska","Śląskie","Pszczyński","Miedźna","Śląskie / Pszczyński / Miedźna (2410032, gmina wiejska)",77,75,2,"[f, i]",0,0,0,"b) NIE","b) NIE",16010
"1651","https://fedrowanie.siecobywatelska.pl/sprawy/wnioski-o-informacje-w-2025-1836","MIEDŹNO","samorząd gminy","gmina wiejska","Śląskie","Kłobucki","Miedźno","Śląskie / Kłobucki / Miedźno (2406042, gmina wiejska)",118,118,0,"N/A",0,0,0,"b) NIE","b) NIE",7350
"1275","https://fedrowanie.siecobywatelska.pl/sprawy/wnioski-o-informacje-w-2025-1441","MIEJSCE PIASTOWE","samorząd gminy","gmina wiejska","Podkarpackie","Krośnieński","Miejsce Piastowe","Podkarpackie / Krośnieński / Miejsce Piastowe (1807072, gmina wiejska)",98,98,0,"N/A",0,0,0,"b) NIE","b) NIE",13150
"2310","https://fedrowanie.siecobywatelska.pl/sprawy/wnioski-o-informacje-w-2025-2248","MIEJSKA GÓRKA","samorząd gminy","gmina miejsko-wiejska","Wielkopolskie","Rawicki","Miejska Górka","Wielkopolskie / Rawicki / Miejska Górka (3022033, gmina miejsko-wiejska)",74,74,0,"N/A",0,0,0,"b) NIE","a) TAK",8680
"1029","https://fedrowanie.siecobywatelska.pl/sprawy/wnioski-o-informacje-w-2025-1442","MIELEC","samorząd gminy","gmina miejska","Podkarpackie","Mielecki","Mielec","Podkarpackie / Mielecki / Mielec (1811011, gmina miejska)",191,181,0,"[c]",0,0,0,"b) NIE","b) NIE",56030
"1409","https://fedrowanie.siecobywatelska.pl/sprawy/wnioski-o-informacje-w-2025-1443","MIELEC","samorząd gminy","gmina wiejska","Podkarpackie","Mielecki","Mielec","Podkarpackie / Mielecki / Mielec (1811052, gmina wiejska)",95,93,2,"N/A",0,0,0,"b) NIE","b) NIE",13690
"1276","https://fedrowanie.siecobywatelska.pl/sprawy/wnioski-o-informacje-w-2025-2249","MIELESZYN","samorząd gminy","gmina wiejska","Wielkopolskie","Gnieźnieński","Mieleszyn","Wielkopolskie / Gnieźnieński / Mieleszyn (3003072, gmina wiejska)",94,94,0,"N/A",0,0,0,"b) NIE","a) TAK",3570
"300","https://fedrowanie.siecobywatelska.pl/sprawy/wnioski-o-informacje-w-2025-1573","MIELNIK","samorząd gminy","gmina wiejska","Podlaskie","Siemiatycki","Mielnik","Podlaskie / Siemiatycki / Mielnik (2010052, gmina wiejska)",85,85,0,"[a, c, h]",0,0,0,"b) NIE","b) NIE",1970
"64","https://fedrowanie.siecobywatelska.pl/sprawy/wnioski-o-informacje-w-2025-2423","MIELNO","samorząd gminy","gmina miejsko-wiejska","Zachodniopomorskie","Koszaliński","Mielno","Zachodniopomorskie / Koszaliński / Mielno (3209053, gmina miejsko-wiejska)",118,118,0,"N/A",0,0,0,"a) TAK","b) NIE",4520
"2312","https://fedrowanie.siecobywatelska.pl/sprawy/wnioski-o-informacje-w-2025-78","MIEROSZÓW","samorząd gminy","gmina miejsko-wiejska","Dolnośląskie","Wałbrzyski","Mieroszów","Dolnośląskie / Wałbrzyski / Mieroszów (0221063, gmina miejsko-wiejska)",95,89,2,"[b, d]",0,0,0,"b) NIE","b) NIE",5990
"301","https://fedrowanie.siecobywatelska.pl/sprawy/wnioski-o-informacje-w-2025-1837","MIERZĘCICE","samorząd gminy","gmina wiejska","Śląskie","Będziński","Mierzęcice","Śląskie / Będziński / Mierzęcice (2401052, gmina wiejska)",100,94,0,"[a, b, c]",0,0,0,"b) NIE","b) NIE",8000
"302","https://fedrowanie.siecobywatelska.pl/sprawy/wnioski-o-informacje-w-2025-2424","MIESZKOWICE","samorząd gminy","gmina miejsko-wiejska","Zachodniopomorskie","Gryfiński","Mieszkowice","Zachodniopomorskie / Gryfiński / Mieszkowice (3206053, gmina miejsko-wiejska)",90,81,0,"[a, c, f]","BD","BD","BD","BD","BD",6360
"50","https://fedrowanie.siecobywatelska.pl/sprawy/wnioski-o-informacje-w-2025-2250","MIEŚCISKO","samorząd gminy","gmina miejsko-wiejska","Wielkopolskie","Wągrowiecki","Mieścisko","Wielkopolskie / Wągrowiecki / Mieścisko (3028043, gmina miejsko-wiejska)",89,82,0,"[e]",0,0,0,"b) NIE","a) TAK",5600
"652","https://fedrowanie.siecobywatelska.pl/sprawy/wnioski-o-informacje-w-2025-79","MIETKÓW","samorząd gminy","gmina wiejska","Dolnośląskie","Wrocławski","Mietków","Dolnośląskie / Wrocławski / Mietków (0223062, gmina wiejska)",79,79,0,"N/A",0,0,0,"b) NIE","b) NIE",3720
"2137","https://fedrowanie.siecobywatelska.pl/sprawy/wnioski-o-informacje-w-2025-80","MIĘDZYBÓRZ","samorząd gminy","gmina miejsko-wiejska","Dolnośląskie","Oleśnicki","Międzybórz","Dolnośląskie / Oleśnicki / Międzybórz (0214053, gmina miejsko-wiejska)",97,97,0,"N/A",0,0,0,"b) NIE","a) TAK",4970
"2307","https://fedrowanie.siecobywatelska.pl/sprawy/wnioski-o-informacje-w-2025-2251","MIĘDZYCHÓD","samorząd gminy","gmina miejsko-wiejska","Wielkopolskie","Międzychodzki","Międzychód","Wielkopolskie / Międzychodzki / Międzychód (3014033, gmina miejsko-wiejska)",100,70,0,"[a, b, c]",0,0,0,"b) NIE","a) TAK",17710
"2308","https://fedrowanie.siecobywatelska.pl/sprawy/wnioski-o-informacje-w-2025-81","MIĘDZYLESIE","samorząd gminy","gmina miejsko-wiejska","Dolnośląskie","Kłodzki","Międzylesie","Dolnośląskie / Kłodzki / Międzylesie (0208103, gmina miejsko-wiejska)",26,26,0,"N/A",0,0,0,"b) NIE","b) NIE",6660
"2309","https://fedrowanie.siecobywatelska.pl/sprawy/wnioski-o-informacje-w-2025-416","MIĘDZYRZEC PODLASKI","samorząd gminy","gmina wiejska","Lubelskie","Bialski","Międzyrzec Podlaski","Lubelskie / Bialski / Międzyrzec Podlaski (0601102, gmina wiejska)",100,98,2,"[f]",0,0,0,"b) NIE","b) NIE",10170
"2479","https://fedrowanie.siecobywatelska.pl/sprawy/wnioski-o-informacje-w-2025-415","MIĘDZYRZEC PODLASKI","samorząd gminy","gmina miejska","Lubelskie","Bialski","Międzyrzec Podlaski","Lubelskie / Bialski / Międzyrzec Podlaski (0601011, gmina miejska)",156,154,1,"[a, i]",1,1,0,"b) NIE","b) NIE",15110
"2010","https://fedrowanie.siecobywatelska.pl/sprawy/wnioski-o-informacje-w-2025-565","MIĘDZYRZECZ","samorząd gminy","gmina miejsko-wiejska","Lubuskie","Międzyrzecki","Międzyrzecz","Lubuskie / Międzyrzecki / Międzyrzecz (0803023, gmina miejsko-wiejska)",15,118,2,"[f]",0,0,0,"b) NIE","a) TAK",23290
"2011","https://fedrowanie.siecobywatelska.pl/sprawy/wnioski-o-informacje-w-2025-2425","MIĘDZYZDROJE","samorząd gminy","gmina miejsko-wiejska","Zachodniopomorskie","Kamieński","Międzyzdroje","Zachodniopomorskie / Kamieński / Międzyzdroje (3207043, gmina miejsko-wiejska)",112,111,1,"[b, d]",1,1,0,"b) NIE","b) NIE",5950
"653","https://fedrowanie.siecobywatelska.pl/sprawy/wnioski-o-informacje-w-2025-2089","MIKOŁAJKI","samorząd gminy","gmina miejsko-wiejska","Warmińsko-Mazurskie","Mrągowski","Mikołajki","Warmińsko-Mazurskie / Mrągowski / Mikołajki (2810023, gmina miejsko-wiejska)",161,158,3,"[a, f, h]",0,0,0,"b) NIE","b) NIE",7190
"521","https://fedrowanie.siecobywatelska.pl/sprawy/wnioski-o-informacje-w-2025-1691","MIKOŁAJKI POMORSKIE","samorząd gminy","gmina wiejska","Pomorskie","Sztumski","Mikołajki Pomorskie","Pomorskie / Sztumski / Mikołajki Pomorskie (2216022, gmina wiejska)",77,77,0,"N/A",2,0,0,"b) NIE","b) NIE",3290
"2012","https://fedrowanie.siecobywatelska.pl/sprawy/wnioski-o-informacje-w-2025-1838","MIKOŁÓW","samorząd gminy","gmina miejska","Śląskie","Mikołowski","Mikołów","Śląskie / Mikołowski / Mikołów (2408021, gmina miejska)","BD","BD",2,"[a]",3,0,0,"b) NIE","a) TAK",41480
"2138","https://fedrowanie.siecobywatelska.pl/sprawy/wnioski-o-informacje-w-2025-2252","MIKSTAT","samorząd gminy","gmina miejsko-wiejska","Wielkopolskie","Ostrzeszowski","Mikstat","Wielkopolskie / Ostrzeszowski / Mikstat (3018063, gmina miejsko-wiejska)",63,63,0,"N/A",0,0,0,"b) NIE","b) NIE",5720
"303","https://fedrowanie.siecobywatelska.pl/sprawy/wnioski-o-informacje-w-2025-417","MILANÓW","samorząd gminy","gmina wiejska","Lubelskie","Parczewski","Milanów","Lubelskie / Parczewski / Milanów (0613032, gmina wiejska)",74,74,0,"N/A",0,0,0,"a) TAK","b) NIE",3290
"636","https://fedrowanie.siecobywatelska.pl/sprawy/wnioski-o-informacje-w-2025-1103","MILANÓWEK","samorząd gminy","gmina miejska","Mazowieckie","Grodziski","Milanówek","Mazowieckie / Grodziski / Milanówek (1405011, gmina miejska)",157,152,1,"[f, h]",0,0,0,"b) NIE","b) NIE",16240
"304","https://fedrowanie.siecobywatelska.pl/sprawy/wnioski-o-informacje-w-2025-1574","MILEJCZYCE","samorząd gminy","gmina wiejska","Podlaskie","Siemiatycki","Milejczyce","Podlaskie / Siemiatycki / Milejczyce (2010062, gmina wiejska)",67,67,0,"N/A",0,0,0,"b) NIE","b) NIE",1550
"1870","https://fedrowanie.siecobywatelska.pl/sprawy/wnioski-o-informacje-w-2025-2090","MILEJEWO","samorząd gminy","gmina wiejska","Warmińsko-Mazurskie","Elbląski","Milejewo","Warmińsko-Mazurskie / Elbląski / Milejewo (2804052, gmina wiejska)",22,22,0,"N/A",0,0,0,"b) NIE","b) NIE",3240
"477","https://fedrowanie.siecobywatelska.pl/sprawy/wnioski-o-informacje-w-2025-83","MILICZ","samorząd gminy","gmina miejsko-wiejska","Dolnośląskie","Milicki","Milicz","Dolnośląskie / Milicki / Milicz (0213033, gmina miejsko-wiejska)",178,178,0,"N/A",0,0,0,"a) TAK","b) NIE",22720
"1277","https://fedrowanie.siecobywatelska.pl/sprawy/wnioski-o-informacje-w-2025-2091","MIŁAKOWO","samorząd gminy","gmina miejsko-wiejska","Warmińsko-Mazurskie","Ostródzki","Miłakowo","Warmińsko-Mazurskie / Ostródzki / Miłakowo (2815063, gmina miejsko-wiejska)",41,41,0,"N/A",0,0,0,"a) TAK","b) NIE",4820
"1080","https://fedrowanie.siecobywatelska.pl/sprawy/wnioski-o-informacje-w-2025-2092","MIŁKI","samorząd gminy","gmina wiejska","Warmińsko-Mazurskie","Giżycki","Miłki","Warmińsko-Mazurskie / Giżycki / Miłki (2806062, gmina wiejska)","BD",79,0,"N/A",0,0,0,"b) NIE","b) NIE",3370
"1021","https://fedrowanie.siecobywatelska.pl/sprawy/wnioski-o-informacje-w-2025-84","MIŁKOWICE","samorząd gminy","gmina wiejska","Dolnośląskie","Legnicki","Miłkowice","Dolnośląskie / Legnicki / Miłkowice (0209062, gmina wiejska)",94,94,0,"N/A",0,0,0,"b) NIE","b) NIE",7470
"305","https://fedrowanie.siecobywatelska.pl/sprawy/wnioski-o-informacje-w-2025-2093","MIŁOMŁYN","samorząd gminy","gmina miejsko-wiejska","Warmińsko-Mazurskie","Ostródzki","Miłomłyn","Warmińsko-Mazurskie / Ostródzki / Miłomłyn (2815073, gmina miejsko-wiejska)",69,69,0,"N/A",0,0,0,"b) NIE","a) TAK",4710
"1278","https://fedrowanie.siecobywatelska.pl/sprawy/wnioski-o-informacje-w-2025-1692","MIŁORADZ","samorząd gminy","gmina wiejska","Pomorskie","Malborski","Miłoradz","Pomorskie / Malborski / Miłoradz (2209062, gmina wiejska)",56,56,0,"N/A",0,0,0,"b) NIE","b) NIE",3180
"942","https://fedrowanie.siecobywatelska.pl/sprawy/wnioski-o-informacje-w-2025-2253","MIŁOSŁAW","samorząd gminy","gmina miejsko-wiejska","Wielkopolskie","Wrzesiński","Miłosław","Wielkopolskie / Wrzesiński / Miłosław (3030023, gmina miejsko-wiejska)",107,106,1,"[f]",0,0,0,"b) NIE","b) NIE",9650
"5427","https://fedrowanie.siecobywatelska.pl/sprawy/wnioski-o-informacje-w-2025-2810","Ministerstwo Aktywów Państwowych","ministerstwa","dzielnica","Mazowieckie","Warszawa","Śródmieście","Mazowieckie / Warszawa / Śródmieście (1465108, dzielnica)",195,107,4,"[a, b]",2,1,0,"b) NIE","b) NIE",
"41367","https://fedrowanie.siecobywatelska.pl/sprawy/wnioski-o-informacje-w-2025-2813","Ministerstwo Energii","ministerstwa","dzielnica","Mazowieckie","Warszawa","Śródmieście","Mazowieckie / Warszawa / Śródmieście (1465108, dzielnica)",45,43,1,"[g]",1,0,0,"b) NIE","b) NIE",
"5428","https://fedrowanie.siecobywatelska.pl/sprawy/wnioski-o-informacje-w-2025-2815","Ministerstwo Funduszy i Polityki Regionalnej","ministerstwa","dzielnica","Mazowieckie","Warszawa","Śródmieście","Mazowieckie / Warszawa / Śródmieście (1465108, dzielnica)",344,242,6,"[c, h, f]",1,0,0,"b) NIE","a) TAK",
"5432","https://fedrowanie.siecobywatelska.pl/sprawy/wnioski-o-informacje-w-2025-2816","Ministerstwo Infrastruktury","ministerstwa","dzielnica","Mazowieckie","Warszawa","Śródmieście","Mazowieckie / Warszawa / Śródmieście (1465108, dzielnica)",815,545,20,"[a, b, c]",6,7,0,"b) NIE","b) NIE",
"5429","https://fedrowanie.siecobywatelska.pl/sprawy/wnioski-o-informacje-w-2025-2817","Ministerstwo Klimatu i Środowiska","ministerstwa","dzielnica","Mazowieckie","Warszawa","Ochota","Mazowieckie / Warszawa / Ochota (1465068, dzielnica)",421,408,6,"[a, b, c]",1,0,0,"b) NIE","a) TAK",
"38723","https://fedrowanie.siecobywatelska.pl/sprawy/wnioski-o-informacje-w-2025-2819","Ministerstwo Nauki i Szkolnictwa Wyższego","ministerstwa","dzielnica","Mazowieckie","Warszawa","Śródmieście","Mazowieckie / Warszawa / Śródmieście (1465108, dzielnica)",341,230,3,"[a, b, c]",2,0,0,"b) NIE","a) TAK",
"5417","https://fedrowanie.siecobywatelska.pl/sprawy/wnioski-o-informacje-w-2025-2820","Ministerstwo Obrony Narodowej","ministerstwa","dzielnica","Mazowieckie","Warszawa","Śródmieście","Mazowieckie / Warszawa / Śródmieście (1465108, dzielnica)",539,395,12,"[b, c, d]",3,2,0,"b) NIE","a) TAK",
"5425","https://fedrowanie.siecobywatelska.pl/sprawy/wnioski-o-informacje-w-2025-2821","Ministerstwo Rodziny i Polityki Społecznej","ministerstwa","dzielnica","Mazowieckie","Warszawa","Śródmieście","Mazowieckie / Warszawa / Śródmieście (1465108, dzielnica)",583,567,6,"[a, b, c]",4,0,0,"b) NIE","a) TAK",
"5421","https://fedrowanie.siecobywatelska.pl/sprawy/wnioski-o-informacje-w-2025-2822","Ministerstwo Rolnictwa i Rozwoju Wsi","ministerstwa","dzielnica","Mazowieckie","Warszawa","Śródmieście","Mazowieckie / Warszawa / Śródmieście (1465108, dzielnica)",1515,1462,5,"[a, b, c]",0,0,0,"b) NIE","b) NIE",
"5430","https://fedrowanie.siecobywatelska.pl/sprawy/wnioski-o-informacje-w-2025-2823","Ministerstwo Rozwoju i Technologii","ministerstwa","dzielnica","Mazowieckie","Warszawa","Śródmieście","Mazowieckie / Warszawa / Śródmieście (1465108, dzielnica)",2045,1587,40,"[a, c, f]",3,5,0,"b) NIE","a) TAK",
"5418","https://fedrowanie.siecobywatelska.pl/sprawy/wnioski-o-informacje-w-2025-2826","Ministerstwo Spraw Zagranicznych","ministerstwa","dzielnica","Mazowieckie","Warszawa","Śródmieście","Mazowieckie / Warszawa / Śródmieście (1465108, dzielnica)",380,"BD",10,"[f]",8,5,0,"b) NIE","a) TAK",
"5414","https://fedrowanie.siecobywatelska.pl/sprawy/wnioski-o-informacje-w-2025-2827","Ministerstwo Sprawiedliwości","ministerstwa","dzielnica","Mazowieckie","Warszawa","Śródmieście","Mazowieckie / Warszawa / Śródmieście (1465108, dzielnica)",1858,"BD","BD","[f, g]","BD","BD","BD","b) NIE","b) NIE",
"2169","https://fedrowanie.siecobywatelska.pl/sprawy/wnioski-o-informacje-w-2025-1104","MIŃSK MAZOWIECKI","samorząd gminy","gmina miejska","Mazowieckie","Miński","Mińsk Mazowiecki","Mazowieckie / Miński / Mińsk Mazowiecki (1412011, gmina miejska)",209,182,2,"[a, b]",0,1,0,"b) NIE","b) NIE",39470
"654","https://fedrowanie.siecobywatelska.pl/sprawy/wnioski-o-informacje-w-2025-1105","MIŃSK MAZOWIECKI","samorząd gminy","gmina wiejska","Mazowieckie","Miński","Mińsk Mazowiecki","Mazowieckie / Miński / Mińsk Mazowiecki (1412112, gmina wiejska)",155,104,3,"[a, b]",1,3,1,"b) NIE","a) TAK",17270
"306","https://fedrowanie.siecobywatelska.pl/sprawy/wnioski-o-informacje-w-2025-419","MIRCZE","samorząd gminy","gmina wiejska","Lubelskie","Hrubieszowski","Mircze","Lubelskie / Hrubieszowski / Mircze (0604052, gmina wiejska)",86,71,0,"[a, c, f]",0,0,0,"b) NIE","b) NIE",5950
"1279","https://fedrowanie.siecobywatelska.pl/sprawy/wnioski-o-informacje-w-2025-2426","MIROSŁAWIEC","samorząd gminy","gmina miejsko-wiejska","Zachodniopomorskie","Wałecki","Mirosławiec","Zachodniopomorskie / Wałecki / Mirosławiec (3217033, gmina miejsko-wiejska)",73,68,0,"[a, b]",0,0,0,"b) NIE","a) TAK",5150
"655","https://fedrowanie.siecobywatelska.pl/sprawy/wnioski-o-informacje-w-2025-1106","MIRÓW","samorząd gminy","gmina wiejska","Mazowieckie","Szydłowiecki","Mirów","Mazowieckie / Szydłowiecki / Mirów (1430032, gmina wiejska)",80,80,0,"N/A",0,0,0,"b) NIE","b) NIE",3690
"307","https://fedrowanie.siecobywatelska.pl/sprawy/wnioski-o-informacje-w-2025-85","MIRSK","samorząd gminy","gmina miejsko-wiejska","Dolnośląskie","Lwówecki","Mirsk","Dolnośląskie / Lwówecki / Mirsk (0212043, gmina miejsko-wiejska)",89,88,0,"[c]",1,0,0,"b) NIE","b) NIE",7960
"1752","https://fedrowanie.siecobywatelska.pl/sprawy/wnioski-o-informacje-w-2025-1966","MIRZEC","samorząd gminy","gmina wiejska","Świętokrzyskie","Starachowicki","Mirzec","Świętokrzyskie / Starachowicki / Mirzec (2611032, gmina wiejska)",83,83,0,"[a]",0,0,0,"a) TAK","b) NIE",7830
"478","https://fedrowanie.siecobywatelska.pl/sprawy/wnioski-o-informacje-w-2025-1107","MŁAWA","samorząd gminy","gmina miejska","Mazowieckie","Mławski","Mława","Mazowieckie / Mławski / Mława (1413011, gmina miejska)",158,155,0,"[a, c, i]",0,0,0,"b) NIE","b) NIE",30610
"1872","https://fedrowanie.siecobywatelska.pl/sprawy/wnioski-o-informacje-w-2025-1108","MŁODZIESZYN","samorząd gminy","gmina wiejska","Mazowieckie","Sochaczewski","Młodzieszyn","Mazowieckie / Sochaczewski / Młodzieszyn (1428042, gmina wiejska)",84,83,1,"[g]",2,0,0,"b) NIE","b) NIE",5580
"943","https://fedrowanie.siecobywatelska.pl/sprawy/wnioski-o-informacje-w-2025-2094","MŁYNARY","samorząd gminy","gmina miejsko-wiejska","Warmińsko-Mazurskie","Elbląski","Młynary","Warmińsko-Mazurskie / Elbląski / Młynary (2804063, gmina miejsko-wiejska)",65,65,0,"N/A",0,0,0,"b) NIE","b) NIE",4060
"1873","https://fedrowanie.siecobywatelska.pl/sprawy/wnioski-o-informacje-w-2025-1109","MŁYNARZE","samorząd gminy","gmina wiejska","Mazowieckie","Makowski","Młynarze","Mazowieckie / Makowski / Młynarze (1411052, gmina wiejska)",78,78,0,"N/A",0,0,0,"b) NIE","b) NIE",1590
"1652","https://fedrowanie.siecobywatelska.pl/sprawy/wnioski-o-informacje-w-2025-1967","MNIÓW","samorząd gminy","gmina wiejska","Świętokrzyskie","Kielecki","Mniów","Świętokrzyskie / Kielecki / Mniów (2604112, gmina wiejska)",89,88,0,"N/A",1,0,0,"b) NIE","b) NIE",8940
"657","https://fedrowanie.siecobywatelska.pl/sprawy/wnioski-o-informacje-w-2025-698","MNISZKÓW","samorząd gminy","gmina wiejska","Łódzkie","Opoczyński","Mniszków","Łódzkie / Opoczyński / Mniszków (1007032, gmina wiejska)",77,74,3,"[a, b]",0,0,0,"b) NIE","b) NIE",4670
"658","https://fedrowanie.siecobywatelska.pl/sprawy/wnioski-o-informacje-w-2025-1110","MOCHOWO","samorząd gminy","gmina wiejska","Mazowieckie","Sierpecki","Mochowo","Mazowieckie / Sierpecki / Mochowo (1427032, gmina wiejska)","BD",61,0,"N/A",0,0,0,"b) NIE","b) NIE",5450
"308","https://fedrowanie.siecobywatelska.pl/sprawy/wnioski-o-informacje-w-2025-1111","MOGIELNICA","samorząd gminy","gmina miejsko-wiejska","Mazowieckie","Grójecki","Mogielnica","Mazowieckie / Grójecki / Mogielnica (1406073, gmina miejsko-wiejska)",71,71,0,"N/A",0,0,0,"b) NIE","b) NIE",8020
"1280","https://fedrowanie.siecobywatelska.pl/sprawy/wnioski-o-informacje-w-2025-876","MOGILANY","samorząd gminy","gmina wiejska","Małopolskie","Krakowski","Mogilany","Małopolskie / Krakowski / Mogilany (1206092, gmina wiejska)",155,153,2,"[b, d]",0,0,2,"b) NIE","a) TAK",16590
"112","https://fedrowanie.siecobywatelska.pl/sprawy/wnioski-o-informacje-w-2025-251","MOGILNO","samorząd gminy","gmina miejsko-wiejska","Kujawsko-Pomorskie","Mogileński","Mogilno","Kujawsko-Pomorskie / Mogileński / Mogilno (0409033, gmina miejsko-wiejska)",106,102,0,"[a, f]",0,0,0,"b) NIE","b) NIE",23520
"659","https://fedrowanie.siecobywatelska.pl/sprawy/wnioski-o-informacje-w-2025-1112","MOKOBODY","samorząd gminy","gmina wiejska","Mazowieckie","Siedlecki","Mokobody","Mazowieckie / Siedlecki / Mokobody (1426042, gmina wiejska)",87,87,1,"[a]",0,0,0,"b) NIE","b) NIE",4730
"1281","https://fedrowanie.siecobywatelska.pl/sprawy/wnioski-o-informacje-w-2025-699","MOKRSKO","samorząd gminy","gmina wiejska","Łódzkie","Wieluński","Mokrsko","Łódzkie / Wieluński / Mokrsko (1017042, gmina wiejska)",76,75,0,"[i]",0,0,0,"b) NIE","a) TAK",4990
"661","https://fedrowanie.siecobywatelska.pl/sprawy/wnioski-o-informacje-w-2025-1575","MOŃKI","samorząd gminy","gmina miejsko-wiejska","Podlaskie","Moniecki","Mońki","Podlaskie / Moniecki / Mońki (2008063, gmina miejsko-wiejska)",89,87,0,"[e]",0,0,0,"b) NIE","b) NIE",13700
"309","https://fedrowanie.siecobywatelska.pl/sprawy/wnioski-o-informacje-w-2025-1968","MORAWICA","samorząd gminy","gmina miejsko-wiejska","Świętokrzyskie","Kielecki","Morawica","Świętokrzyskie / Kielecki / Morawica (2604123, gmina miejsko-wiejska)",83,83,0,"N/A",0,0,0,"b) NIE","b) NIE",18220
"662","https://fedrowanie.siecobywatelska.pl/sprawy/wnioski-o-informacje-w-2025-2095","MORĄG","samorząd gminy","gmina miejsko-wiejska","Warmińsko-Mazurskie","Ostródzki","Morąg","Warmińsko-Mazurskie / Ostródzki / Morąg (2815083, gmina miejsko-wiejska)",111,102,1,"[f]",3,0,3,"b) NIE","b) NIE",22580
"1753","https://fedrowanie.siecobywatelska.pl/sprawy/wnioski-o-informacje-w-2025-1113","MORDY","samorząd gminy","gmina miejsko-wiejska","Mazowieckie","Siedlecki","Mordy","Mazowieckie / Siedlecki / Mordy (1426053, gmina miejsko-wiejska)",94,93,1,"[f]",0,0,0,"b) NIE","b) NIE",5230
"1282","https://fedrowanie.siecobywatelska.pl/sprawy/wnioski-o-informacje-w-2025-1693","MORZESZCZYN","samorząd gminy","gmina wiejska","Pomorskie","Tczewski","Morzeszczyn","Pomorskie / Tczewski / Morzeszczyn (2214032, gmina wiejska)",85,85,0,"N/A",0,0,0,"b) NIE","b) NIE",3220
"1560","https://fedrowanie.siecobywatelska.pl/sprawy/wnioski-o-informacje-w-2025-1969","MOSKORZEW","samorząd gminy","gmina wiejska","Świętokrzyskie","Włoszczowski","Moskorzew","Świętokrzyskie / Włoszczowski / Moskorzew (2613032, gmina wiejska)",74,74,0,"N/A",1,0,0,"b) NIE","b) NIE",2480
"1171","https://fedrowanie.siecobywatelska.pl/sprawy/wnioski-o-informacje-w-2025-877","MOSZCZENICA (woj. małopolskie)","samorząd gminy","gmina wiejska","Małopolskie","Gorlicki","Moszczenica","Małopolskie / Gorlicki / Moszczenica (1205072, gmina wiejska)",82,80,2,"[a]",0,0,0,"b) NIE","b) NIE",4890
"186","https://fedrowanie.siecobywatelska.pl/sprawy/wnioski-o-informacje-w-2025-2097","MRĄGOWO","samorząd gminy","gmina wiejska","Warmińsko-Mazurskie","Mrągowski","Mrągowo","Warmińsko-Mazurskie / Mrągowski / Mrągowo (2810032, gmina wiejska)",95,95,0,"N/A",0,0,0,"b) NIE","b) NIE",8110
"2170","https://fedrowanie.siecobywatelska.pl/sprawy/wnioski-o-informacje-w-2025-2096","MRĄGOWO","samorząd gminy","gmina miejska","Warmińsko-Mazurskie","Mrągowski","Mrągowo","Warmińsko-Mazurskie / Mrągowski / Mrągowo (2810011, gmina miejska)",57,52,0,"[c, f]",0,0,0,"b) NIE","b) NIE",20010
"2313","https://fedrowanie.siecobywatelska.pl/sprawy/wnioski-o-informacje-w-2025-252","MROCZA","samorząd gminy","gmina miejsko-wiejska","Kujawsko-Pomorskie","Nakielski","Mrocza","Kujawsko-Pomorskie / Nakielski / Mrocza (0410023, gmina miejsko-wiejska)",99,99,1,"[a, b, c]",0,0,0,"b) NIE","b) NIE",8670
"7995","https://fedrowanie.siecobywatelska.pl/sprawy/wnioski-o-informacje-w-2025-1114","MROZY","samorząd gminy","gmina miejsko-wiejska","Mazowieckie","Miński","Mrozy","Mazowieckie / Miński / Mrozy (1412123, gmina miejsko-wiejska)",94,94,0,"N/A",0,0,0,"b) NIE","b) NIE",8600
"1655","https://fedrowanie.siecobywatelska.pl/sprawy/wnioski-o-informacje-w-2025-1840","MSTÓW","samorząd gminy","gmina wiejska","Śląskie","Częstochowski","Mstów","Śląskie / Częstochowski / Mstów (2404102, gmina wiejska)",96,98,0,"N/A",0,0,0,"b) NIE","b) NIE",10840
"2314","https://fedrowanie.siecobywatelska.pl/sprawy/wnioski-o-informacje-w-2025-1841","MSZANA","samorząd gminy","gmina wiejska","Śląskie","Wodzisławski","Mszana","Śląskie / Wodzisławski / Mszana (2415092, gmina wiejska)",100,100,0,"[c]",1,0,0,"b) NIE","a) TAK",7660
"310","https://fedrowanie.siecobywatelska.pl/sprawy/wnioski-o-informacje-w-2025-879","MSZANA DOLNA","samorząd gminy","gmina wiejska","Małopolskie","Limanowski","Mszana Dolna","Małopolskie / Limanowski / Mszana Dolna (1207092, gmina wiejska)",99,96,0,"[a, c, f]",0,0,0,"b) NIE","a) TAK",17610
"637","https://fedrowanie.siecobywatelska.pl/sprawy/wnioski-o-informacje-w-2025-878","Mszana Dolna","samorząd gminy","gmina miejska","Małopolskie","Limanowski","Mszana Dolna","Małopolskie / Limanowski / Mszana Dolna (1207021, gmina miejska)",92,86,0,"[a, f]",0,0,0,"b) NIE","b) NIE",7810
"2203","https://fedrowanie.siecobywatelska.pl/sprawy/wnioski-o-informacje-w-2025-1115","MSZCZONÓW","samorząd gminy","gmina miejsko-wiejska","Mazowieckie","Żyrardowski","Mszczonów","Mazowieckie / Żyrardowski / Mszczonów (1438023, gmina miejsko-wiejska)",95,94,1,"[c]",0,0,0,"b) NIE","b) NIE",11230
"1754","https://fedrowanie.siecobywatelska.pl/sprawy/wnioski-o-informacje-w-2025-880","MUCHARZ","samorząd gminy","gmina wiejska","Małopolskie","Wadowicki","Mucharz","Małopolskie / Wadowicki / Mucharz (1218052, gmina wiejska)",78,78,0,"N/A",0,0,0,"b) NIE","b) NIE",4160
"311","https://fedrowanie.siecobywatelska.pl/sprawy/wnioski-o-informacje-w-2025-2255","MUROWANA GOŚLINA","samorząd gminy","gmina miejsko-wiejska","Wielkopolskie","Poznański","Murowana Goślina","Wielkopolskie / Poznański / Murowana Goślina (3021113, gmina miejsko-wiejska)",116,112,2,"[b, d]",0,0,0,"b) NIE","b) NIE",17090
"1283","https://fedrowanie.siecobywatelska.pl/sprawy/wnioski-o-informacje-w-2025-1318","MURÓW","samorząd gminy","gmina wiejska","Opolskie","Opolski","Murów","Opolskie / Opolski / Murów (1609062, gmina wiejska)",74,73,0,"[f]",0,0,0,"b) NIE","b) NIE",5020
"1284","https://fedrowanie.siecobywatelska.pl/sprawy/wnioski-o-informacje-w-2025-881","MUSZYNA","samorząd gminy","gmina miejsko-wiejska","Małopolskie","Nowosądecki","Muszyna","Małopolskie / Nowosądecki / Muszyna (1210113, gmina miejsko-wiejska)",91,91,0,"N/A",0,0,0,"b) NIE","b) NIE",11010
"2315","https://fedrowanie.siecobywatelska.pl/sprawy/wnioski-o-informacje-w-2025-2256","MYCIELIN","samorząd gminy","gmina wiejska","Wielkopolskie","Kaliski","Mycielin","Wielkopolskie / Kaliski / Mycielin (3007072, gmina wiejska)",58,58,0,"N/A",0,0,0,"b) NIE","b) NIE",4590
"1656","https://fedrowanie.siecobywatelska.pl/sprawy/wnioski-o-informacje-w-2025-1842","MYKANÓW","samorząd gminy","gmina wiejska","Śląskie","Częstochowski","Mykanów","Śląskie / Częstochowski / Mykanów (2404112, gmina wiejska)",93,93,0,"N/A",0,0,0,"a) TAK","b) NIE",15510
"2014","https://fedrowanie.siecobywatelska.pl/sprawy/wnioski-o-informacje-w-2025-1843","Mysłowice","miasto na prawach powiatu","miasto na prawach powiatu","Śląskie","Mysłowice",,"Śląskie / Mysłowice (2470, miasto na prawach powiatu)",226,174,1,"[a,b,c]",1,0,0,"b) NIE","a) TAK",70160
"2316","https://fedrowanie.siecobywatelska.pl/sprawy/wnioski-o-informacje-w-2025-1116","MYSZYNIEC","samorząd gminy","gmina miejsko-wiejska","Mazowieckie","Ostrołęcki","Myszyniec","Mazowieckie / Ostrołęcki / Myszyniec (1415083, gmina miejsko-wiejska)",77,75,2,"[b]",0,0,0,"b) NIE","b) NIE",9800
"66","https://fedrowanie.siecobywatelska.pl/sprawy/wnioski-o-informacje-w-2025-882","MYŚLENICE","samorząd gminy","gmina miejsko-wiejska","Małopolskie","Myślenicki","Myślenice","Małopolskie / Myślenicki / Myślenice (1209033, gmina miejsko-wiejska)",184,175,8,"[e]",1,1,0,"b) NIE","b) NIE",45430
"664","https://fedrowanie.siecobywatelska.pl/sprawy/wnioski-o-informacje-w-2025-2428","MYŚLIBÓRZ","samorząd gminy","gmina miejsko-wiejska","Zachodniopomorskie","Myśliborski","Myślibórz","Zachodniopomorskie / Myśliborski / Myślibórz (3210043, gmina miejsko-wiejska)",21,21,0,"N/A",1,0,0,"b) NIE","b) NIE",18280
"313","https://fedrowanie.siecobywatelska.pl/sprawy/wnioski-o-informacje-w-2025-1117","NADARZYN","samorząd gminy","gmina wiejska","Mazowieckie","Pruszkowski","Nadarzyn","Mazowieckie / Pruszkowski / Nadarzyn (1421052, gmina wiejska)",186,182,4,"[b, d]",0,1,0,"b) NIE","b) NIE",19260
"1875","https://fedrowanie.siecobywatelska.pl/sprawy/wnioski-o-informacje-w-2025-1970","NAGŁOWICE","samorząd gminy","gmina wiejska","Świętokrzyskie","Jędrzejowski","Nagłowice","Świętokrzyskie / Jędrzejowski / Nagłowice (2602042, gmina wiejska)",65,64,1,"[f]",0,0,0,"b) NIE","b) NIE",4590
"88","https://fedrowanie.siecobywatelska.pl/sprawy/wnioski-o-informacje-w-2025-253","NAKŁO NAD NOTECIĄ","samorząd gminy","gmina miejsko-wiejska","Kujawsko-Pomorskie","Nakielski","Nakło Nad Notecią","Kujawsko-Pomorskie / Nakielski / Nakło Nad Notecią (0410033, gmina miejsko-wiejska)",116,116,0,"N/A",0,0,8,"a) TAK","b) NIE",29280
"2015","https://fedrowanie.siecobywatelska.pl/sprawy/wnioski-o-informacje-w-2025-421","NAŁĘCZÓW","samorząd gminy","gmina miejsko-wiejska","Lubelskie","Puławski","Nałęczów","Lubelskie / Puławski / Nałęczów (0614083, gmina miejsko-wiejska)",137,126,1,"[b, c, i]",1,0,0,"b) NIE","b) NIE",8380
"665","https://fedrowanie.siecobywatelska.pl/sprawy/wnioski-o-informacje-w-2025-1576","NAREW","samorząd gminy","gmina wiejska","Podlaskie","Hajnowski","Narew","Podlaskie / Hajnowski / Narew (2005082, gmina wiejska)",81,76,0,"[a, f]",0,0,0,"b) NIE","b) NIE",3100
"314","https://fedrowanie.siecobywatelska.pl/sprawy/wnioski-o-informacje-w-2025-1577","NAREWKA","samorząd gminy","gmina wiejska","Podlaskie","Hajnowski","Narewka","Podlaskie / Hajnowski / Narewka (2005092, gmina wiejska)",84,78,0,"BD",0,0,0,"b) NIE","b) NIE",3010
"315","https://fedrowanie.siecobywatelska.pl/sprawy/wnioski-o-informacje-w-2025-1444","NAROL","samorząd gminy","gmina miejsko-wiejska","Podkarpackie","Lubaczowski","Narol","Podkarpackie / Lubaczowski / Narol (1809053, gmina miejsko-wiejska)",47,47,0,"N/A",0,0,0,"b) NIE","b) NIE",7380
"1876","https://fedrowanie.siecobywatelska.pl/sprawy/wnioski-o-informacje-w-2025-1118","NARUSZEWO","samorząd gminy","gmina wiejska","Mazowieckie","Płoński","Naruszewo","Mazowieckie / Płoński / Naruszewo (1420072, gmina wiejska)",8,8,0,"N/A",0,0,0,"b) NIE","b) NIE",5780
"2016","https://fedrowanie.siecobywatelska.pl/sprawy/wnioski-o-informacje-w-2025-1119","NASIELSK","samorząd gminy","gmina miejsko-wiejska","Mazowieckie","Nowodworski","Nasielsk","Mazowieckie / Nowodworski / Nasielsk (1414043, gmina miejsko-wiejska)",120,112,1,"[e]",0,1,0,"a) TAK","a) TAK",19080
"316","https://fedrowanie.siecobywatelska.pl/sprawy/wnioski-o-informacje-w-2025-883","NAWOJOWA","samorząd gminy","gmina wiejska","Małopolskie","Nowosądecki","Nawojowa","Małopolskie / Nowosądecki / Nawojowa (1210122, gmina wiejska)",53,52,1,"[f]",0,0,0,"b) NIE","b) NIE",8870
"1657","https://fedrowanie.siecobywatelska.pl/sprawy/wnioski-o-informacje-w-2025-1845","NĘDZA","samorząd gminy","gmina wiejska","Śląskie","Raciborski","Nędza","Śląskie / Raciborski / Nędza (2411062, gmina wiejska)",48,48,0,"N/A",0,0,0,"a) TAK","b) NIE",6620
"41","https://fedrowanie.siecobywatelska.pl/sprawy/wnioski-o-informacje-w-2025-701","NIEBORÓW","samorząd gminy","gmina wiejska","Łódzkie","Łowicki","Nieborów","Łódzkie / Łowicki / Nieborów (1005092, gmina wiejska)",80,80,0,"N/A",0,0,0,"b) NIE","b) NIE",9110
"946","https://fedrowanie.siecobywatelska.pl/sprawy/wnioski-o-informacje-w-2025-1445","NIEBYLEC","samorząd gminy","gmina wiejska","Podkarpackie","Strzyżowski","Niebylec","Podkarpackie / Strzyżowski / Niebylec (1819032, gmina wiejska)",97,97,0,"N/A",0,8,0,"b) NIE","b) NIE",10160
"1658","https://fedrowanie.siecobywatelska.pl/sprawy/wnioski-o-informacje-w-2025-2258","NIECHANOWO","samorząd gminy","gmina wiejska","Wielkopolskie","Gnieźnieński","Niechanowo","Wielkopolskie / Gnieźnieński / Niechanowo (3003082, gmina wiejska)",75,75,0,"N/A",0,0,0,"b) NIE","b) NIE",5840
"2317","https://fedrowanie.siecobywatelska.pl/sprawy/wnioski-o-informacje-w-2025-88","NIECHLÓW","samorząd gminy","gmina wiejska","Dolnośląskie","Górowski","Niechlów","Dolnośląskie / Górowski / Niechlów (0204032, gmina wiejska)",97,93,3,"[f, h]",0,1,0,"b) NIE","b) NIE",4440
"479","https://fedrowanie.siecobywatelska.pl/sprawy/wnioski-o-informacje-w-2025-422","NIEDRZWICA DUŻA","samorząd gminy","gmina wiejska","Lubelskie","Lubelski","Niedrzwica Duża","Lubelskie / Lubelski / Niedrzwica Duża (0609102, gmina wiejska)",87,87,0,"N/A",0,0,0,"b) NIE","a) TAK",12160
"1286","https://fedrowanie.siecobywatelska.pl/sprawy/wnioski-o-informacje-w-2025-423","NIEDŹWIADA","samorząd gminy","gmina wiejska","Lubelskie","Lubartowski","Niedźwiada","Lubelskie / Lubartowski / Niedźwiada (0608092, gmina wiejska)",90,90,0,"N/A",0,0,0,"b) NIE","b) NIE",6140
"317","https://fedrowanie.siecobywatelska.pl/sprawy/wnioski-o-informacje-w-2025-884","NIEDŹWIEDŹ","samorząd gminy","gmina wiejska","Małopolskie","Limanowski","Niedźwiedź","Małopolskie / Limanowski / Niedźwiedź (1207102, gmina wiejska)",101,92,0,"[a, c, g]",0,0,2,"b) NIE","b) NIE",7300
"318","https://fedrowanie.siecobywatelska.pl/sprawy/wnioski-o-informacje-w-2025-566","NIEGOSŁAWICE","samorząd gminy","gmina wiejska","Lubuskie","Żagański","Niegosławice","Lubuskie / Żagański / Niegosławice (0810062, gmina wiejska)",75,75,0,"N/A",0,0,0,"b) NIE","b) NIE",4210
"480","https://fedrowanie.siecobywatelska.pl/sprawy/wnioski-o-informacje-w-2025-425","NIEMCE","samorząd gminy","gmina wiejska","Lubelskie","Lubelski","Niemce","Lubelskie / Lubelski / Niemce (0609112, gmina wiejska)",171,171,0,"N/A",2,2,0,"b) NIE","b) NIE",22640
"1030","https://fedrowanie.siecobywatelska.pl/sprawy/wnioski-o-informacje-w-2025-89","NIEMCZA","samorząd gminy","gmina miejsko-wiejska","Dolnośląskie","Dzierżoniowski","Niemcza","Dolnośląskie / Dzierżoniowski / Niemcza (0202073, gmina miejsko-wiejska)",81,81,0,"N/A",0,0,0,"b) NIE","b) NIE",4910
"1287","https://fedrowanie.siecobywatelska.pl/sprawy/wnioski-o-informacje-w-2025-1320","NIEMODLIN","samorząd gminy","gmina miejsko-wiejska","Opolskie","Opolski","Niemodlin","Opolskie / Opolski / Niemodlin (1609073, gmina miejsko-wiejska)",114,113,1,"[a, f]",0,1,0,"b) NIE","b) NIE",12290
"616","https://fedrowanie.siecobywatelska.pl/sprawy/wnioski-o-informacje-w-2025-885","NIEPOŁOMICE","samorząd gminy","gmina miejsko-wiejska","Małopolskie","Wielicki","Niepołomice","Małopolskie / Wielicki / Niepołomice (1219043, gmina miejsko-wiejska)",185,166,19,"[a, b, c]",0,1,0,"b) NIE","b) NIE",34020
"2319","https://fedrowanie.siecobywatelska.pl/sprawy/wnioski-o-informacje-w-2025-1120","NIEPORĘT","samorząd gminy","gmina wiejska","Mazowieckie","Legionowski","Nieporęt","Mazowieckie / Legionowski / Nieporęt (1408032, gmina wiejska)",179,177,2,"[b]",1,0,0,"b) NIE","b) NIE",17530
"1957","https://fedrowanie.siecobywatelska.pl/sprawy/wnioski-o-informacje-w-2025-254","NIESZAWA","samorząd gminy","gmina miejska","Kujawsko-Pomorskie","Aleksandrowski","Nieszawa","Kujawsko-Pomorskie / Aleksandrowski / Nieszawa (0401031, gmina miejska)",65,65,0,"N/A",0,0,0,"a) TAK","b) NIE",1710
"1826","https://fedrowanie.siecobywatelska.pl/sprawy/wnioski-o-informacje-w-2025-1446","NISKO","samorząd gminy","gmina miejsko-wiejska","Podkarpackie","Niżański","Nisko","Podkarpackie / Niżański / Nisko (1812053, gmina miejsko-wiejska)",101,96,3,"BD",0,1,0,"b) NIE","a) TAK",20890
"1152","https://fedrowanie.siecobywatelska.pl/sprawy/wnioski-o-informacje-w-2025-1447","NIWISKA","samorząd gminy","gmina wiejska","Podkarpackie","Kolbuszowski","Niwiska","Podkarpackie / Kolbuszowski / Niwiska (1806042, gmina wiejska)",62,61,0,"[c]",0,0,0,"b) NIE","b) NIE",6220
"319","https://fedrowanie.siecobywatelska.pl/sprawy/wnioski-o-informacje-w-2025-1448","NOWA DĘBA","samorząd gminy","gmina miejsko-wiejska","Podkarpackie","Tarnobrzeski","Nowa Dęba","Podkarpackie / Tarnobrzeski / Nowa Dęba (1820043, gmina miejsko-wiejska)",115,115,0,"N/A",0,0,0,"b) NIE","b) NIE",16650
"644","https://fedrowanie.siecobywatelska.pl/sprawy/wnioski-o-informacje-w-2025-90","NOWA RUDA","samorząd gminy","gmina miejska","Dolnośląskie","Kłodzki","Nowa Ruda","Dolnośląskie / Kłodzki / Nowa Ruda (0208041, gmina miejska)",94,93,0,"[c]",1,0,0,"b) NIE","b) NIE",19820
"850","https://fedrowanie.siecobywatelska.pl/sprawy/wnioski-o-informacje-w-2025-91","NOWA RUDA","samorząd gminy","gmina wiejska","Dolnośląskie","Kłodzki","Nowa Ruda","Dolnośląskie / Kłodzki / Nowa Ruda (0208112, gmina wiejska)",133,127,6,"[b, d]",0,0,0,"b) NIE","b) NIE",10330
"2139","https://fedrowanie.siecobywatelska.pl/sprawy/wnioski-o-informacje-w-2025-1449","NOWA SARZYNA","samorząd gminy","gmina miejsko-wiejska","Podkarpackie","Leżajski","Nowa Sarzyna","Podkarpackie / Leżajski / Nowa Sarzyna (1808053, gmina miejsko-wiejska)",89,89,0,"N/A",0,0,0,"b) NIE","a) TAK",20680
"1289","https://fedrowanie.siecobywatelska.pl/sprawy/wnioski-o-informacje-w-2025-1971","NOWA SŁUPIA","samorząd gminy","gmina miejsko-wiejska","Świętokrzyskie","Kielecki","Nowa Słupia","Świętokrzyskie / Kielecki / Nowa Słupia (2604133, gmina miejsko-wiejska)",100,98,1,"[b, c, d]",0,0,0,"b) NIE","a) TAK",8610
"669","https://fedrowanie.siecobywatelska.pl/sprawy/wnioski-o-informacje-w-2025-568","NOWA SÓL","samorząd gminy","gmina miejska","Lubuskie","Nowosolski","Nowa Sól","Lubuskie / Nowosolski / Nowa Sól (0804011, gmina miejska)",134,128,6,"[a]",0,3,0,"b) NIE","a) TAK",35230
"74","https://fedrowanie.siecobywatelska.pl/sprawy/wnioski-o-informacje-w-2025-567","NOWA SÓL","samorząd gminy","gmina wiejska","Lubuskie","Nowosolski","Nowa Sól","Lubuskie / Nowosolski / Nowa Sól (0804052, gmina wiejska)",118,118,0,"N/A",0,0,0,"b) NIE","b) NIE",7500
"668","https://fedrowanie.siecobywatelska.pl/sprawy/wnioski-o-informacje-w-2025-1121","NOWA SUCHA","samorząd gminy","gmina wiejska","Mazowieckie","Sochaczewski","Nowa Sucha","Mazowieckie / Sochaczewski / Nowa Sucha (1428052, gmina wiejska)",66,66,0,"N/A",0,0,0,"b) NIE","b) NIE",6920
"1294","https://fedrowanie.siecobywatelska.pl/sprawy/wnioski-o-informacje-w-2025-1695","NOWA WIEŚ LĘBORSKA","samorząd gminy","gmina wiejska","Pomorskie","Lęborski","Nowa Wieś Lęborska","Pomorskie / Lęborski / Nowa Wieś Lęborska (2208042, gmina wiejska)",119,115,1,"[a, i]",0,1,0,"b) NIE","b) NIE",13820
"542","https://fedrowanie.siecobywatelska.pl/sprawy/wnioski-o-informacje-w-2025-255","NOWA WIEŚ WIELKA","samorząd gminy","gmina wiejska","Kujawsko-Pomorskie","Bydgoski","Nowa Wieś Wielka","Kujawsko-Pomorskie / Bydgoski / Nowa Wieś Wielka (0403052, gmina wiejska)",111,107,4,"[f, g, h]",0,3,0,"b) NIE","b) NIE",10490
"1288","https://fedrowanie.siecobywatelska.pl/sprawy/wnioski-o-informacje-w-2025-702","NOWABRZEŹNICA","samorząd gminy","gmina wiejska","Łódzkie","Pajęczański","Nowa Brzeźnica","Łódzkie / Pajęczański / Nowa Brzeźnica (1009032, gmina wiejska)",31,31,0,"N/A",0,0,0,"b) NIE","b) NIE",4210
"670","https://fedrowanie.siecobywatelska.pl/sprawy/wnioski-o-informacje-w-2025-256","NOWE","samorząd gminy","gmina miejsko-wiejska","Kujawsko-Pomorskie","Świecki","Nowe","Kujawsko-Pomorskie / Świecki / Nowe (0414063, gmina miejsko-wiejska)",97,97,0,"N/A",0,0,0,"b) NIE","b) NIE",9440
"1488","https://fedrowanie.siecobywatelska.pl/sprawy/wnioski-o-informacje-w-2025-886","NOWE BRZESKO","samorząd gminy","gmina miejsko-wiejska","Małopolskie","Proszowicki","Nowe Brzesko","Małopolskie / Proszowicki / Nowe Brzesko (1214033, gmina miejsko-wiejska)",100,95,2,"[b, d]",0,0,0,"b) NIE","a) TAK",5590
"671","https://fedrowanie.siecobywatelska.pl/sprawy/wnioski-o-informacje-w-2025-569","NOWE MIASTECZKO","samorząd gminy","gmina miejsko-wiejska","Lubuskie","Nowosolski","Nowe Miasteczko","Lubuskie / Nowosolski / Nowe Miasteczko (0804063, gmina miejsko-wiejska)",101,101,2,"[c, f, h]",0,0,0,"b) NIE","b) NIE",4930
"2417","https://fedrowanie.siecobywatelska.pl/sprawy/wnioski-o-informacje-w-2025-1122","NOWE MIASTO","samorząd gminy","gmina miejsko-wiejska","Mazowieckie","Płoński","Nowe Miasto","Mazowieckie / Płoński / Nowe Miasto (1420083, gmina miejsko-wiejska)",99,99,0,"N/A",0,0,0,"a) TAK","b) NIE",4540
"2384","https://fedrowanie.siecobywatelska.pl/sprawy/wnioski-o-informacje-w-2025-2099","NOWE MIASTO LUBAWSKIE","samorząd gminy","gmina miejska","Warmińsko-Mazurskie","Nowomiejski","Nowe Miasto Lubawskie","Warmińsko-Mazurskie / Nowomiejski / Nowe Miasto Lubawskie (2812011, gmina miejska)",89,89,0,"N/A",0,0,0,"b) NIE","a) TAK",9880
"672","https://fedrowanie.siecobywatelska.pl/sprawy/wnioski-o-informacje-w-2025-1123","NOWE MIASTO n. PILICĄ","samorząd gminy","gmina miejsko-wiejska","Mazowieckie","Grójecki","Nowe Miasto Nad Pilicą","Mazowieckie / Grójecki / Nowe Miasto Nad Pilicą (1406083, gmina miejsko-wiejska)",80,80,0,"N/A",1,0,0,"b) NIE","b) NIE",6970
"2249","https://fedrowanie.siecobywatelska.pl/sprawy/wnioski-o-informacje-w-2025-2259","NOWE MIASTO n. WARTĄ","samorząd gminy","gmina wiejska","Wielkopolskie","Średzki","Nowe Miasto Nad Wartą","Wielkopolskie / Średzki / Nowe Miasto Nad Wartą (3025032, gmina wiejska)",98,96,2,"[g, i]",0,0,0,"b) NIE","b) NIE",8440
"1290","https://fedrowanie.siecobywatelska.pl/sprawy/wnioski-o-informacje-w-2025-703","NOWE OSTROWY","samorząd gminy","gmina wiejska","Łódzkie","Kutnowski","Nowe Ostrowy","Łódzkie / Kutnowski / Nowe Ostrowy (1002082, gmina wiejska)",63,63,0,"N/A",0,0,0,"b) NIE","b) NIE",3140
"1894","https://fedrowanie.siecobywatelska.pl/sprawy/wnioski-o-informacje-w-2025-1578","NOWE PIEKUTY","samorząd gminy","gmina wiejska","Podlaskie","Wysokomazowiecki","Nowe Piekuty","Podlaskie / Wysokomazowiecki / Nowe Piekuty (2013072, gmina wiejska)",56,56,0,"N/A",0,0,0,"b) NIE","a) TAK",3500
"947","https://fedrowanie.siecobywatelska.pl/sprawy/wnioski-o-informacje-w-2025-2260","NOWE SKALMIERZYCE","samorząd gminy","gmina miejsko-wiejska","Wielkopolskie","Ostrowski","Nowe Skalmierzyce","Wielkopolskie / Ostrowski / Nowe Skalmierzyce (3017023, gmina miejsko-wiejska)",104,104,1,"[a]",0,0,0,"b) NIE","b) NIE",15950
"2321","https://fedrowanie.siecobywatelska.pl/sprawy/wnioski-o-informacje-w-2025-2429","NOWE WARPNO","samorząd gminy","gmina miejsko-wiejska","Zachodniopomorskie","Policki","Nowe Warpno","Zachodniopomorskie / Policki / Nowe Warpno (3211033, gmina miejsko-wiejska)",80,79,1,"[a]",0,0,0,"b) NIE","b) NIE",1510
"1879","https://fedrowanie.siecobywatelska.pl/sprawy/wnioski-o-informacje-w-2025-1579","NOWINKA","samorząd gminy","gmina wiejska","Podlaskie","Augustowski","Nowinka","Podlaskie / Augustowski / Nowinka (2001052, gmina wiejska)",63,63,0,"N/A",0,0,0,"b) NIE","b) NIE",2830
"673","https://fedrowanie.siecobywatelska.pl/sprawy/wnioski-o-informacje-w-2025-1972","NOWINY (dawn. Sitkówka-Nowiny)","samorząd gminy","gmina wiejska","Świętokrzyskie","Kielecki","Nowiny","Świętokrzyskie / Kielecki / Nowiny (2604172, gmina wiejska)",85,84,1,"[i]",0,0,0,"b) NIE","b) NIE",8210
"674","https://fedrowanie.siecobywatelska.pl/sprawy/wnioski-o-informacje-w-2025-426","NOWODWÓR","samorząd gminy","gmina wiejska","Lubelskie","Rycki","Nowodwór","Lubelskie / Rycki / Nowodwór (0616032, gmina wiejska)",88,88,0,"N/A",0,0,0,"a) TAK","b) NIE",3840
"948","https://fedrowanie.siecobywatelska.pl/sprawy/wnioski-o-informacje-w-2025-2430","NOWOGARD","samorząd gminy","gmina miejsko-wiejska","Zachodniopomorskie","Goleniowski","Nowogard","Zachodniopomorskie / Goleniowski / Nowogard (3204043, gmina miejsko-wiejska)",211,195,16,"[c, f, g]",6,15,0,"b) NIE","a) TAK",23000
"2322","https://fedrowanie.siecobywatelska.pl/sprawy/wnioski-o-informacje-w-2025-92","NOWOGRODZIEC","samorząd gminy","gmina miejsko-wiejska","Dolnośląskie","Bolesławiecki","Nowogrodziec","Dolnośląskie / Bolesławiecki / Nowogrodziec (0201043, gmina miejsko-wiejska)",186,51,2,"[a, b, c]",0,0,0,"b) NIE","b) NIE",14420
"2171","https://fedrowanie.siecobywatelska.pl/sprawy/wnioski-o-informacje-w-2025-1580","NOWOGRÓD","samorząd gminy","gmina miejsko-wiejska","Podlaskie","Łomżyński","Nowogród","Podlaskie / Łomżyński / Nowogród (2007043, gmina miejsko-wiejska)",75,74,0,"[a]",0,0,0,"b) NIE","b) NIE",3840
"667","https://fedrowanie.siecobywatelska.pl/sprawy/wnioski-o-informacje-w-2025-570","NOWOGRÓD BOBRZAŃSKI","samorząd gminy","gmina miejsko-wiejska","Lubuskie","Zielonogórski","Nowogród Bobrzański","Lubuskie / Zielonogórski / Nowogród Bobrzański (0809053, gmina miejsko-wiejska)",58,58,0,"N/A",1,0,0,"b) NIE","b) NIE",8780
"2323","https://fedrowanie.siecobywatelska.pl/sprawy/wnioski-o-informacje-w-2025-704","NOWOSOLNA","samorząd gminy","gmina wiejska","Łódzkie","Łódzki Wschodni","Nowosolna","Łódzkie / Łódzki Wschodni / Nowosolna (1006082, gmina wiejska)",165,157,4,"[a,f]",1,2,0,"b) NIE","b) NIE",5900
"1291","https://fedrowanie.siecobywatelska.pl/sprawy/wnioski-o-informacje-w-2025-1124","NOWY DUNINÓW","samorząd gminy","gmina wiejska","Mazowieckie","Płocki","Nowy Duninów","Mazowieckie / Płocki / Nowy Duninów (1419092, gmina wiejska)",61,61,0,"N/A",0,0,0,"b) NIE","b) NIE",3920
"113","https://fedrowanie.siecobywatelska.pl/sprawy/wnioski-o-informacje-w-2025-1125","NOWY DWÓR MAZOWIECKI","samorząd gminy","gmina miejska","Mazowieckie","Nowodworski","Nowy Dwór Mazowiecki","Mazowieckie / Nowodworski / Nowy Dwór Mazowiecki (1414011, gmina miejska)",117,87,1,"[c, i]",0,0,0,"b) NIE","a) TAK",28420
"1019","https://fedrowanie.siecobywatelska.pl/sprawy/wnioski-o-informacje-w-2025-705","NOWY KAWĘCZYN","samorząd gminy","gmina wiejska","Łódzkie","Skierniewicki","Nowy Kawęczyn","Łódzkie / Skierniewicki / Nowy Kawęczyn (1015072, gmina wiejska)",108,"BD",0,"[a, c]",0,0,0,"b) NIE","b) NIE",3410
"1292","https://fedrowanie.siecobywatelska.pl/sprawy/wnioski-o-informacje-w-2025-1973","NOWY KORCZYN","samorząd gminy","gmina miejsko-wiejska","Świętokrzyskie","Buski","Nowy Korczyn","Świętokrzyskie / Buski / Nowy Korczyn (2601033, gmina miejsko-wiejska)",26,26,0,"N/A",0,0,0,"b) NIE","b) NIE",5320
"2324","https://fedrowanie.siecobywatelska.pl/sprawy/wnioski-o-informacje-w-2025-887","Nowy Sącz","miasto na prawach powiatu","miasto na prawach powiatu","Małopolskie","Nowy Sącz",,"Małopolskie / Nowy Sącz (1262, miasto na prawach powiatu)",266,153,2,"[a, b, c]",0,0,2,"b) NIE","a) TAK",79420
"1031","https://fedrowanie.siecobywatelska.pl/sprawy/wnioski-o-informacje-w-2025-888","NOWY TARG","samorząd gminy","gmina miejska","Małopolskie","Nowotarski","Nowy Targ","Małopolskie / Nowotarski / Nowy Targ (1211011, gmina miejska)",179,179,7,"[a, b, c]",6,0,0,"b) NIE","b) NIE",32960
"2325","https://fedrowanie.siecobywatelska.pl/sprawy/wnioski-o-informacje-w-2025-2261","NOWY TOMYŚL","samorząd gminy","gmina miejsko-wiejska","Wielkopolskie","Nowotomyski","Nowy Tomyśl","Wielkopolskie / Nowotomyski / Nowy Tomyśl (3015043, gmina miejsko-wiejska)",120,113,0,"[a, c]",0,0,0,"b) NIE","b) NIE",27950
"2018","https://fedrowanie.siecobywatelska.pl/sprawy/wnioski-o-informacje-w-2025-889","NOWY WIŚNICZ","samorząd gminy","gmina miejsko-wiejska","Małopolskie","Bocheński","Nowy Wiśnicz","Małopolskie / Bocheński / Nowy Wiśnicz (1201063, gmina miejsko-wiejska)",124,121,0,"[a, b, c]",1,0,0,"b) NIE","b) NIE",14520
"1422","https://fedrowanie.siecobywatelska.pl/sprawy/wnioski-o-informacje-w-2025-890","NOWYTARG","samorząd gminy","gmina wiejska","Małopolskie","Nowotarski","Nowy Targ","Małopolskie / Nowotarski / Nowy Targ (1211092, gmina wiejska)",102,102,0,"N/A",0,0,0,"b) NIE","b) NIE",24080
"1093","https://fedrowanie.siecobywatelska.pl/sprawy/wnioski-o-informacje-w-2025-1450","NOWYŻMIGRÓD","samorząd gminy","gmina wiejska","Podkarpackie","Jasielski","Nowy Żmigród","Podkarpackie / Jasielski / Nowy Żmigród (1805072, gmina wiejska)",78,78,0,"N/A",0,0,0,"b) NIE","b) NIE",8450
"1880","https://fedrowanie.siecobywatelska.pl/sprawy/wnioski-o-informacje-w-2025-1126","NUR","samorząd gminy","gmina wiejska","Mazowieckie","Ostrowski","Nur","Mazowieckie / Ostrowski / Nur (1416062, gmina wiejska)",73,73,0,"N/A",0,0,0,"b) NIE","b) NIE",2350
"2471","https://fedrowanie.siecobywatelska.pl/sprawy/wnioski-o-informacje-w-2025-1582","NURZEC-STACJA","samorząd gminy","gmina wiejska","Podlaskie","Siemiatycki","Nurzec-Stacja","Podlaskie / Siemiatycki / Nurzec-Stacja (2010072, gmina wiejska)",98,91,3,"[g, h, i]",0,0,0,"b) NIE","b) NIE",3320
"675","https://fedrowanie.siecobywatelska.pl/sprawy/wnioski-o-informacje-w-2025-1321","NYSA","samorząd gminy","gmina miejsko-wiejska","Opolskie","Nyski","Nysa","Opolskie / Nyski / Nysa (1607053, gmina miejsko-wiejska)",308,258,43,"[e, e]",3,40,0,"b) NIE","a) TAK",52980
"677","https://fedrowanie.siecobywatelska.pl/sprawy/wnioski-o-informacje-w-2025-93","OBORNIKI ŚLĄSKIE","samorząd gminy","gmina miejsko-wiejska","Dolnośląskie","Trzebnicki","Oborniki Śląskie","Dolnośląskie / Trzebnicki / Oborniki Śląskie (0220013, gmina miejsko-wiejska)",176,175,1,"[f]",0,0,0,"b) NIE","b) NIE",21210
"678","https://fedrowanie.siecobywatelska.pl/sprawy/wnioski-o-informacje-w-2025-257","OBROWO","samorząd gminy","gmina wiejska","Kujawsko-Pomorskie","Toruński","Obrowo","Kujawsko-Pomorskie / Toruński / Obrowo (0415072, gmina wiejska)","BD","BD","BD","BD",0,0,0,"b) NIE","b) NIE",21160
"1881","https://fedrowanie.siecobywatelska.pl/sprawy/wnioski-o-informacje-w-2025-1127","OBRYTE","samorząd gminy","gmina wiejska","Mazowieckie","Pułtuski","Obryte","Mazowieckie / Pułtuski / Obryte (1424022, gmina wiejska)",69,69,0,"N/A",0,0,0,"b) NIE","b) NIE",4290
"1295","https://fedrowanie.siecobywatelska.pl/sprawy/wnioski-o-informacje-w-2025-2263","OBRZYCKO","samorząd gminy","gmina miejska","Wielkopolskie","Szamotulski","Obrzycko","Wielkopolskie / Szamotulski / Obrzycko (3024011, gmina miejska)",55,55,0,"N/A",0,0,0,"b) NIE","b) NIE",2410
"320","https://fedrowanie.siecobywatelska.pl/sprawy/wnioski-o-informacje-w-2025-891","OCHOTNICA DOLNA","samorząd gminy","gmina wiejska","Małopolskie","Nowotarski","Ochotnica Dolna","Małopolskie / Nowotarski / Ochotnica Dolna (1211102, gmina wiejska)",107,103,3,"[f]",2,0,0,"b) NIE","b) NIE",8470
"951","https://fedrowanie.siecobywatelska.pl/sprawy/wnioski-o-informacje-w-2025-2265","ODOLANÓW","samorząd gminy","gmina miejsko-wiejska","Wielkopolskie","Ostrowski","Odolanów","Wielkopolskie / Ostrowski / Odolanów (3017033, gmina miejsko-wiejska)",41,41,0,"N/A",0,0,0,"b) NIE","b) NIE",14410
"684","https://fedrowanie.siecobywatelska.pl/sprawy/wnioski-o-informacje-w-2025-1847","OGRODZIENIEC","samorząd gminy","gmina miejsko-wiejska","Śląskie","Zawierciański","Ogrodzieniec","Śląskie / Zawierciański / Ogrodzieniec (2416063, gmina miejsko-wiejska)",69,68,1,"[c, e, f]",0,0,0,"b) NIE","b) NIE",8340
"1882","https://fedrowanie.siecobywatelska.pl/sprawy/wnioski-o-informacje-w-2025-1129","OJRZEŃ","samorząd gminy","gmina wiejska","Mazowieckie","Ciechanowski","Ojrzeń","Mazowieckie / Ciechanowski / Ojrzeń (1402062, gmina wiejska)",72,72,0,"N/A",0,0,0,"b) NIE","b) NIE",4000
"769","https://fedrowanie.siecobywatelska.pl/sprawy/wnioski-o-informacje-w-2025-2266","OKONEK","samorząd gminy","gmina miejsko-wiejska","Wielkopolskie","Złotowski","Okonek","Wielkopolskie / Złotowski / Okonek (3031053, gmina miejsko-wiejska)",99,99,0,"N/A",0,0,0,"b) NIE","b) NIE",7710
"417","https://fedrowanie.siecobywatelska.pl/sprawy/wnioski-o-informacje-w-2025-1975","OKSA","samorząd gminy","gmina wiejska","Świętokrzyskie","Jędrzejowski","Oksa","Świętokrzyskie / Jędrzejowski / Oksa (2602052, gmina wiejska)",57,57,0,"N/A",0,0,0,"b) NIE","b) NIE",4310
"57","https://fedrowanie.siecobywatelska.pl/sprawy/wnioski-o-informacje-w-2025-2100","OLECKO","samorząd gminy","gmina miejsko-wiejska","Warmińsko-Mazurskie","Olecki","Olecko","Warmińsko-Mazurskie / Olecki / Olecko (2813043, gmina miejsko-wiejska)",128,122,4,"[f, i]","BD","BD","BD","BD","BD",20720
"1883","https://fedrowanie.siecobywatelska.pl/sprawy/wnioski-o-informacje-w-2025-892","OLESNO (woj. małopolskie)","samorząd gminy","gmina wiejska","Małopolskie","Dąbrowski","Olesno","Małopolskie / Dąbrowski / Olesno (1204052, gmina wiejska)",72,72,0,"N/A",0,0,0,"b) NIE","b) NIE",7600
"686","https://fedrowanie.siecobywatelska.pl/sprawy/wnioski-o-informacje-w-2025-1322","OLESNO (woj. opolskie)","samorząd gminy","gmina miejsko-wiejska","Opolskie","Oleski","Olesno","Opolskie / Oleski / Olesno (1608033, gmina miejsko-wiejska)",92,"BD",0,"[a, b, f]",0,0,0,"b) NIE","b) NIE",17000
"1008","https://fedrowanie.siecobywatelska.pl/sprawy/wnioski-o-informacje-w-2025-1452","OLESZYCE","samorząd gminy","gmina miejsko-wiejska","Podkarpackie","Lubaczowski","Oleszyce","Podkarpackie / Lubaczowski / Oleszyce (1809063, gmina miejsko-wiejska)",79,78,0,"N/A",0,0,0,"b) NIE","b) NIE",5930
"114","https://fedrowanie.siecobywatelska.pl/sprawy/wnioski-o-informacje-w-2025-94","OLEŚNICA","samorząd gminy","gmina miejska","Dolnośląskie","Oleśnicki","Oleśnica","Dolnośląskie / Oleśnicki / Oleśnica (0214011, gmina miejska)",125,"BD",2,"[c, f, h]",2,0,0,"b) NIE","b) NIE",34680
"1659","https://fedrowanie.siecobywatelska.pl/sprawy/wnioski-o-informacje-w-2025-1976","OLEŚNICA","samorząd gminy","gmina miejsko-wiejska","Świętokrzyskie","Staszowski","Oleśnica","Świętokrzyskie / Staszowski / Oleśnica (2612033, gmina miejsko-wiejska)",49,49,0,"N/A",0,0,0,"b) NIE","b) NIE",3710
"2326","https://fedrowanie.siecobywatelska.pl/sprawy/wnioski-o-informacje-w-2025-95","OLEŚNICA","samorząd gminy","gmina wiejska","Dolnośląskie","Oleśnicki","Oleśnica","Dolnośląskie / Oleśnicki / Oleśnica (0214062, gmina wiejska)",84,84,0,"N/A",0,0,0,"b) NIE","b) NIE",17000
"133","https://fedrowanie.siecobywatelska.pl/sprawy/wnioski-o-informacje-w-2025-893","OLKUSZ","samorząd gminy","gmina miejsko-wiejska","Małopolskie","Olkuski","Olkusz","Małopolskie / Olkuski / Olkusz (1212053, gmina miejsko-wiejska)",155,155,0,"[b, c, g]",0,0,0,"b) NIE","a) TAK",44780
"321","https://fedrowanie.siecobywatelska.pl/sprawy/wnioski-o-informacje-w-2025-1453","OLSZANICA","samorząd gminy","gmina wiejska","Podkarpackie","Leski","Olszanica","Podkarpackie / Leski / Olszanica (1821042, gmina wiejska)",62,62,0,"N/A",0,0,0,"b) NIE","b) NIE",4590
"1660","https://fedrowanie.siecobywatelska.pl/sprawy/wnioski-o-informacje-w-2025-1323","OLSZANKA","samorząd gminy","gmina wiejska","Opolskie","Brzeski","Olszanka","Opolskie / Brzeski / Olszanka (1601062, gmina wiejska)",91,78,1,"[a, b, c]",0,1,0,"b) NIE","b) NIE",4670
"2462","https://fedrowanie.siecobywatelska.pl/sprawy/wnioski-o-informacje-w-2025-1130","OLSZANKA","samorząd gminy","gmina wiejska","Mazowieckie","Łosicki","Olszanka","Mazowieckie / Łosicki / Olszanka (1410032, gmina wiejska)",127,127,0,"N/A",0,0,0,"b) NIE","a) TAK",2670
"952","https://fedrowanie.siecobywatelska.pl/sprawy/wnioski-o-informacje-w-2025-1131","OLSZEWO-BORKI","samorząd gminy","gmina wiejska","Mazowieckie","Ostrołęcki","Olszewo-Borki","Mazowieckie / Ostrołęcki / Olszewo-Borki (1415092, gmina wiejska)",86,84,2,"[f, g]",0,0,0,"b) NIE","b) NIE",11060
"90","https://fedrowanie.siecobywatelska.pl/sprawy/wnioski-o-informacje-w-2025-2101","Olsztyn","miasto na prawach powiatu","miasto na prawach powiatu","Warmińsko-Mazurskie","Olsztyn",,"Warmińsko-Mazurskie / Olsztyn (2862, miasto na prawach powiatu)",433,330,5,"[e, e, e]",2,2,0,"a) TAK","b) NIE",165390
"953","https://fedrowanie.siecobywatelska.pl/sprawy/wnioski-o-informacje-w-2025-1848","OLSZTYN","samorząd gminy","gmina miejsko-wiejska","Śląskie","Częstochowski","Olsztyn","Śląskie / Częstochowski / Olsztyn (2404123, gmina miejsko-wiejska)",121,118,2,"[e, f]",1,0,0,"b) NIE","a) TAK",8180
"1299","https://fedrowanie.siecobywatelska.pl/sprawy/wnioski-o-informacje-w-2025-2102","OLSZTYNEK","samorząd gminy","gmina miejsko-wiejska","Warmińsko-Mazurskie","Olsztyński","Olsztynek","Warmińsko-Mazurskie / Olsztyński / Olsztynek (2814093, gmina miejsko-wiejska)",161,157,4,"[a, b]",1,0,0,"b) NIE","b) NIE",13050
"722","https://fedrowanie.siecobywatelska.pl/sprawy/wnioski-o-informacje-w-2025-96","OLSZYNA","samorząd gminy","gmina miejsko-wiejska","Dolnośląskie","Lubański","Olszyna","Dolnośląskie / Lubański / Olszyna (0210053, gmina miejsko-wiejska)",81,79,0,"[i]",1,0,0,"b) NIE","b) NIE",6200
"872","https://fedrowanie.siecobywatelska.pl/sprawy/wnioski-o-informacje-w-2025-98","OŁAWA","samorząd gminy","gmina wiejska","Dolnośląskie","Oławski","Oława","Dolnośląskie / Oławski / Oława (0215042, gmina wiejska)",159,112,2,"[a, b, c]",2,1,0,"BD","b) NIE",15870
"481","https://fedrowanie.siecobywatelska.pl/sprawy/wnioski-o-informacje-w-2025-2268","OPALENICA","samorząd gminy","gmina miejsko-wiejska","Wielkopolskie","Nowotomyski","Opalenica","Wielkopolskie / Nowotomyski / Opalenica (3015053, gmina miejsko-wiejska)",103,103,0,"N/A",0,0,0,"b) NIE","a) TAK",15830
"1884","https://fedrowanie.siecobywatelska.pl/sprawy/wnioski-o-informacje-w-2025-1977","OPATOWIEC","samorząd gminy","gmina miejsko-wiejska","Świętokrzyskie","Kazimierski","Opatowiec","Świętokrzyskie / Kazimierski / Opatowiec (2603043, gmina miejsko-wiejska)",62,"BD",0,"[c, h]",0,0,0,"b) NIE","b) NIE",2890
"954","https://fedrowanie.siecobywatelska.pl/sprawy/wnioski-o-informacje-w-2025-1849","OPATÓW","samorząd gminy","gmina wiejska","Śląskie","Kłobucki","Opatów","Śląskie / Kłobucki / Opatów (2406052, gmina wiejska)",40,40,0,"N/A",0,0,0,"b) NIE","b) NIE",6510
"322","https://fedrowanie.siecobywatelska.pl/sprawy/wnioski-o-informacje-w-2025-2269","OPATÓWEK","samorząd gminy","gmina miejsko-wiejska","Wielkopolskie","Kaliski","Opatówek","Wielkopolskie / Kaliski / Opatówek (3007083, gmina miejsko-wiejska)",61,61,0,"N/A",0,0,0,"b) NIE","b) NIE",10570
"1885","https://fedrowanie.siecobywatelska.pl/sprawy/wnioski-o-informacje-w-2025-1132","OPINOGÓRA GÓRNA","samorząd gminy","gmina wiejska","Mazowieckie","Ciechanowski","Opinogóra Górna","Mazowieckie / Ciechanowski / Opinogóra Górna (1402072, gmina wiejska)",64,64,0,"N/A",0,0,0,"b) NIE","b) NIE",5760
"2172","https://fedrowanie.siecobywatelska.pl/sprawy/wnioski-o-informacje-w-2025-706","OPOCZNO","samorząd gminy","gmina miejsko-wiejska","Łódzkie","Opoczyński","Opoczno","Łódzkie / Opoczyński / Opoczno (1007043, gmina miejsko-wiejska)",91,89,0,"[c]",0,0,0,"a) TAK","b) NIE",31060
"2376","https://fedrowanie.siecobywatelska.pl/sprawy/wnioski-o-informacje-w-2025-1324","Opole","miasto na prawach powiatu","miasto na prawach powiatu","Opolskie","Opole",,"Opolskie / Opole (1661, miasto na prawach powiatu)",452,452,4,"[f, h]",0,1,0,"b) NIE","b) NIE",124560
"955","https://fedrowanie.siecobywatelska.pl/sprawy/wnioski-o-informacje-w-2025-428","OPOLE LUBELSKIE","samorząd gminy","gmina miejsko-wiejska","Lubelskie","Opolski","Opole Lubelskie","Lubelskie / Opolski / Opole Lubelskie (0612053, gmina miejsko-wiejska)",97,88,0,"[a, f]",0,0,0,"b) NIE","b) NIE",15880
"323","https://fedrowanie.siecobywatelska.pl/sprawy/wnioski-o-informacje-w-2025-707","OPORÓW","samorząd gminy","gmina wiejska","Łódzkie","Kutnowski","Oporów","Łódzkie / Kutnowski / Oporów (1002092, gmina wiejska)",29,29,0,"N/A",0,0,0,"b) NIE","b) NIE",2350
"169","https://fedrowanie.siecobywatelska.pl/sprawy/wnioski-o-informacje-w-2025-2270","ORCHOWO","samorząd gminy","gmina wiejska","Wielkopolskie","Słupecki","Orchowo","Wielkopolskie / Słupecki / Orchowo (3023032, gmina wiejska)",18,18,0,"N/A",0,0,0,"b) NIE","a) TAK",3520
"507","https://fedrowanie.siecobywatelska.pl/sprawy/wnioski-o-informacje-w-2025-1583","Orla","samorząd gminy","gmina wiejska","Podlaskie","Bielski","Orla","Podlaskie / Bielski / Orla (2003062, gmina wiejska)",93,92,1,"[g]",0,0,0,"b) NIE","b) NIE",2360
"1886","https://fedrowanie.siecobywatelska.pl/sprawy/wnioski-o-informacje-w-2025-1454","ORŁY","samorząd gminy","gmina wiejska","Podkarpackie","Przemyski","Orły","Podkarpackie / Przemyski / Orły (1813072, gmina wiejska)",86,86,0,"N/A",0,0,0,"b) NIE","b) NIE",8500
"2140","https://fedrowanie.siecobywatelska.pl/sprawy/wnioski-o-informacje-w-2025-2103","ORNETA","samorząd gminy","gmina miejsko-wiejska","Warmińsko-Mazurskie","Lidzbarski","Orneta","Warmińsko-Mazurskie / Lidzbarski / Orneta (2809053, gmina miejsko-wiejska)",89,86,3,"[i]",0,0,1,"b) NIE","a) TAK",10680
"1300","https://fedrowanie.siecobywatelska.pl/sprawy/wnioski-o-informacje-w-2025-1850","ORNONTOWICE","samorząd gminy","gmina wiejska","Śląskie","Mikołowski","Ornontowice","Śląskie / Mikołowski / Ornontowice (2408042, gmina wiejska)",82,81,0,"[i]",0,0,0,"b) NIE","b) NIE",6200
"1301","https://fedrowanie.siecobywatelska.pl/sprawy/wnioski-o-informacje-w-2025-1133","OROŃSKO","samorząd gminy","gmina wiejska","Mazowieckie","Szydłowiecki","Orońsko","Mazowieckie / Szydłowiecki / Orońsko (1430042, gmina wiejska)",144,109,1,"[b, c, f]",0,0,0,"a) TAK","b) NIE",5880
"2020","https://fedrowanie.siecobywatelska.pl/sprawy/wnioski-o-informacje-w-2025-1851","ORZESZE","samorząd gminy","gmina miejska","Śląskie","Mikołowski","Orzesze","Śląskie / Mikołowski / Orzesze (2408031, gmina miejska)",83,82,0,"[a]",0,0,0,"b) NIE","b) NIE",22240
"1431","https://fedrowanie.siecobywatelska.pl/sprawy/wnioski-o-informacje-w-2025-2104","ORZYSZ","samorząd gminy","gmina miejsko-wiejska","Warmińsko-Mazurskie","Piski","Orzysz","Warmińsko-Mazurskie / Piski / Orzysz (2816023, gmina miejsko-wiejska)",86,86,0,"[a, b, c]",0,0,0,"b) NIE","b) NIE",8250
"1661","https://fedrowanie.siecobywatelska.pl/sprawy/wnioski-o-informacje-w-2025-258","OSIE","samorząd gminy","gmina wiejska","Kujawsko-Pomorskie","Świecki","Osie","Kujawsko-Pomorskie / Świecki / Osie (0414072, gmina wiejska)",78,77,0,"[a, b, c]",0,0,0,"b) NIE","b) NIE",5360
"418","https://fedrowanie.siecobywatelska.pl/sprawy/wnioski-o-informacje-w-2025-1134","OSIECK","samorząd gminy","gmina miejsko-wiejska","Mazowieckie","Otwocki","Osieck","Mazowieckie / Otwocki / Osieck (1417063, gmina miejsko-wiejska)",69,69,0,"N/A",1,0,0,"b) NIE","b) NIE",3640
"2327","https://fedrowanie.siecobywatelska.pl/sprawy/wnioski-o-informacje-w-2025-2271","OSIECZNA","samorząd gminy","gmina miejsko-wiejska","Wielkopolskie","Leszczyński","Osieczna","Wielkopolskie / Leszczyński / Osieczna (3013033, gmina miejsko-wiejska)",77,77,0,"N/A",0,0,0,"b) NIE","b) NIE",9370
"419","https://fedrowanie.siecobywatelska.pl/sprawy/wnioski-o-informacje-w-2025-1698","OSIECZNA","samorząd gminy","gmina wiejska","Pomorskie","Starogardzki","Osieczna","Pomorskie / Starogardzki / Osieczna (2213072, gmina wiejska)",47,47,0,"N/A",0,0,0,"b) NIE","a) TAK",2630
"482","https://fedrowanie.siecobywatelska.pl/sprawy/wnioski-o-informacje-w-2025-99","OSIECZNICA","samorząd gminy","gmina wiejska","Dolnośląskie","Bolesławiecki","Osiecznica","Dolnośląskie / Bolesławiecki / Osiecznica (0201052, gmina wiejska)",85,85,0,"N/A",0,0,0,"b) NIE","b) NIE",7150
"178","https://fedrowanie.siecobywatelska.pl/sprawy/wnioski-o-informacje-w-2025-259","OSIEK","samorząd gminy","gmina wiejska","Kujawsko-Pomorskie","Brodnicki","Osiek","Kujawsko-Pomorskie / Brodnicki / Osiek (0402082, gmina wiejska)",63,51,0,"[b, c, f]",0,0,0,"b) NIE","b) NIE",3750
"2111","https://fedrowanie.siecobywatelska.pl/sprawy/wnioski-o-informacje-w-2025-1979","OSIEK","samorząd gminy","gmina miejsko-wiejska","Świętokrzyskie","Staszowski","Osiek","Świętokrzyskie / Staszowski / Osiek (2612043, gmina miejsko-wiejska)",31,31,0,"N/A",0,0,0,"b) NIE","b) NIE",7270
"2328","https://fedrowanie.siecobywatelska.pl/sprawy/wnioski-o-informacje-w-2025-1699","OSIEK","samorząd gminy","gmina wiejska","Pomorskie","Starogardzki","Osiek","Pomorskie / Starogardzki / Osiek (2213082, gmina wiejska)",75,75,1,"[i]",0,0,0,"b) NIE","b) NIE",2220
"324","https://fedrowanie.siecobywatelska.pl/sprawy/wnioski-o-informacje-w-2025-894","OSIEK","samorząd gminy","gmina wiejska","Małopolskie","Oświęcimski","Osiek","Małopolskie / Oświęcimski / Osiek (1213052, gmina wiejska)",93,93,0,"N/A",0,0,0,"b) NIE","b) NIE",8100
"1302","https://fedrowanie.siecobywatelska.pl/sprawy/wnioski-o-informacje-w-2025-1455","OSIEK JASIELSKI","samorząd gminy","gmina wiejska","Podkarpackie","Jasielski","Osiek Jasielski","Podkarpackie / Jasielski / Osiek Jasielski (1805082, gmina wiejska)",127,126,0,"[a]",0,0,0,"b) NIE","b) NIE",5130
"694","https://fedrowanie.siecobywatelska.pl/sprawy/wnioski-o-informacje-w-2025-2272","OSIEK MAŁY","samorząd gminy","gmina wiejska","Wielkopolskie","Kolski","Osiek Mały","Wielkopolskie / Kolski / Osiek Mały (3009102, gmina wiejska)",40,40,0,"N/A",0,0,0,"b) NIE","b) NIE",6300
"1303","https://fedrowanie.siecobywatelska.pl/sprawy/wnioski-o-informacje-w-2025-260","OSIELSKO","samorząd gminy","gmina wiejska","Kujawsko-Pomorskie","Bydgoski","Osielsko","Kujawsko-Pomorskie / Bydgoski / Osielsko (0403062, gmina wiejska)",148,133,1,"[a, b]",0,0,0,"b) NIE","b) NIE",19490
"1887","https://fedrowanie.siecobywatelska.pl/sprawy/wnioski-o-informacje-w-2025-261","OSIĘCINY","samorząd gminy","gmina wiejska","Kujawsko-Pomorskie","Radziejowski","Osięciny","Kujawsko-Pomorskie / Radziejowski / Osięciny (0411042, gmina wiejska)",78,78,0,"N/A",0,0,0,"b) NIE","b) NIE",6990
"1662","https://fedrowanie.siecobywatelska.pl/sprawy/wnioski-o-informacje-w-2025-2432","OSINA","samorząd gminy","gmina wiejska","Zachodniopomorskie","Goleniowski","Osina","Zachodniopomorskie / Goleniowski / Osina (3204052, gmina wiejska)",64,64,0,"N/A",0,0,0,"b) NIE","b) NIE",2870
"956","https://fedrowanie.siecobywatelska.pl/sprawy/wnioski-o-informacje-w-2025-708","OSJAKÓW","samorząd gminy","gmina miejsko-wiejska","Łódzkie","Wieluński","Osjaków","Łódzkie / Wieluński / Osjaków (1017053, gmina miejsko-wiejska)",72,72,0,"N/A",0,0,0,"a) TAK","b) NIE",4630
"1663","https://fedrowanie.siecobywatelska.pl/sprawy/wnioski-o-informacje-w-2025-1700","OSTASZEWO","samorząd gminy","gmina wiejska","Pomorskie","Nowodworski","Ostaszewo","Pomorskie / Nowodworski / Ostaszewo (2210032, gmina wiejska)",59,58,1,"[b]",0,0,0,"b) NIE","b) NIE",2880
"2060","https://fedrowanie.siecobywatelska.pl/sprawy/wnioski-o-informacje-w-2025-1135","Ostrołęka","miasto na prawach powiatu","miasto na prawach powiatu","Mazowieckie","Ostrołęka",,"Mazowieckie / Ostrołęka (1461, miasto na prawach powiatu)",125,125,0,"N/A",1,1,0,"b) NIE","b) NIE",47350
"695","https://fedrowanie.siecobywatelska.pl/sprawy/wnioski-o-informacje-w-2025-2273","OSTRORÓG","samorząd gminy","gmina miejsko-wiejska","Wielkopolskie","Szamotulski","Ostroróg","Wielkopolskie / Szamotulski / Ostroróg (3024053, gmina miejsko-wiejska)",74,66,8,"[f]",0,0,0,"b) NIE","b) NIE",4700
"2061","https://fedrowanie.siecobywatelska.pl/sprawy/wnioski-o-informacje-w-2025-1980","OSTROWIEC ŚWIĘTOKRZYSKI","samorząd gminy","gmina miejska","Świętokrzyskie","Ostrowiecki","Ostrowiec Świętokrzyski","Świętokrzyskie / Ostrowiecki / Ostrowiec Świętokrzyski (2607011, gmina miejska)",160,160,0,"[b]",0,0,0,"b) NIE","b) NIE",60250
"1304","https://fedrowanie.siecobywatelska.pl/sprawy/wnioski-o-informacje-w-2025-2274","OSTROWITE","samorząd gminy","gmina wiejska","Wielkopolskie","Słupecki","Ostrowite","Wielkopolskie / Słupecki / Ostrowite (3023042, gmina wiejska)",47,47,0,"N/A",0,1,0,"b) NIE","b) NIE",4670
"1172","https://fedrowanie.siecobywatelska.pl/sprawy/wnioski-o-informacje-w-2025-2106","OSTRÓDA","samorząd gminy","gmina wiejska","Warmińsko-Mazurskie","Ostródzki","Ostróda","Warmińsko-Mazurskie / Ostródzki / Ostróda (2815092, gmina wiejska)",214,204,2,"[C, D, F]",0,1,0,"b) NIE","b) NIE",15950
"2059","https://fedrowanie.siecobywatelska.pl/sprawy/wnioski-o-informacje-w-2025-2105","OSTRÓDA","samorząd gminy","gmina miejska","Warmińsko-Mazurskie","Ostródzki","Ostróda","Warmińsko-Mazurskie / Ostródzki / Ostróda (2815011, gmina miejska)",175,175,0,"N/A",0,0,0,"b) NIE","b) NIE",30760
"483","https://fedrowanie.siecobywatelska.pl/sprawy/wnioski-o-informacje-w-2025-1456","OSTRÓW","samorząd gminy","gmina wiejska","Podkarpackie","Ropczycko-Sędziszowski","Ostrów","Podkarpackie / Ropczycko-Sędziszowski / Ostrów (1815022, gmina wiejska)",73,73,0,"N/A",0,0,0,"b) NIE","b) NIE",7520
"696","https://fedrowanie.siecobywatelska.pl/sprawy/wnioski-o-informacje-w-2025-429","OSTRÓW LUBELSKI","samorząd gminy","gmina miejsko-wiejska","Lubelskie","Lubartowski","Ostrów Lubelski","Lubelskie / Lubartowski / Ostrów Lubelski (0608103, gmina miejsko-wiejska)",85,85,0,"N/A",0,0,0,"b) NIE","b) NIE",4820
"1173","https://fedrowanie.siecobywatelska.pl/sprawy/wnioski-o-informacje-w-2025-1137","OSTRÓW MAZOWIECKA","samorząd gminy","gmina wiejska","Mazowieckie","Ostrowski","Ostrów Mazowiecka","Mazowieckie / Ostrowski / Ostrów Mazowiecka (1416072, gmina wiejska)",89,89,0,"N/A",0,0,0,"b) NIE","a) TAK",12500
"723","https://fedrowanie.siecobywatelska.pl/sprawy/wnioski-o-informacje-w-2025-1136","OSTRÓW MAZOWIECKA","samorząd gminy","gmina miejska","Mazowieckie","Ostrowski","Ostrów Mazowiecka","Mazowieckie / Ostrowski / Ostrów Mazowiecka (1416011, gmina miejska)",142,140,2,"[a, c]",1,0,0,"b) NIE","b) NIE",21250
"957","https://fedrowanie.siecobywatelska.pl/sprawy/wnioski-o-informacje-w-2025-430","OSTRÓWEK (woj. lubelskie)","samorząd gminy","gmina wiejska","Lubelskie","Lubartowski","Ostrówek","Lubelskie / Lubartowski / Ostrówek (0608112, gmina wiejska)",95,94,0,"[c]",0,0,0,"b) NIE","b) NIE",3580
"1755","https://fedrowanie.siecobywatelska.pl/sprawy/wnioski-o-informacje-w-2025-709","OSTRÓWEK (woj. łódzkie)","samorząd gminy","gmina wiejska","Łódzkie","Wieluński","Ostrówek","Łódzkie / Wieluński / Ostrówek (1017062, gmina wiejska)",54,54,0,"N/A",0,0,0,"b) NIE","b) NIE",4280
"690","https://fedrowanie.siecobywatelska.pl/sprawy/wnioski-o-informacje-w-2025-2277","OSTRZESZÓW","samorząd gminy","gmina miejsko-wiejska","Wielkopolskie","Ostrzeszowski","Ostrzeszów","Wielkopolskie / Ostrzeszowski / Ostrzeszów (3018073, gmina miejsko-wiejska)",100,97,0,"[a, b, c]",0,0,0,"b) NIE","b) NIE",23480
"2062","https://fedrowanie.siecobywatelska.pl/sprawy/wnioski-o-informacje-w-2025-895","OŚWIĘCIM","samorząd gminy","gmina miejska","Małopolskie","Oświęcimski","Oświęcim","Małopolskie / Oświęcimski / Oświęcim (1213011, gmina miejska)",113,106,0,"N/A",0,0,0,"b) NIE","b) NIE",35010
"325","https://fedrowanie.siecobywatelska.pl/sprawy/wnioski-o-informacje-w-2025-896","OŚWIĘCIM","samorząd gminy","gmina wiejska","Małopolskie","Oświęcimski","Oświęcim","Małopolskie / Oświęcimski / Oświęcim (1213062, gmina wiejska)",101,95,6,"[c, f]",0,0,0,"b) NIE","b) NIE",18900
"2141","https://fedrowanie.siecobywatelska.pl/sprawy/wnioski-o-informacje-w-2025-1325","OTMUCHÓW","samorząd gminy","gmina miejsko-wiejska","Opolskie","Nyski","Otmuchów","Opolskie / Nyski / Otmuchów (1607063, gmina miejsko-wiejska)",98,98,0,"N/A",0,0,0,"a) TAK","b) NIE",12550
"1420","https://fedrowanie.siecobywatelska.pl/sprawy/wnioski-o-informacje-w-2025-1326","OZIMEK","samorząd gminy","gmina miejsko-wiejska","Opolskie","Opolski","Ozimek","Opolskie / Opolski / Ozimek (1609083, gmina miejsko-wiejska)",88,83,0,"[a, b, c]",0,0,0,"b) NIE","b) NIE",18270
"1042","https://fedrowanie.siecobywatelska.pl/sprawy/wnioski-o-informacje-w-2025-710","OZORKÓW","samorząd gminy","gmina miejska","Łódzkie","Zgierski","Ozorków","Łódzkie / Zgierski / Ozorków (1020021, gmina miejska)",88,88,0,"N/A",1,0,0,"b) NIE","b) NIE",17640
"381","https://fedrowanie.siecobywatelska.pl/sprawy/wnioski-o-informacje-w-2025-711","OZORKÓW","samorząd gminy","gmina wiejska","Łódzkie","Zgierski","Ozorków","Łódzkie / Zgierski / Ozorków (1020062, gmina wiejska)",93,92,1,"[a, i]",0,0,0,"b) NIE","b) NIE",7290
"2142","https://fedrowanie.siecobywatelska.pl/sprawy/wnioski-o-informacje-w-2025-1139","OŻARÓW MAZOWIECKI","samorząd gminy","gmina miejsko-wiejska","Mazowieckie","Warszawski Zachodni","Ożarów Mazowiecki","Mazowieckie / Warszawski Zachodni / Ożarów Mazowiecki (1432063, gmina miejsko-wiejska)",202,191,1,"[a, b, c]",0,0,0,"b) NIE","b) NIE",32610
"1307","https://fedrowanie.siecobywatelska.pl/sprawy/wnioski-o-informacje-w-2025-1982","PACANÓW","samorząd gminy","gmina miejsko-wiejska","Świętokrzyskie","Buski","Pacanów","Świętokrzyskie / Buski / Pacanów (2601043, gmina miejsko-wiejska)",72,72,0,"N/A",0,0,0,"b) NIE","b) NIE",6680
"1308","https://fedrowanie.siecobywatelska.pl/sprawy/wnioski-o-informacje-w-2025-1327","PACZKÓW","samorząd gminy","gmina miejsko-wiejska","Opolskie","Nyski","Paczków","Opolskie / Nyski / Paczków (1607073, gmina miejsko-wiejska)",77,72,0,"[a, c]",0,0,0,"b) NIE","a) TAK",11130
"328","https://fedrowanie.siecobywatelska.pl/sprawy/wnioski-o-informacje-w-2025-1457","PADEW NARODOWA","samorząd gminy","gmina wiejska","Podkarpackie","Mielecki","Padew Narodowa","Podkarpackie / Mielecki / Padew Narodowa (1811062, gmina wiejska)",80,76,1,"[f, g]",0,0,0,"b) NIE","b) NIE",5060
"1827","https://fedrowanie.siecobywatelska.pl/sprawy/wnioski-o-informacje-w-2025-714","PAJĘCZNO","samorząd gminy","gmina miejsko-wiejska","Łódzkie","Pajęczański","Pajęczno","Łódzkie / Pajęczański / Pajęczno (1009043, gmina miejsko-wiejska)",111,111,0,"N/A",1,0,0,"b) NIE","b) NIE",10770
"1309","https://fedrowanie.siecobywatelska.pl/sprawy/wnioski-o-informacje-w-2025-2278","PAKOSŁAW","samorząd gminy","gmina wiejska","Wielkopolskie","Rawicki","Pakosław","Wielkopolskie / Rawicki / Pakosław (3022042, gmina wiejska)",65,55,0,"[c]",0,0,0,"b) NIE","b) NIE",4770
"1664","https://fedrowanie.siecobywatelska.pl/sprawy/wnioski-o-informacje-w-2025-1328","PAKOSŁAWICE","samorząd gminy","gmina wiejska","Opolskie","Nyski","Pakosławice","Opolskie / Nyski / Pakosławice (1607082, gmina wiejska)",94,94,0,"N/A",0,0,0,"b) NIE","b) NIE",3250
"2022","https://fedrowanie.siecobywatelska.pl/sprawy/wnioski-o-informacje-w-2025-262","PAKOŚĆ","samorząd gminy","gmina miejsko-wiejska","Kujawsko-Pomorskie","Inowrocławski","Pakość","Kujawsko-Pomorskie / Inowrocławski / Pakość (0407073, gmina miejsko-wiejska)","BD",86,1,"[f]",0,0,0,"b) NIE","a) TAK",8950
"2329","https://fedrowanie.siecobywatelska.pl/sprawy/wnioski-o-informacje-w-2025-897","PAŁECZNICA","samorząd gminy","gmina wiejska","Małopolskie","Proszowicki","Pałecznica","Małopolskie / Proszowicki / Pałecznica (1214042, gmina wiejska)",48,47,0,"N/A",1,0,0,"b) NIE","b) NIE",3410
"1890","https://fedrowanie.siecobywatelska.pl/sprawy/wnioski-o-informacje-w-2025-1853","PANKI","samorząd gminy","gmina wiejska","Śląskie","Kłobucki","Panki","Śląskie / Kłobucki / Panki (2406062, gmina wiejska)",96,86,0,"[b]",0,0,0,"a) TAK","b) NIE",4760
"1756","https://fedrowanie.siecobywatelska.pl/sprawy/wnioski-o-informacje-w-2025-263","PAPOWO BISKUPIE","samorząd gminy","gmina wiejska","Kujawsko-Pomorskie","Chełmiński","Papowo Biskupie","Kujawsko-Pomorskie / Chełmiński / Papowo Biskupie (0404052, gmina wiejska)",39,39,0,"N/A",0,0,0,"b) NIE","b) NIE",3950
"1757","https://fedrowanie.siecobywatelska.pl/sprawy/wnioski-o-informacje-w-2025-1141","PAPROTNIA","samorząd gminy","gmina wiejska","Mazowieckie","Siedlecki","Paprotnia","Mazowieckie / Siedlecki / Paprotnia (1426062, gmina wiejska)",80,80,0,"N/A",0,0,0,"a) TAK","b) NIE",2370
"1889","https://fedrowanie.siecobywatelska.pl/sprawy/wnioski-o-informacje-w-2025-715","PARADYŻ","samorząd gminy","gmina wiejska","Łódzkie","Opoczyński","Paradyż","Łódzkie / Opoczyński / Paradyż (1007052, gmina wiejska)",66,66,0,"N/A",0,0,0,"b) NIE","b) NIE",4130
"329","https://fedrowanie.siecobywatelska.pl/sprawy/wnioski-o-informacje-w-2025-1701","PARCHOWO","samorząd gminy","gmina wiejska","Pomorskie","Bytowski","Parchowo","Pomorskie / Bytowski / Parchowo (2201072, gmina wiejska)",78,78,0,"N/A",0,0,0,"b) NIE","b) NIE",3830
"958","https://fedrowanie.siecobywatelska.pl/sprawy/wnioski-o-informacje-w-2025-431","PARCZEW","samorząd gminy","gmina miejsko-wiejska","Lubelskie","Parczewski","Parczew","Lubelskie / Parczewski / Parczew (0613043, gmina miejsko-wiejska)",94,92,0,"[c]",0,0,0,"b) NIE","b) NIE",13470
"1517","https://fedrowanie.siecobywatelska.pl/sprawy/wnioski-o-informacje-w-2025-1142","PARYSÓW","samorząd gminy","gmina wiejska","Mazowieckie","Garwoliński","Parysów","Mazowieckie / Garwoliński / Parysów (1403092, gmina wiejska)",92,92,0,"N/A",0,0,0,"b) NIE","b) NIE",4090
"959","https://fedrowanie.siecobywatelska.pl/sprawy/wnioski-o-informacje-w-2025-716","PARZĘCZEW","samorząd gminy","gmina miejsko-wiejska","Łódzkie","Zgierski","Parzęczew","Łódzkie / Zgierski / Parzęczew (1020073, gmina miejsko-wiejska)",66,63,0,"[a, b]",0,0,0,"b) NIE","b) NIE",5350
"1481","https://fedrowanie.siecobywatelska.pl/sprawy/wnioski-o-informacje-w-2025-2108","PASYM","samorząd gminy","gmina miejsko-wiejska","Warmińsko-Mazurskie","Szczycieński","Pasym","Warmińsko-Mazurskie / Szczycieński / Pasym (2817043, gmina miejsko-wiejska)",43,43,0,"N/A",0,0,0,"b) NIE","b) NIE",5000
"1665","https://fedrowanie.siecobywatelska.pl/sprawy/wnioski-o-informacje-w-2025-100","PASZOWICE","samorząd gminy","gmina wiejska","Dolnośląskie","Jaworski","Paszowice","Dolnośląskie / Jaworski / Paszowice (0205052, gmina wiejska)",78,78,0,"N/A",1,0,0,"b) NIE","b) NIE",4200
"1758","https://fedrowanie.siecobywatelska.pl/sprawy/wnioski-o-informacje-w-2025-1458","PAWŁOSIÓW","samorząd gminy","gmina wiejska","Podkarpackie","Jarosławski","Pawłosiów","Podkarpackie / Jarosławski / Pawłosiów (1804062, gmina wiejska)",74,63,11,"[b]",0,0,0,"a) TAK","b) NIE",8360
"331","https://fedrowanie.siecobywatelska.pl/sprawy/wnioski-o-informacje-w-2025-1854","PAWŁOWICE","samorząd gminy","gmina wiejska","Śląskie","Pszczyński","Pawłowice","Śląskie / Pszczyński / Pawłowice (2410042, gmina wiejska)",104,99,5,"[f]",0,0,0,"b) NIE","b) NIE",17380
"1666","https://fedrowanie.siecobywatelska.pl/sprawy/wnioski-o-informacje-w-2025-1329","PAWŁOWICZKI","samorząd gminy","gmina wiejska","Opolskie","Kędzierzyńsko-Kozielski","Pawłowiczki","Opolskie / Kędzierzyńsko-Kozielski / Pawłowiczki (1603042, gmina wiejska)",81,81,0,"N/A",0,0,0,"b) NIE","b) NIE",6890
"2250","https://fedrowanie.siecobywatelska.pl/sprawy/wnioski-o-informacje-w-2025-1983","PAWŁÓW","samorząd gminy","gmina wiejska","Świętokrzyskie","Starachowicki","Pawłów","Świętokrzyskie / Starachowicki / Pawłów (2611042, gmina wiejska)",55,55,0,"N/A",0,0,0,"b) NIE","a) TAK",14700
"2330","https://fedrowanie.siecobywatelska.pl/sprawy/wnioski-o-informacje-w-2025-1855","PAWONKÓW","samorząd gminy","gmina wiejska","Śląskie","Lubliniecki","Pawonków","Śląskie / Lubliniecki / Pawonków (2407072, gmina wiejska)",77,77,0,"N/A",0,0,0,"a) TAK","b) NIE",6410
"330","https://fedrowanie.siecobywatelska.pl/sprawy/wnioski-o-informacje-w-2025-717","PĄTNÓW","samorząd gminy","gmina wiejska","Łódzkie","Wieluński","Pątnów","Łódzkie / Wieluński / Pątnów (1017072, gmina wiejska)",73,73,3,"[f]",0,1,0,"b) NIE","a) TAK",6060
"2331","https://fedrowanie.siecobywatelska.pl/sprawy/wnioski-o-informacje-w-2025-1702","PELPLIN","samorząd gminy","gmina miejsko-wiejska","Pomorskie","Tczewski","Pelplin","Pomorskie / Tczewski / Pelplin (2214043, gmina miejsko-wiejska)",95,95,0,"N/A",0,0,0,"b) NIE","b) NIE",14840
"2143","https://fedrowanie.siecobywatelska.pl/sprawy/wnioski-o-informacje-w-2025-2433","PEŁCZYCE","samorząd gminy","gmina miejsko-wiejska","Zachodniopomorskie","Choszczeński","Pełczyce","Zachodniopomorskie / Choszczeński / Pełczyce (3202053, gmina miejsko-wiejska)",88,88,0,"N/A",0,0,0,"b) NIE","b) NIE",7050
"1891","https://fedrowanie.siecobywatelska.pl/sprawy/wnioski-o-informacje-w-2025-1584","PERLEJEWO","samorząd gminy","gmina wiejska","Podlaskie","Siemiatycki","Perlejewo","Podlaskie / Siemiatycki / Perlejewo (2010082, gmina wiejska)",93,88,1,"[a, c, d]",4,1,0,"b) NIE","b) NIE",2450
"1892","https://fedrowanie.siecobywatelska.pl/sprawy/wnioski-o-informacje-w-2025-2279","PERZÓW","samorząd gminy","gmina wiejska","Wielkopolskie","Kępiński","Perzów","Wielkopolskie / Kępiński / Perzów (3008052, gmina wiejska)",55,55,0,"N/A",0,0,0,"b) NIE","b) NIE",3730
"699","https://fedrowanie.siecobywatelska.pl/sprawy/wnioski-o-informacje-w-2025-101","PĘCŁAW","samorząd gminy","gmina wiejska","Dolnośląskie","Głogowski","Pęcław","Dolnośląskie / Głogowski / Pęcław (0203052, gmina wiejska)",90,90,0,"N/A",0,0,0,"b) NIE","b) NIE",2100
"1759","https://fedrowanie.siecobywatelska.pl/sprawy/wnioski-o-informacje-w-2025-718","PĘCZNIEW","samorząd gminy","gmina wiejska","Łódzkie","Poddębicki","Pęczniew","Łódzkie / Poddębicki / Pęczniew (1011022, gmina wiejska)",65,65,1,"[B, F]",0,0,0,"b) NIE","b) NIE",3290
"1667","https://fedrowanie.siecobywatelska.pl/sprawy/wnioski-o-informacje-w-2025-2280","PĘPOWO","samorząd gminy","gmina wiejska","Wielkopolskie","Gostyński","Pępowo","Wielkopolskie / Gostyński / Pępowo (3004042, gmina wiejska)",79,79,0,"N/A",0,0,0,"b) NIE","b) NIE",5630
"2332","https://fedrowanie.siecobywatelska.pl/sprawy/wnioski-o-informacje-w-2025-1143","PIASECZNO","samorząd gminy","gmina miejsko-wiejska","Mazowieckie","Piaseczyński","Piaseczno","Mazowieckie / Piaseczyński / Piaseczno (1418043, gmina miejsko-wiejska)",409,"BD","BD","BD","BD","BD","BD","b) NIE","b) NIE",98410
"2023","https://fedrowanie.siecobywatelska.pl/sprawy/wnioski-o-informacje-w-2025-432","PIASKI","samorząd gminy","gmina miejsko-wiejska","Lubelskie","Świdnicki","Piaski","Lubelskie / Świdnicki / Piaski (0617033, gmina miejsko-wiejska)",86,86,0,"N/A",0,0,0,"b) NIE","b) NIE",10010
"2442","https://fedrowanie.siecobywatelska.pl/sprawy/wnioski-o-informacje-w-2025-2281","PIASKI","samorząd gminy","gmina wiejska","Wielkopolskie","Gostyński","Piaski","Wielkopolskie / Gostyński / Piaski (3004052, gmina wiejska)",95,77,3,"[a, c, e]",0,0,0,"b) NIE","a) TAK",8050
"2174","https://fedrowanie.siecobywatelska.pl/sprawy/wnioski-o-informacje-w-2025-1144","PIASTÓW","samorząd gminy","gmina miejska","Mazowieckie","Pruszkowski","Piastów","Mazowieckie / Pruszkowski / Piastów (1421011, gmina miejska)",98,93,5,"[b, d]",0,0,0,"b) NIE","b) NIE",22570
"1423","https://fedrowanie.siecobywatelska.pl/sprawy/wnioski-o-informacje-w-2025-719","PIĄTEK","samorząd gminy","gmina miejsko-wiejska","Łódzkie","Łęczycki","Piątek","Łódzkie / Łęczycki / Piątek (1004063, gmina miejsko-wiejska)",67,67,0,"N/A",0,0,0,"b) NIE","b) NIE",5430
"960","https://fedrowanie.siecobywatelska.pl/sprawy/wnioski-o-informacje-w-2025-102","PIECHOWICE","samorząd gminy","gmina miejska","Dolnośląskie","Karkonoski","Piechowice","Dolnośląskie / Karkonoski / Piechowice (0206031, gmina miejska)",148,"BD",1,"[b]",0,0,0,"b) NIE","b) NIE",5600
"332","https://fedrowanie.siecobywatelska.pl/sprawy/wnioski-o-informacje-w-2025-2109","PIECKI","samorząd gminy","gmina wiejska","Warmińsko-Mazurskie","Mrągowski","Piecki","Warmińsko-Mazurskie / Mrągowski / Piecki (2810042, gmina wiejska)",101,93,2,"[i]",0,0,0,"b) NIE","b) NIE",7040
"2024","https://fedrowanie.siecobywatelska.pl/sprawy/wnioski-o-informacje-w-2025-1856","Piekary Śląskie","samorząd gminy","miasto na prawach powiatu","Śląskie","Piekary Śląskie",,"Śląskie / Piekary Śląskie (2471, miasto na prawach powiatu)",290,"BD",0,"BD",0,0,0,"b) NIE","a) TAK",51030
"700","https://fedrowanie.siecobywatelska.pl/sprawy/wnioski-o-informacje-w-2025-103","PIELGRZYMKA","samorząd gminy","gmina wiejska","Dolnośląskie","Złotoryjski","Pielgrzymka","Dolnośląskie / Złotoryjski / Pielgrzymka (0226032, gmina wiejska)",57,57,0,"N/A",0,0,0,"b) NIE","b) NIE",4080
"701","https://fedrowanie.siecobywatelska.pl/sprawy/wnioski-o-informacje-w-2025-104","PIEŃSK","samorząd gminy","gmina miejsko-wiejska","Dolnośląskie","Zgorzelecki","Pieńsk","Dolnośląskie / Zgorzelecki / Pieńsk (0225043, gmina miejsko-wiejska)",148,147,1,"[e]",0,0,0,"b) NIE","b) NIE",8600
"2195","https://fedrowanie.siecobywatelska.pl/sprawy/wnioski-o-informacje-w-2025-1985","PIERZCHNICA","samorząd gminy","gmina miejsko-wiejska","Świętokrzyskie","Kielecki","Pierzchnica","Świętokrzyskie / Kielecki / Pierzchnica (2604153, gmina miejsko-wiejska)",88,88,0,"[a, c]",0,0,0,"b) NIE","b) NIE",4540
"724","https://fedrowanie.siecobywatelska.pl/sprawy/wnioski-o-informacje-w-2025-1857","PIETROWICE WIELKIE","samorząd gminy","gmina wiejska","Śląskie","Raciborski","Pietrowice Wielkie","Śląskie / Raciborski / Pietrowice Wielkie (2411072, gmina wiejska)",67,67,0,"N/A",0,0,0,"b) NIE","b) NIE",6500
"2334","https://fedrowanie.siecobywatelska.pl/sprawy/wnioski-o-informacje-w-2025-1145","PILAWA","samorząd gminy","gmina miejsko-wiejska","Mazowieckie","Garwoliński","Pilawa","Mazowieckie / Garwoliński / Pilawa (1403103, gmina miejsko-wiejska)",72,72,0,"N/A",0,0,0,"b) NIE","b) NIE",10550
"1668","https://fedrowanie.siecobywatelska.pl/sprawy/wnioski-o-informacje-w-2025-1858","PILCHOWICE","samorząd gminy","gmina wiejska","Śląskie","Gliwicki","Pilchowice","Śląskie / Gliwicki / Pilchowice (2405042, gmina wiejska)",87,86,0,"[a]",0,0,0,"b) NIE","b) NIE",12920
"2158","https://fedrowanie.siecobywatelska.pl/sprawy/wnioski-o-informacje-w-2025-1859","PILICA","samorząd gminy","gmina miejsko-wiejska","Śląskie","Zawierciański","Pilica","Śląskie / Zawierciański / Pilica (2416073, gmina miejsko-wiejska)",71,71,0,"N/A",0,0,0,"b) NIE","a) TAK",7810
"702","https://fedrowanie.siecobywatelska.pl/sprawy/wnioski-o-informacje-w-2025-1459","PILZNO","samorząd gminy","gmina miejsko-wiejska","Podkarpackie","Dębicki","Pilzno","Podkarpackie / Dębicki / Pilzno (1803063, gmina miejsko-wiejska)",80,80,0,"N/A",0,0,0,"b) NIE","b) NIE",18200
"2063","https://fedrowanie.siecobywatelska.pl/sprawy/wnioski-o-informacje-w-2025-2282","PIŁA","samorząd gminy","gmina miejska","Wielkopolskie","Pilski","Piła","Wielkopolskie / Pilski / Piła (3019011, gmina miejska)",157,87,0,"[a, b, c]",0,0,0,"b) NIE","a) TAK",68760
"63","https://fedrowanie.siecobywatelska.pl/sprawy/wnioski-o-informacje-w-2025-106","PIŁAWA GÓRNA","samorząd gminy","gmina miejska","Dolnośląskie","Dzierżoniowski","Piława Górna","Dolnośląskie / Dzierżoniowski / Piława Górna (0202041, gmina miejska)",83,82,0,"BD",0,0,0,"b) NIE","b) NIE",5750
"117","https://fedrowanie.siecobywatelska.pl/sprawy/wnioski-o-informacje-w-2025-1146","PIONKI","samorząd gminy","gmina miejska","Mazowieckie","Radomski","Pionki","Mazowieckie / Radomski / Pionki (1425011, gmina miejska)",96,94,2,"[g, i]",0,0,0,"b) NIE","b) NIE",15570
"704","https://fedrowanie.siecobywatelska.pl/sprawy/wnioski-o-informacje-w-2025-264","PIOTRKÓW KUJAWSKI","samorząd gminy","gmina miejsko-wiejska","Kujawsko-Pomorskie","Radziejowski","Piotrków Kujawski","Kujawsko-Pomorskie / Radziejowski / Piotrków Kujawski (0411053, gmina miejsko-wiejska)",61,61,0,"N/A",0,0,0,"b) NIE","b) NIE",8440
"166","https://fedrowanie.siecobywatelska.pl/sprawy/wnioski-o-informacje-w-2025-720","Piotrków Trybunalski","miasto na prawach powiatu","miasto na prawach powiatu","Łódzkie","Piotrków Trybunalski",,"Łódzkie / Piotrków Trybunalski (1062, miasto na prawach powiatu)",265,211,3,"[e]",0,1,0,"b) NIE","a) TAK",65440
"1311","https://fedrowanie.siecobywatelska.pl/sprawy/wnioski-o-informacje-w-2025-2111","PISZ","samorząd gminy","gmina miejsko-wiejska","Warmińsko-Mazurskie","Piski","Pisz","Warmińsko-Mazurskie / Piski / Pisz (2816033, gmina miejsko-wiejska)",121,119,1,"[f, g]",0,0,0,"b) NIE","b) NIE",25550
"961","https://fedrowanie.siecobywatelska.pl/sprawy/wnioski-o-informacje-w-2025-433","PISZCZAC","samorząd gminy","gmina miejsko-wiejska","Lubelskie","Bialski","Piszczac","Lubelskie / Bialski / Piszczac (0601113, gmina miejsko-wiejska)",12,12,0,"N/A",0,0,0,"b) NIE","b) NIE",6550
"334","https://fedrowanie.siecobywatelska.pl/sprawy/wnioski-o-informacje-w-2025-899","PIWNICZNA-ZDRÓJ","samorząd gminy","gmina miejsko-wiejska","Małopolskie","Nowosądecki","Piwniczna-Zdrój","Małopolskie / Nowosądecki / Piwniczna-Zdrój (1210133, gmina miejsko-wiejska)",82,82,0,"N/A",1,0,0,"b) NIE","b) NIE",9750
"705","https://fedrowanie.siecobywatelska.pl/sprawy/wnioski-o-informacje-w-2025-1148","PLATERÓW","samorząd gminy","gmina wiejska","Mazowieckie","Łosicki","Platerów","Mazowieckie / Łosicki / Platerów (1410042, gmina wiejska)",96,92,0,"N/A",0,0,0,"b) NIE","b) NIE",4300
"2430","https://fedrowanie.siecobywatelska.pl/sprawy/wnioski-o-informacje-w-2025-107","PLATERÓWKA","samorząd gminy","gmina wiejska","Dolnośląskie","Lubański","Platerówka","Dolnośląskie / Lubański / Platerówka (0210062, gmina wiejska)",56,56,0,"N/A",0,0,0,"b) NIE","b) NIE",1480
"962","https://fedrowanie.siecobywatelska.pl/sprawy/wnioski-o-informacje-w-2025-2283","PLESZEW","samorząd gminy","gmina miejsko-wiejska","Wielkopolskie","Pleszewski","Pleszew","Wielkopolskie / Pleszewski / Pleszew (3020063, gmina miejsko-wiejska)",93,"BD",1,"[i]",0,0,0,"b) NIE","b) NIE",28670
"1312","https://fedrowanie.siecobywatelska.pl/sprawy/wnioski-o-informacje-w-2025-900","PLEŚNA","samorząd gminy","gmina wiejska","Małopolskie","Tarnowski","Pleśna","Małopolskie / Tarnowski / Pleśna (1216042, gmina wiejska)",46,46,0,"N/A",0,0,0,"b) NIE","b) NIE",11730
"806","https://fedrowanie.siecobywatelska.pl/sprawy/wnioski-o-informacje-w-2025-1586","PŁASKA","samorząd gminy","gmina wiejska","Podlaskie","Augustowski","Płaska","Podlaskie / Augustowski / Płaska (2001062, gmina wiejska)",35,35,0,"N/A",1,0,0,"b) NIE","b) NIE",2290
"742","https://fedrowanie.siecobywatelska.pl/sprawy/wnioski-o-informacje-w-2025-1149","Płock","samorząd gminy","miasto na prawach powiatu","Mazowieckie","Płock",,"Mazowieckie / Płock (1462, miasto na prawach powiatu)",278,259,12,"[a, g]",0,0,4,"b) NIE","b) NIE",108770
"1313","https://fedrowanie.siecobywatelska.pl/sprawy/wnioski-o-informacje-w-2025-1150","PŁONIAWY-BRAMURA","samorząd gminy","gmina wiejska","Mazowieckie","Makowski","Płoniawy-Bramura","Mazowieckie / Makowski / Płoniawy-Bramura (1411062, gmina wiejska)",54,54,0,"N/A",0,0,0,"b) NIE","b) NIE",4690
"1895","https://fedrowanie.siecobywatelska.pl/sprawy/wnioski-o-informacje-w-2025-1152","PŁOŃSK","samorząd gminy","gmina wiejska","Mazowieckie","Płoński","Płońsk","Mazowieckie / Płoński / Płońsk (1420092, gmina wiejska)",84,84,0,"N/A",0,0,0,"b) NIE","b) NIE",8470
"1896","https://fedrowanie.siecobywatelska.pl/sprawy/wnioski-o-informacje-w-2025-2112","PŁOSKINIA","samorząd gminy","gmina wiejska","Warmińsko-Mazurskie","Braniewski","Płoskinia","Warmińsko-Mazurskie / Braniewski / Płoskinia (2802062, gmina wiejska)",56,56,0,"N/A",0,0,0,"b) NIE","b) NIE",2280
"1436","https://fedrowanie.siecobywatelska.pl/sprawy/wnioski-o-informacje-w-2025-2113","PŁOŚNICA","samorząd gminy","gmina wiejska","Warmińsko-Mazurskie","Działdowski","Płośnica","Warmińsko-Mazurskie / Działdowski / Płośnica (2803052, gmina wiejska)",55,55,0,"N/A",0,0,0,"b) NIE","b) NIE",4980
"963","https://fedrowanie.siecobywatelska.pl/sprawy/wnioski-o-informacje-w-2025-265","PŁUŻNICA","samorząd gminy","gmina wiejska","Kujawsko-Pomorskie","Wąbrzeski","Płużnica","Kujawsko-Pomorskie / Wąbrzeski / Płużnica (0417042, gmina wiejska)",70,70,0,"N/A",0,0,0,"b) NIE","b) NIE",4400
"119","https://fedrowanie.siecobywatelska.pl/sprawy/wnioski-o-informacje-w-2025-2284","PNIEWY","samorząd gminy","gmina miejsko-wiejska","Wielkopolskie","Szamotulski","Pniewy","Wielkopolskie / Szamotulski / Pniewy (3024063, gmina miejsko-wiejska)",73,67,0,"[a, b, c]",1,0,0,"b) NIE","a) TAK",12220
"707","https://fedrowanie.siecobywatelska.pl/sprawy/wnioski-o-informacje-w-2025-1153","PNIEWY","samorząd gminy","gmina wiejska","Mazowieckie","Grójecki","Pniewy","Mazowieckie / Grójecki / Pniewy (1406092, gmina wiejska)",75,70,1,"[f]",0,0,1,"b) NIE","b) NIE",4890
"221","https://fedrowanie.siecobywatelska.pl/sprawy/wnioski-o-informacje-w-2025-721","PODDĘBICE","samorząd gminy","gmina miejsko-wiejska","Łódzkie","Poddębicki","Poddębice","Łódzkie / Poddębicki / Poddębice (1011033, gmina miejsko-wiejska)",89,89,0,"N/A",0,0,0,"b) NIE","b) NIE",14280
"1606","https://fedrowanie.siecobywatelska.pl/sprawy/wnioski-o-informacje-w-2025-434","PODEDWÓRZE","samorząd gminy","gmina wiejska","Lubelskie","Parczewski","Podedwórze","Lubelskie / Parczewski / Podedwórze (0613052, gmina wiejska)",76,76,0,"N/A",0,0,0,"b) NIE","a) TAK",1430
"1314","https://fedrowanie.siecobywatelska.pl/sprawy/wnioski-o-informacje-w-2025-901","PODEGRODZIE","samorząd gminy","gmina wiejska","Małopolskie","Nowosądecki","Podegrodzie","Małopolskie / Nowosądecki / Podegrodzie (1210142, gmina wiejska)",93,91,1,"[a, i]",0,0,0,"b) NIE","b) NIE",13730
"336","https://fedrowanie.siecobywatelska.pl/sprawy/wnioski-o-informacje-w-2025-108","PODGÓRZYN","samorząd gminy","gmina wiejska","Dolnośląskie","Karkonoski","Podgórzyn","Dolnośląskie / Karkonoski / Podgórzyn (0206082, gmina wiejska)",125,121,2,"[a, b]",1,2,0,"b) NIE","b) NIE",8080
"2433","https://fedrowanie.siecobywatelska.pl/sprawy/wnioski-o-informacje-w-2025-1154","PODKOWA LEŚNA","samorząd gminy","gmina miejska","Mazowieckie","Grodziski","Podkowa Leśna","Mazowieckie / Grodziski / Podkowa Leśna (1405021, gmina miejska)",133,119,4,"[a, b]",0,0,0,"b) NIE","a) TAK",3710
"120","https://fedrowanie.siecobywatelska.pl/sprawy/wnioski-o-informacje-w-2025-109","POLANICA-ZDRÓJ","samorząd gminy","gmina miejska","Dolnośląskie","Kłodzki","Polanica-Zdrój","Dolnośląskie / Kłodzki / Polanica-Zdrój (0208051, gmina miejska)",87,85,2,"[f]",0,0,0,"b) NIE","b) NIE",5730
"59","https://fedrowanie.siecobywatelska.pl/sprawy/wnioski-o-informacje-w-2025-902","POLANKA WIELKA","samorząd gminy","gmina wiejska","Małopolskie","Oświęcimski","Polanka Wielka","Małopolskie / Oświęcimski / Polanka Wielka (1213072, gmina wiejska)",63,63,0,"N/A",0,0,0,"b) NIE","b) NIE",4300
"2026","https://fedrowanie.siecobywatelska.pl/sprawy/wnioski-o-informacje-w-2025-2435","POLANÓW","samorząd gminy","gmina miejsko-wiejska","Zachodniopomorskie","Koszaliński","Polanów","Zachodniopomorskie / Koszaliński / Polanów (3209063, gmina miejsko-wiejska)",126,125,1,"[a, g]",0,1,0,"b) NIE","b) NIE",7810
"1009","https://fedrowanie.siecobywatelska.pl/sprawy/wnioski-o-informacje-w-2025-2436","POLICE","samorząd gminy","gmina miejsko-wiejska","Zachodniopomorskie","Policki","Police","Zachodniopomorskie / Policki / Police (3211043, gmina miejsko-wiejska)",168,158,0,"[b, c, f]",1,0,0,"b) NIE","b) NIE",38600
"1315","https://fedrowanie.siecobywatelska.pl/sprawy/wnioski-o-informacje-w-2025-1156","POLICZNA","samorząd gminy","gmina wiejska","Mazowieckie","Zwoleński","Policzna","Mazowieckie / Zwoleński / Policzna (1436022, gmina wiejska)",16,16,0,"N/A",0,0,0,"b) NIE","b) NIE",5050
"1010","https://fedrowanie.siecobywatelska.pl/sprawy/wnioski-o-informacje-w-2025-110","POLKOWICE","samorząd gminy","gmina miejsko-wiejska","Dolnośląskie","Polkowicki","Polkowice","Dolnośląskie / Polkowicki / Polkowice (0216043, gmina miejsko-wiejska)",143,143,0,"[a, b, c]",0,0,0,"b) NIE","a) TAK",26550
"1316","https://fedrowanie.siecobywatelska.pl/sprawy/wnioski-o-informacje-w-2025-1331","POLSKACEREKIEW","samorząd gminy","gmina wiejska","Opolskie","Kędzierzyńsko-Kozielski","Polska Cerekiew","Opolskie / Kędzierzyńsko-Kozielski / Polska Cerekiew (1603052, gmina wiejska)",44,43,0,"[a]",0,0,0,"b) NIE","b) NIE",3680
"1038","https://fedrowanie.siecobywatelska.pl/sprawy/wnioski-o-informacje-w-2025-1987","POŁANIEC","samorząd gminy","gmina miejsko-wiejska","Świętokrzyskie","Staszowski","Połaniec","Świętokrzyskie / Staszowski / Połaniec (2612053, gmina miejsko-wiejska)",107,107,0,"N/A",0,0,0,"b) NIE","b) NIE",10770
"2335","https://fedrowanie.siecobywatelska.pl/sprawy/wnioski-o-informacje-w-2025-2437","POŁCZYN-ZDRÓJ","samorząd gminy","gmina miejsko-wiejska","Zachodniopomorskie","Świdwiński","Połczyn-Zdrój","Zachodniopomorskie / Świdwiński / Połczyn-Zdrój (3216033, gmina miejsko-wiejska)",95,92,3,"[i]",0,1,0,"b) NIE","b) NIE",13420
"1317","https://fedrowanie.siecobywatelska.pl/sprawy/wnioski-o-informacje-w-2025-1157","POMIECHÓWEK","samorząd gminy","gmina wiejska","Mazowieckie","Nowodworski","Pomiechówek","Mazowieckie / Nowodworski / Pomiechówek (1414052, gmina wiejska)",51,51,0,"N/A",0,0,0,"b) NIE","b) NIE",9240
"1432","https://fedrowanie.siecobywatelska.pl/sprawy/wnioski-o-informacje-w-2025-435","PONIATOWA","samorząd gminy","gmina miejsko-wiejska","Lubelskie","Opolski","Poniatowa","Lubelskie / Opolski / Poniatowa (0612063, gmina miejsko-wiejska)",77,77,0,"N/A",0,0,0,"b) NIE","b) NIE",12800
"2027","https://fedrowanie.siecobywatelska.pl/sprawy/wnioski-o-informacje-w-2025-2288","PONIEC","samorząd gminy","gmina miejsko-wiejska","Wielkopolskie","Gostyński","Poniec","Wielkopolskie / Gostyński / Poniec (3004073, gmina miejsko-wiejska)",43,43,0,"N/A",0,0,0,"b) NIE","b) NIE",7360
"1671","https://fedrowanie.siecobywatelska.pl/sprawy/wnioski-o-informacje-w-2025-1861","POPÓW","samorząd gminy","gmina wiejska","Śląskie","Kłobucki","Popów","Śląskie / Kłobucki / Popów (2406072, gmina wiejska)",77,77,0,"N/A",0,0,0,"b) NIE","b) NIE",5630
"738","https://fedrowanie.siecobywatelska.pl/sprawy/wnioski-o-informacje-w-2025-1862","PORAJ","samorząd gminy","gmina wiejska","Śląskie","Myszkowski","Poraj","Śląskie / Myszkowski / Poraj (2409042, gmina wiejska)",82,78,4,"[c, h]",0,0,0,"b) NIE","b) NIE",10370
"693","https://fedrowanie.siecobywatelska.pl/sprawy/wnioski-o-informacje-w-2025-1863","PORĄBKA","samorząd gminy","gmina wiejska","Śląskie","Bielski","Porąbka","Śląskie / Bielski / Porąbka (2402082, gmina wiejska)",101,82,1,"[a, c, f]",1,1,0,"b) NIE","b) NIE",15350
"2175","https://fedrowanie.siecobywatelska.pl/sprawy/wnioski-o-informacje-w-2025-1864","PORĘBA","samorząd gminy","gmina miejska","Śląskie","Zawierciański","Poręba","Śląskie / Zawierciański / Poręba (2416011, gmina miejska)",85,82,3,"[a, b, c]",0,0,0,"b) NIE","b) NIE",7950
"1011","https://fedrowanie.siecobywatelska.pl/sprawy/wnioski-o-informacje-w-2025-1587","POŚWIĘTNE","samorząd gminy","gmina wiejska","Podlaskie","Białostocki","Poświętne","Podlaskie / Białostocki / Poświętne (2002082, gmina wiejska)",32,32,0,"N/A",0,0,0,"b) NIE","b) NIE",3000
"1321","https://fedrowanie.siecobywatelska.pl/sprawy/wnioski-o-informacje-w-2025-722","POŚWIĘTNE","samorząd gminy","gmina wiejska","Łódzkie","Opoczyński","Poświętne","Łódzkie / Opoczyński / Poświętne (1007062, gmina wiejska)",87,84,0,"[a]",3,0,0,"b) NIE","b) NIE",2850
"1897","https://fedrowanie.siecobywatelska.pl/sprawy/wnioski-o-informacje-w-2025-1158","POŚWIĘTNE","samorząd gminy","gmina wiejska","Mazowieckie","Wołomiński","Poświętne","Mazowieckie / Wołomiński / Poświętne (1434082, gmina wiejska)",120,119,1,"[g]",0,1,0,"b) NIE","a) TAK",6590
"1322","https://fedrowanie.siecobywatelska.pl/sprawy/wnioski-o-informacje-w-2025-1703","POTĘGOWO","samorząd gminy","gmina wiejska","Pomorskie","Słupski","Potęgowo","Pomorskie / Słupski / Potęgowo (2212072, gmina wiejska)",102,101,1,"[f]",0,0,0,"b) NIE","b) NIE",6350
"404","https://fedrowanie.siecobywatelska.pl/sprawy/wnioski-o-informacje-w-2025-436","POTOK GÓRNY","samorząd gminy","gmina wiejska","Lubelskie","Biłgorajski","Potok Górny","Lubelskie / Biłgorajski / Potok Górny (0602112, gmina wiejska)",89,89,0,"N/A",0,0,0,"b) NIE","b) NIE",4840
"337","https://fedrowanie.siecobywatelska.pl/sprawy/wnioski-o-informacje-w-2025-437","POTOK WIELKI","samorząd gminy","gmina wiejska","Lubelskie","Janowski","Potok Wielki","Lubelskie / Janowski / Potok Wielki (0605072, gmina wiejska)",72,68,0,"N/A",0,0,0,"a) TAK","b) NIE",4400
"739","https://fedrowanie.siecobywatelska.pl/sprawy/wnioski-o-informacje-w-2025-1159","POTWORÓW","samorząd gminy","gmina wiejska","Mazowieckie","Przysuski","Potworów","Mazowieckie / Przysuski / Potworów (1423052, gmina wiejska)",33,33,0,"N/A",0,0,0,"b) NIE","b) NIE",3950
"1760","https://fedrowanie.siecobywatelska.pl/sprawy/wnioski-o-informacje-w-2025-2289","POWIDZ","samorząd gminy","gmina wiejska","Wielkopolskie","Słupecki","Powidz","Wielkopolskie / Słupecki / Powidz (3023052, gmina wiejska)",31,31,0,"N/A",0,0,0,"b) NIE","b) NIE",2210
"1672","https://fedrowanie.siecobywatelska.pl/sprawy/wnioski-o-informacje-w-2025-2114","POZEZDRZE","samorząd gminy","gmina wiejska","Warmińsko-Mazurskie","Węgorzewski","Pozezdrze","Warmińsko-Mazurskie / Węgorzewski / Pozezdrze (2819022, gmina wiejska)",78,75,1,"[a, i]",0,0,0,"b) NIE","a) TAK",2910
"744","https://fedrowanie.siecobywatelska.pl/sprawy/wnioski-o-informacje-w-2025-2290","Poznań","samorząd gminy","miasto na prawach powiatu","Wielkopolskie","Poznań",,"Wielkopolskie / Poznań (3064, miasto na prawach powiatu)",1419,1419,25,"[a, f, g]",6,14,0,"a) TAK","a) TAK",534240
"544","https://fedrowanie.siecobywatelska.pl/sprawy/wnioski-o-informacje-w-2025-1160","PRAŻMÓW","samorząd gminy","gmina wiejska","Mazowieckie","Piaseczyński","Prażmów","Mazowieckie / Piaseczyński / Prażmów (1418052, gmina wiejska)",125,125,0,"N/A","BD","BD",0,"b) NIE","b) NIE",13970
"745","https://fedrowanie.siecobywatelska.pl/sprawy/wnioski-o-informacje-w-2025-111","PROCHOWICE","samorząd gminy","gmina miejsko-wiejska","Dolnośląskie","Legnicki","Prochowice","Dolnośląskie / Legnicki / Prochowice (0209073, gmina miejsko-wiejska)",39,39,0,"N/A",0,0,0,"b) NIE","b) NIE",7020
"1898","https://fedrowanie.siecobywatelska.pl/sprawy/wnioski-o-informacje-w-2025-1161","PROMNA","samorząd gminy","gmina wiejska","Mazowieckie","Białobrzeski","Promna","Mazowieckie / Białobrzeski / Promna (1401022, gmina wiejska)",60,59,1,"[f]",0,0,0,"b) NIE","b) NIE",5400
"750","https://fedrowanie.siecobywatelska.pl/sprawy/wnioski-o-informacje-w-2025-2115","PROSTKI","samorząd gminy","gmina wiejska","Warmińsko-Mazurskie","Ełcki","Prostki","Warmińsko-Mazurskie / Ełcki / Prostki (2805042, gmina wiejska)",56,54,0,"[c, h]",0,0,0,"b) NIE","b) NIE",6580
"621","https://fedrowanie.siecobywatelska.pl/sprawy/wnioski-o-informacje-w-2025-1334","PRÓSZKÓW","samorząd gminy","gmina miejsko-wiejska","Opolskie","Opolski","Prószków","Opolskie / Opolski / Prószków (1609103, gmina miejsko-wiejska)",84,81,1,"[c, f, g]",0,0,0,"b) NIE","a) TAK",9050
"1899","https://fedrowanie.siecobywatelska.pl/sprawy/wnioski-o-informacje-w-2025-1460","PRUCHNIK","samorząd gminy","gmina miejsko-wiejska","Podkarpackie","Jarosławski","Pruchnik","Podkarpackie / Jarosławski / Pruchnik (1804073, gmina miejsko-wiejska)",39,39,0,"N/A",0,0,0,"b) NIE","b) NIE",9190
"2480","https://fedrowanie.siecobywatelska.pl/sprawy/wnioski-o-informacje-w-2025-1335","PRUDNIK","samorząd gminy","gmina miejsko-wiejska","Opolskie","Prudnicki","Prudnik","Opolskie / Prudnicki / Prudnik (1610043, gmina miejsko-wiejska)",113,104,2,"[A, B, C]",0,1,0,"b) NIE","b) NIE",24300
"751","https://fedrowanie.siecobywatelska.pl/sprawy/wnioski-o-informacje-w-2025-112","PRUSICE","samorząd gminy","gmina miejsko-wiejska","Dolnośląskie","Trzebnicki","Prusice","Dolnośląskie / Trzebnicki / Prusice (0220023, gmina miejsko-wiejska)",85,79,2,"[a, f, g]",1,1,2,"b) NIE","b) NIE",9250
"752","https://fedrowanie.siecobywatelska.pl/sprawy/wnioski-o-informacje-w-2025-266","PRUSZCZ","samorząd gminy","gmina miejsko-wiejska","Kujawsko-Pomorskie","Świecki","Pruszcz","Kujawsko-Pomorskie / Świecki / Pruszcz (0414083, gmina miejsko-wiejska)",90,90,0,"N/A",1,0,0,"a) TAK","b) NIE",9120
"2336","https://fedrowanie.siecobywatelska.pl/sprawy/wnioski-o-informacje-w-2025-1705","PRUSZCZ GDAŃSKI","samorząd gminy","gmina miejska","Pomorskie","Gdański","Pruszcz Gdański","Pomorskie / Gdański / Pruszcz Gdański (2204011, gmina miejska)",151,151,0,"N/A",0,0,0,"a) TAK","b) NIE",32340
"741","https://fedrowanie.siecobywatelska.pl/sprawy/wnioski-o-informacje-w-2025-1162","PRUSZKÓW","samorząd gminy","gmina miejska","Mazowieckie","Pruszkowski","Pruszków","Mazowieckie / Pruszkowski / Pruszków (1421021, gmina miejska)",269,191,7,"[a, b, c]",0,0,0,"b) NIE","b) NIE",65940
"1324","https://fedrowanie.siecobywatelska.pl/sprawy/wnioski-o-informacje-w-2025-1164","PRZASNYSZ","samorząd gminy","gmina wiejska","Mazowieckie","Przasnyski","Przasnysz","Mazowieckie / Przasnyski / Przasnysz (1422072, gmina wiejska)",56,56,0,"N/A",0,0,0,"b) NIE","b) NIE",6770
"2176","https://fedrowanie.siecobywatelska.pl/sprawy/wnioski-o-informacje-w-2025-1163","PRZASNYSZ","samorząd gminy","gmina miejska","Mazowieckie","Przasnyski","Przasnysz","Mazowieckie / Przasnyski / Przasnysz (1422011, gmina miejska)","BD","BD",0,"N/A",0,0,0,"b) NIE","b) NIE",16080
"1325","https://fedrowanie.siecobywatelska.pl/sprawy/wnioski-o-informacje-w-2025-1707","PRZECHLEWO","samorząd gminy","gmina wiejska","Pomorskie","Człuchowski","Przechlewo","Pomorskie / Człuchowski / Przechlewo (2203062, gmina wiejska)",33,33,0,"N/A",1,0,0,"b) NIE","b) NIE",5680
"1326","https://fedrowanie.siecobywatelska.pl/sprawy/wnioski-o-informacje-w-2025-905","PRZECISZÓW","samorząd gminy","gmina wiejska","Małopolskie","Oświęcimski","Przeciszów","Małopolskie / Oświęcimski / Przeciszów (1213082, gmina wiejska)",75,75,0,"N/A",0,0,0,"b) NIE","b) NIE",6250
"753","https://fedrowanie.siecobywatelska.pl/sprawy/wnioski-o-informacje-w-2025-1461","PRZECŁAW","samorząd gminy","gmina miejsko-wiejska","Podkarpackie","Mielecki","Przecław","Podkarpackie / Mielecki / Przecław (1811073, gmina miejsko-wiejska)",78,75,1,"[f]",0,0,0,"b) NIE","a) TAK",12050
"2177","https://fedrowanie.siecobywatelska.pl/sprawy/wnioski-o-informacje-w-2025-723","PRZEDBÓRZ","samorząd gminy","gmina miejsko-wiejska","Łódzkie","Radomszczański","Przedbórz","Łódzkie / Radomszczański / Przedbórz (1012113, gmina miejsko-wiejska)",81,81,0,"[d]",0,0,0,"b) NIE","b) NIE",6320
"338","https://fedrowanie.siecobywatelska.pl/sprawy/wnioski-o-informacje-w-2025-2439","PRZELEWICE","samorząd gminy","gmina wiejska","Zachodniopomorskie","Pyrzycki","Przelewice","Zachodniopomorskie / Pyrzycki / Przelewice (3212042, gmina wiejska)",93,93,0,"N/A",1,0,0,"b) NIE","b) NIE",4380
"1327","https://fedrowanie.siecobywatelska.pl/sprawy/wnioski-o-informacje-w-2025-2292","PRZEMĘT","samorząd gminy","gmina wiejska","Wielkopolskie","Wolsztyński","Przemęt","Wielkopolskie / Wolsztyński / Przemęt (3029012, gmina wiejska)",100,97,2,"[c, i]",0,0,2,"b) NIE","b) NIE",13870
"1175","https://fedrowanie.siecobywatelska.pl/sprawy/wnioski-o-informacje-w-2025-1462","PRZEMYŚL","samorząd gminy","gmina wiejska","Podkarpackie","Przemyski","Przemyśl","Podkarpackie / Przemyski / Przemyśl (1813082, gmina wiejska)",76,75,0,"[e]",0,0,0,"b) NIE","a) TAK",10630
"550","https://fedrowanie.siecobywatelska.pl/sprawy/wnioski-o-informacje-w-2025-1463","Przemyśl","miasto na prawach powiatu","miasto na prawach powiatu","Podkarpackie","Przemyśl",,"Podkarpackie / Przemyśl (1862, miasto na prawach powiatu)",148,121,2,"[a, b, h]",1,1,0,"b) NIE","b) NIE",54350
"1761","https://fedrowanie.siecobywatelska.pl/sprawy/wnioski-o-informacje-w-2025-1588","PRZEROŚL","samorząd gminy","gmina wiejska","Podlaskie","Suwalski","Przerośl","Podlaskie / Suwalski / Przerośl (2012042, gmina wiejska)",55,55,0,"N/A",0,0,0,"b) NIE","a) TAK",2670
"1900","https://fedrowanie.siecobywatelska.pl/sprawy/wnioski-o-informacje-w-2025-1165","PRZESMYKI","samorząd gminy","gmina wiejska","Mazowieckie","Siedlecki","Przesmyki","Mazowieckie / Siedlecki / Przesmyki (1426072, gmina wiejska)",78,76,1,"[a]",0,0,0,"b) NIE","b) NIE",2700
"966","https://fedrowanie.siecobywatelska.pl/sprawy/wnioski-o-informacje-w-2025-114","PRZEWORNO","samorząd gminy","gmina wiejska","Dolnośląskie","Strzeliński","Przeworno","Dolnośląskie / Strzeliński / Przeworno (0217032, gmina wiejska)",84,84,0,"[f]",0,0,0,"b) NIE","b) NIE",4390
"484","https://fedrowanie.siecobywatelska.pl/sprawy/wnioski-o-informacje-w-2025-1464","PRZEWORSK","samorząd gminy","gmina miejska","Podkarpackie","Przeworski","Przeworsk","Podkarpackie / Przeworski / Przeworsk (1814011, gmina miejska)",77,"BD","BD","BD",0,0,0,"b) NIE","a) TAK",14350
"967","https://fedrowanie.siecobywatelska.pl/sprawy/wnioski-o-informacje-w-2025-1465","PRZEWORSK","samorząd gminy","gmina wiejska","Podkarpackie","Przeworski","Przeworsk","Podkarpackie / Przeworski / Przeworsk (1814062, gmina wiejska)",61,58,0,"N/A",0,0,0,"b) NIE","b) NIE",14410
"968","https://fedrowanie.siecobywatelska.pl/sprawy/wnioski-o-informacje-w-2025-2440","PRZYBIERNÓW","samorząd gminy","gmina wiejska","Zachodniopomorskie","Goleniowski","Przybiernów","Zachodniopomorskie / Goleniowski / Przybiernów (3204062, gmina wiejska)",76,76,0,"[a, b]",0,0,0,"b) NIE","b) NIE",4800
"1328","https://fedrowanie.siecobywatelska.pl/sprawy/wnioski-o-informacje-w-2025-2293","PRZYGODZICE","samorząd gminy","gmina wiejska","Wielkopolskie","Ostrowski","Przygodzice","Wielkopolskie / Ostrowski / Przygodzice (3017052, gmina wiejska)",52,50,2,"[a]",0,0,0,"b) NIE","b) NIE",12420
"755","https://fedrowanie.siecobywatelska.pl/sprawy/wnioski-o-informacje-w-2025-2294","PRZYKONA","samorząd gminy","gmina wiejska","Wielkopolskie","Turecki","Przykona","Wielkopolskie / Turecki / Przykona (3027062, gmina wiejska)",62,60,2,"[a, h]",0,0,0,"b) NIE","b) NIE",4610
"756","https://fedrowanie.siecobywatelska.pl/sprawy/wnioski-o-informacje-w-2025-1166","PRZYŁĘK","samorząd gminy","gmina wiejska","Mazowieckie","Zwoleński","Przyłęk","Mazowieckie / Zwoleński / Przyłęk (1436032, gmina wiejska)",48,48,0,"N/A",0,0,0,"b) NIE","b) NIE",5690
"757","https://fedrowanie.siecobywatelska.pl/sprawy/wnioski-o-informacje-w-2025-1865","PRZYRÓW","samorząd gminy","gmina miejsko-wiejska","Śląskie","Częstochowski","Przyrów","Śląskie / Częstochowski / Przyrów (2404143, gmina miejsko-wiejska)",92,92,0,"N/A",0,0,"BD","b) NIE","b) NIE",3460
"1607","https://fedrowanie.siecobywatelska.pl/sprawy/wnioski-o-informacje-w-2025-1866","PRZYSTAJŃ","samorząd gminy","gmina wiejska","Śląskie","Kłobucki","Przystajń","Śląskie / Kłobucki / Przystajń (2406082, gmina wiejska)",75,74,1,"[b, d]",0,1,0,"b) NIE","b) NIE",5630
"969","https://fedrowanie.siecobywatelska.pl/sprawy/wnioski-o-informacje-w-2025-1167","PRZYSUCHA","samorząd gminy","gmina miejsko-wiejska","Mazowieckie","Przysuski","Przysucha","Mazowieckie / Przysuski / Przysucha (1423063, gmina miejsko-wiejska)",101,99,0,"[f, i]",2,2,0,"b) NIE","b) NIE",10520
"1673","https://fedrowanie.siecobywatelska.pl/sprawy/wnioski-o-informacje-w-2025-574","PRZYTOCZNA","samorząd gminy","gmina wiejska","Lubuskie","Międzyrzecki","Przytoczna","Lubuskie / Międzyrzecki / Przytoczna (0803032, gmina wiejska)",111,108,3,"[f]",0,0,0,"b) NIE","b) NIE",5160
"339","https://fedrowanie.siecobywatelska.pl/sprawy/wnioski-o-informacje-w-2025-1589","PRZYTUŁY","samorząd gminy","gmina wiejska","Podlaskie","Łomżyński","Przytuły","Podlaskie / Łomżyński / Przytuły (2007062, gmina wiejska)",69,66,3,"[f, g]",0,0,0,"b) NIE","a) TAK",1880
"758","https://fedrowanie.siecobywatelska.pl/sprawy/wnioski-o-informacje-w-2025-1168","PRZYTYK","samorząd gminy","gmina miejsko-wiejska","Mazowieckie","Radomski","Przytyk","Mazowieckie / Radomski / Przytyk (1425093, gmina miejsko-wiejska)",99,72,0,"[a, b, c]",0,0,0,"b) NIE","a) TAK",7040
"2337","https://fedrowanie.siecobywatelska.pl/sprawy/wnioski-o-informacje-w-2025-1867","PSARY","samorząd gminy","gmina wiejska","Śląskie","Będziński","Psary","Śląskie / Będziński / Psary (2401062, gmina wiejska)",175,"BD","BD","[f, g, h]","BD","BD",0,"b) NIE","b) NIE",12370
"1674","https://fedrowanie.siecobywatelska.pl/sprawy/wnioski-o-informacje-w-2025-575","PSZCZEW","samorząd gminy","gmina wiejska","Lubuskie","Międzyrzecki","Pszczew","Lubuskie / Międzyrzecki / Pszczew (0803042, gmina wiejska)",96,96,0,"N/A",1,0,0,"b) NIE","b) NIE",4110
"2338","https://fedrowanie.siecobywatelska.pl/sprawy/wnioski-o-informacje-w-2025-1710","PSZCZÓŁKI","samorząd gminy","gmina wiejska","Pomorskie","Gdański","Pszczółki","Pomorskie / Gdański / Pszczółki (2204062, gmina wiejska)",101,100,0,"[f]",0,0,0,"b) NIE","b) NIE",11560
"144","https://fedrowanie.siecobywatelska.pl/sprawy/wnioski-o-informacje-w-2025-1868","PSZCZYNA","samorząd gminy","gmina miejsko-wiejska","Śląskie","Pszczyński","Pszczyna","Śląskie / Pszczyński / Pszczyna (2410053, gmina miejsko-wiejska)",153,125,3,"[a, b, c]",1,0,0,"b) NIE","a) TAK",52520
"2339","https://fedrowanie.siecobywatelska.pl/sprawy/wnioski-o-informacje-w-2025-1869","PSZÓW","samorząd gminy","gmina miejska","Śląskie","Wodzisławski","Pszów","Śląskie / Wodzisławski / Pszów (2415011, gmina miejska)",115,113,2,"[c, e]",0,0,0,"b) NIE","b) NIE",12770
"759","https://fedrowanie.siecobywatelska.pl/sprawy/wnioski-o-informacje-w-2025-438","PUCHACZÓW","samorząd gminy","gmina wiejska","Lubelskie","Łęczyński","Puchaczów","Lubelskie / Łęczyński / Puchaczów (0610052, gmina wiejska)",71,71,0,"N/A",0,0,0,"b) NIE","b) NIE",5570
"650","https://fedrowanie.siecobywatelska.pl/sprawy/wnioski-o-informacje-w-2025-1711","PUCK","samorząd gminy","gmina miejska","Pomorskie","Pucki","Puck","Pomorskie / Pucki / Puck (2211031, gmina miejska)",85,72,1,"[a, c]",0,0,0,"b) NIE","a) TAK",10230
"1537","https://fedrowanie.siecobywatelska.pl/sprawy/wnioski-o-informacje-w-2025-440","PUŁAWY","samorząd gminy","gmina wiejska","Lubelskie","Puławski","Puławy","Lubelskie / Puławski / Puławy (0614092, gmina wiejska)",87,86,0,"[a]",0,0,0,"b) NIE","b) NIE",12190
"2064","https://fedrowanie.siecobywatelska.pl/sprawy/wnioski-o-informacje-w-2025-439","PUŁAWY","samorząd gminy","gmina miejska","Lubelskie","Puławski","Puławy","Lubelskie / Puławski / Puławy (0614011, gmina miejska)",107,88,0,"[a, c]",0,0,0,"b) NIE","a) TAK",43000
"2029","https://fedrowanie.siecobywatelska.pl/sprawy/wnioski-o-informacje-w-2025-1169","PUŁTUSK","samorząd gminy","gmina miejsko-wiejska","Mazowieckie","Pułtuski","Pułtusk","Mazowieckie / Pułtuski / Pułtusk (1424043, gmina miejsko-wiejska)",146,133,9,"[a, b, c]",0,3,0,"b) NIE","b) NIE",23980
"1762","https://fedrowanie.siecobywatelska.pl/sprawy/wnioski-o-informacje-w-2025-1590","PUŃSK","samorząd gminy","gmina wiejska","Podlaskie","Sejneński","Puńsk","Podlaskie / Sejneński / Puńsk (2009042, gmina wiejska)",63,57,0,"[i]",0,0,0,"b) NIE","a) TAK",3870
"2340","https://fedrowanie.siecobywatelska.pl/sprawy/wnioski-o-informacje-w-2025-1170","PUSZCZA MARIAŃSKA","samorząd gminy","gmina wiejska","Mazowieckie","Żyrardowski","Puszcza Mariańska","Mazowieckie / Żyrardowski / Puszcza Mariańska (1438032, gmina wiejska)",80,80,0,"N/A",0,0,0,"b) NIE","b) NIE",8810
"2030","https://fedrowanie.siecobywatelska.pl/sprawy/wnioski-o-informacje-w-2025-2295","PUSZCZYKOWO","samorząd gminy","gmina miejska","Wielkopolskie","Poznański","Puszczykowo","Wielkopolskie / Poznański / Puszczykowo (3021021, gmina miejska)",114,114,0,"[a]",1,0,0,"b) NIE","b) NIE",9160
"970","https://fedrowanie.siecobywatelska.pl/sprawy/wnioski-o-informacje-w-2025-2441","PYRZYCE","samorząd gminy","gmina miejsko-wiejska","Zachodniopomorskie","Pyrzycki","Pyrzyce","Zachodniopomorskie / Pyrzycki / Pyrzyce (3212053, gmina miejsko-wiejska)",115,115,0,"N/A",0,0,0,"b) NIE","b) NIE",17790
"485","https://fedrowanie.siecobywatelska.pl/sprawy/wnioski-o-informacje-w-2025-1870","PYSKOWICE","samorząd gminy","gmina miejska","Śląskie","Gliwicki","Pyskowice","Śląskie / Gliwicki / Pyskowice (2405021, gmina miejska)",151,126,1,"[a, c, f]",0,0,0,"b) NIE","b) NIE",17160
"1676","https://fedrowanie.siecobywatelska.pl/sprawy/wnioski-o-informacje-w-2025-1466","PYSZNICA","samorząd gminy","gmina wiejska","Podkarpackie","Stalowowolski","Pysznica","Podkarpackie / Stalowowolski / Pysznica (1818032, gmina wiejska)",83,79,1,"[a, c]",1,1,0,"b) NIE","a) TAK",12120
"340","https://fedrowanie.siecobywatelska.pl/sprawy/wnioski-o-informacje-w-2025-2296","PYZDRY","samorząd gminy","gmina miejsko-wiejska","Wielkopolskie","Wrzesiński","Pyzdry","Wielkopolskie / Wrzesiński / Pyzdry (3030043, gmina miejsko-wiejska)",71,71,0,"N/A",0,0,0,"b) NIE","b) NIE",6420
"1486","https://fedrowanie.siecobywatelska.pl/sprawy/wnioski-o-informacje-w-2025-906","RABA WYŻNA","samorząd gminy","gmina wiejska","Małopolskie","Nowotarski","Raba Wyżna","Małopolskie / Nowotarski / Raba Wyżna (1211112, gmina wiejska)",100,100,0,"N/A",0,0,0,"b) NIE","b) NIE",14380
"2341","https://fedrowanie.siecobywatelska.pl/sprawy/wnioski-o-informacje-w-2025-907","RABKA-ZDRÓJ","samorząd gminy","gmina miejsko-wiejska","Małopolskie","Nowotarski","Rabka-Zdrój","Małopolskie / Nowotarski / Rabka-Zdrój (1211123, gmina miejsko-wiejska)",136,136,0,"N/A",0,0,0,"b) NIE","b) NIE",16390
"2467","https://fedrowanie.siecobywatelska.pl/sprawy/wnioski-o-informacje-w-2025-1172","RACIĄŻ","samorząd gminy","gmina wiejska","Mazowieckie","Płoński","Raciąż","Mazowieckie / Płoński / Raciąż (1420102, gmina wiejska)",76,75,0,"[i]",0,0,0,"b) NIE","b) NIE",7620
"938","https://fedrowanie.siecobywatelska.pl/sprawy/wnioski-o-informacje-w-2025-1171","RACIĄŻ","samorząd gminy","gmina miejska","Mazowieckie","Płoński","Raciąż","Mazowieckie / Płoński / Raciąż (1420021, gmina miejska)",37,"BD",0,"N/A",0,0,0,"b) NIE","b) NIE",3870
"1074","https://fedrowanie.siecobywatelska.pl/sprawy/wnioski-o-informacje-w-2025-267","RACIĄŻEK","samorząd gminy","gmina wiejska","Kujawsko-Pomorskie","Aleksandrowski","Raciążek","Kujawsko-Pomorskie / Aleksandrowski / Raciążek (0401072, gmina wiejska)",99,96,3,"[e]",2,3,0,"b) NIE","b) NIE",3090
"84","https://fedrowanie.siecobywatelska.pl/sprawy/wnioski-o-informacje-w-2025-1871","RACIBÓRZ","samorząd gminy","gmina miejska","Śląskie","Raciborski","Racibórz","Śląskie / Raciborski / Racibórz (2411011, gmina miejska)",149,147,2,"[a, f]",1,1,0,"b) NIE","b) NIE",48750
"2472","https://fedrowanie.siecobywatelska.pl/sprawy/wnioski-o-informacje-w-2025-908","RACIECHOWICE","samorząd gminy","gmina wiejska","Małopolskie","Myślenicki","Raciechowice","Małopolskie / Myślenicki / Raciechowice (1209052, gmina wiejska)",102,102,0,"N/A",0,0,0,"b) NIE","a) TAK",6460
"1330","https://fedrowanie.siecobywatelska.pl/sprawy/wnioski-o-informacje-w-2025-1591","RACZKI","samorząd gminy","gmina wiejska","Podlaskie","Suwalski","Raczki","Podlaskie / Suwalski / Raczki (2012052, gmina wiejska)",98,96,2,"[i]",0,0,0,"b) NIE","b) NIE",5590
"761","https://fedrowanie.siecobywatelska.pl/sprawy/wnioski-o-informacje-w-2025-442","RADECZNICA","samorząd gminy","gmina wiejska","Lubelskie","Zamojski","Radecznica","Lubelskie / Zamojski / Radecznica (0620082, gmina wiejska)",100,100,0,"N/A",0,0,0,"b) NIE","b) NIE",4890
"2342","https://fedrowanie.siecobywatelska.pl/sprawy/wnioski-o-informacje-w-2025-910","RADGOSZCZ","samorząd gminy","gmina wiejska","Małopolskie","Dąbrowski","Radgoszcz","Małopolskie / Dąbrowski / Radgoszcz (1204062, gmina wiejska)",87,87,1,"[f]",0,0,0,"b) NIE","a) TAK",7370
"2146","https://fedrowanie.siecobywatelska.pl/sprawy/wnioski-o-informacje-w-2025-115","RADKÓW","samorząd gminy","gmina miejsko-wiejska","Dolnośląskie","Kłodzki","Radków","Dolnośląskie / Kłodzki / Radków (0208123, gmina miejsko-wiejska)",102,94,0,"[c, i]",0,0,0,"b) NIE","b) NIE",8260
"762","https://fedrowanie.siecobywatelska.pl/sprawy/wnioski-o-informacje-w-2025-1988","RADKÓW","samorząd gminy","gmina wiejska","Świętokrzyskie","Włoszczowski","Radków","Świętokrzyskie / Włoszczowski / Radków (2613042, gmina wiejska)",54,54,0,"N/A",0,0,0,"b) NIE","b) NIE",2240
"486","https://fedrowanie.siecobywatelska.pl/sprawy/wnioski-o-informacje-w-2025-1872","RADLIN","samorząd gminy","gmina miejska","Śląskie","Wodzisławski","Radlin","Śląskie / Wodzisławski / Radlin (2415021, gmina miejska)",86,86,0,"N/A",0,0,0,"b) NIE","b) NIE",16590
"1677","https://fedrowanie.siecobywatelska.pl/sprawy/wnioski-o-informacje-w-2025-1336","RADŁÓW","samorząd gminy","gmina wiejska","Opolskie","Oleski","Radłów","Opolskie / Oleski / Radłów (1608052, gmina wiejska)",63,63,0,"N/A",0,0,0,"b) NIE","b) NIE",3950
"93","https://fedrowanie.siecobywatelska.pl/sprawy/wnioski-o-informacje-w-2025-1173","Radom","miasto na prawach powiatu","miasto na prawach powiatu","Mazowieckie","Radom",,"Mazowieckie / Radom (1463, miasto na prawach powiatu)",286,"BD",0,"BD","BD","BD","BD","b) NIE","a) TAK",191820
"1424","https://fedrowanie.siecobywatelska.pl/sprawy/wnioski-o-informacje-w-2025-268","RADOMIN","samorząd gminy","gmina wiejska","Kujawsko-Pomorskie","Golubsko-Dobrzyński","Radomin","Kujawsko-Pomorskie / Golubsko-Dobrzyński / Radomin (0405052, gmina wiejska)",52,52,0,"N/A",1,0,0,"b) NIE","b) NIE",3920
"164","https://fedrowanie.siecobywatelska.pl/sprawy/wnioski-o-informacje-w-2025-725","RADOMSKO","samorząd gminy","gmina wiejska","Łódzkie","Radomszczański","Radomsko","Łódzkie / Radomszczański / Radomsko (1012122, gmina wiejska)",82,81,1,"[f]",0,0,0,"b) NIE","b) NIE",5390
"2031","https://fedrowanie.siecobywatelska.pl/sprawy/wnioski-o-informacje-w-2025-724","RADOMSKO","samorząd gminy","gmina miejska","Łódzkie","Radomszczański","Radomsko","Łódzkie / Radomszczański / Radomsko (1012011, gmina miejska)",179,179,0,"[a, b, c]","BD","BD",0,"b) NIE","b) NIE",41910
"972","https://fedrowanie.siecobywatelska.pl/sprawy/wnioski-o-informacje-w-2025-1468","RADOMYŚL WIELKI","samorząd gminy","gmina miejsko-wiejska","Podkarpackie","Mielecki","Radomyśl Wielki","Podkarpackie / Mielecki / Radomyśl Wielki (1811083, gmina miejsko-wiejska)",79,79,0,"N/A",0,0,0,"b) NIE","a) TAK",14230
"341","https://fedrowanie.siecobywatelska.pl/sprawy/wnioski-o-informacje-w-2025-1989","RADOSZYCE","samorząd gminy","gmina miejsko-wiejska","Świętokrzyskie","Konecki","Radoszyce","Świętokrzyskie / Konecki / Radoszyce (2605043, gmina miejsko-wiejska)",80,80,0,"N/A",0,0,0,"b) NIE","b) NIE",7930
"1678","https://fedrowanie.siecobywatelska.pl/sprawy/wnioski-o-informacje-w-2025-2442","RADOWO MAŁE","samorząd gminy","gmina wiejska","Zachodniopomorskie","Łobeski","Radowo Małe","Zachodniopomorskie / Łobeski / Radowo Małe (3218032, gmina wiejska)",57,57,0,"N/A",0,0,0,"b) NIE","b) NIE",3130
"763","https://fedrowanie.siecobywatelska.pl/sprawy/wnioski-o-informacje-w-2025-116","RADWANICE","samorząd gminy","gmina wiejska","Dolnośląskie","Polkowicki","Radwanice","Dolnośląskie / Polkowicki / Radwanice (0216062, gmina wiejska)",89,84,2,"[c, f]",0,0,0,"b) NIE","b) NIE",5210
"764","https://fedrowanie.siecobywatelska.pl/sprawy/wnioski-o-informacje-w-2025-1469","RADYMNO","samorząd gminy","gmina miejska","Podkarpackie","Jarosławski","Radymno","Podkarpackie / Jarosławski / Radymno (1804021, gmina miejska)",81,81,0,"N/A",0,0,0,"b) NIE","b) NIE",4810
"1904","https://fedrowanie.siecobywatelska.pl/sprawy/wnioski-o-informacje-w-2025-1176","RADZANÓW","samorząd gminy","gmina wiejska","Mazowieckie","Mławski","Radzanów","Mazowieckie / Mławski / Radzanów (1413042, gmina wiejska)",75,75,0,"N/A",0,0,1,"b) NIE","b) NIE",2830
"342","https://fedrowanie.siecobywatelska.pl/sprawy/wnioski-o-informacje-w-2025-1175","RADZANÓW","samorząd gminy","gmina wiejska","Mazowieckie","Białobrzeski","Radzanów","Mazowieckie / Białobrzeski / Radzanów (1401032, gmina wiejska)",103,102,1,"[f]",0,0,0,"b) NIE","a) TAK",3770
"1679","https://fedrowanie.siecobywatelska.pl/sprawy/wnioski-o-informacje-w-2025-1873","RADZIECHOWY-WIEPRZ","samorząd gminy","gmina wiejska","Śląskie","Żywiecki","Radziechowy-Wieprz","Śląskie / Żywiecki / Radziechowy-Wieprz (2417102, gmina wiejska)",100,94,0,"[c, f]",1,0,0,"b) NIE","b) NIE",12840
"2343","https://fedrowanie.siecobywatelska.pl/sprawy/wnioski-o-informacje-w-2025-1177","RADZIEJOWICE","samorząd gminy","gmina wiejska","Mazowieckie","Żyrardowski","Radziejowice","Mazowieckie / Żyrardowski / Radziejowice (1438042, gmina wiejska)",113,113,0,"N/A",0,0,0,"b) NIE","b) NIE",6600
"497","https://fedrowanie.siecobywatelska.pl/sprawy/wnioski-o-informacje-w-2025-270","RADZIEJÓW","samorząd gminy","gmina wiejska","Kujawsko-Pomorskie","Radziejowski","Radziejów","Kujawsko-Pomorskie / Radziejowski / Radziejów (0411062, gmina wiejska)",38,38,0,"N/A",0,0,0,"b) NIE","b) NIE",4150
"1680","https://fedrowanie.siecobywatelska.pl/sprawy/wnioski-o-informacje-w-2025-912","RADZIEMICE","samorząd gminy","gmina wiejska","Małopolskie","Proszowicki","Radziemice","Małopolskie / Proszowicki / Radziemice (1214062, gmina wiejska)",64,64,0,"N/A",0,0,0,"b) NIE","b) NIE",3140
"420","https://fedrowanie.siecobywatelska.pl/sprawy/wnioski-o-informacje-w-2025-1592","RADZIŁÓW","samorząd gminy","gmina wiejska","Podlaskie","Grajewski","Radziłów","Podlaskie / Grajewski / Radziłów (2004032, gmina wiejska)",81,81,0,"N/A",0,0,0,"a) TAK","b) NIE",4200
"2032","https://fedrowanie.siecobywatelska.pl/sprawy/wnioski-o-informacje-w-2025-1874","RADZIONKÓW","samorząd gminy","gmina miejska","Śląskie","Tarnogórski","Radzionków","Śląskie / Tarnogórski / Radzionków (2413031, gmina miejska)",100,99,0,"[i]",0,0,0,"b) NIE","a) TAK",15930
"2147","https://fedrowanie.siecobywatelska.pl/sprawy/wnioski-o-informacje-w-2025-1178","RADZYMIN","samorząd gminy","gmina miejsko-wiejska","Mazowieckie","Wołomiński","Radzymin","Mazowieckie / Wołomiński / Radzymin (1434093, gmina miejsko-wiejska)",186,148,2,"[a, b, c]",0,1,0,"b) NIE","b) NIE",32750
"2344","https://fedrowanie.siecobywatelska.pl/sprawy/wnioski-o-informacje-w-2025-271","RADZYŃ CHEŁMIŃSKI","samorząd gminy","gmina miejsko-wiejska","Kujawsko-Pomorskie","Grudziądzki","Radzyń Chełmiński","Kujawsko-Pomorskie / Grudziądzki / Radzyń Chełmiński (0406043, gmina miejsko-wiejska)",89,89,0,"N/A",0,0,0,"b) NIE","b) NIE",4330
"1681","https://fedrowanie.siecobywatelska.pl/sprawy/wnioski-o-informacje-w-2025-444","RADZYŃ PODLASKI","samorząd gminy","gmina wiejska","Lubelskie","Radzyński","Radzyń Podlaski","Lubelskie / Radzyński / Radzyń Podlaski (0615062, gmina wiejska)",78,77,1,"[c]",0,0,0,"b) NIE","b) NIE",7890
"766","https://fedrowanie.siecobywatelska.pl/sprawy/wnioski-o-informacje-w-2025-443","RADZYŃ PODLASKI","samorząd gminy","gmina miejska","Lubelskie","Radzyński","Radzyń Podlaski","Lubelskie / Radzyński / Radzyń Podlaski (0615011, gmina miejska)",95,92,2,"[f,c,i]",0,0,0,"a) TAK","a) TAK",13840
"38","https://fedrowanie.siecobywatelska.pl/sprawy/wnioski-o-informacje-w-2025-1593","RAJGRÓD","samorząd gminy","gmina miejsko-wiejska","Podlaskie","Grajewski","Rajgród","Podlaskie / Grajewski / Rajgród (2004043, gmina miejsko-wiejska)",58,58,0,"[a, d, f]",1,0,0,"b) NIE","b) NIE",4460
"973","https://fedrowanie.siecobywatelska.pl/sprawy/wnioski-o-informacje-w-2025-2297","RAKONIEWICE","samorząd gminy","gmina miejsko-wiejska","Wielkopolskie","Grodziski","Rakoniewice","Wielkopolskie / Grodziski / Rakoniewice (3005043, gmina miejsko-wiejska)",78,75,0,"[a, i]",0,0,0,"b) NIE","b) NIE",13260
"2345","https://fedrowanie.siecobywatelska.pl/sprawy/wnioski-o-informacje-w-2025-1990","RAKÓW","samorząd gminy","gmina wiejska","Świętokrzyskie","Kielecki","Raków","Świętokrzyskie / Kielecki / Raków (2604162, gmina wiejska)",46,45,1,"[a, b, e]",0,0,0,"b) NIE","b) NIE",5170
"725","https://fedrowanie.siecobywatelska.pl/sprawy/wnioski-o-informacje-w-2025-1472","RANIŻÓW","samorząd gminy","gmina wiejska","Podkarpackie","Kolbuszowski","Raniżów","Podkarpackie / Kolbuszowski / Raniżów (1806052, gmina wiejska)",68,68,0,"N/A",0,0,0,"b) NIE","b) NIE",6820
"545","https://fedrowanie.siecobywatelska.pl/sprawy/wnioski-o-informacje-w-2025-2298","RASZKÓW","samorząd gminy","gmina miejsko-wiejska","Wielkopolskie","Ostrowski","Raszków","Wielkopolskie / Ostrowski / Raszków (3017063, gmina miejsko-wiejska)",64,64,0,"N/A",0,0,0,"b) NIE","b) NIE",11310
"770","https://fedrowanie.siecobywatelska.pl/sprawy/wnioski-o-informacje-w-2025-1179","RASZYN","samorząd gminy","gmina wiejska","Mazowieckie","Pruszkowski","Raszyn","Mazowieckie / Pruszkowski / Raszyn (1421062, gmina wiejska)",196,175,3,"[c, f, g]",0,1,0,"b) NIE","b) NIE",24890
"2033","https://fedrowanie.siecobywatelska.pl/sprawy/wnioski-o-informacje-w-2025-726","RAWA MAZOWIECKA","samorząd gminy","gmina miejska","Łódzkie","Rawski","Rawa Mazowiecka","Łódzkie / Rawski / Rawa Mazowiecka (1013011, gmina miejska)",102,102,1,"[a, b]",0,0,0,"b) NIE","b) NIE",15550
"599","https://fedrowanie.siecobywatelska.pl/sprawy/wnioski-o-informacje-w-2025-727","RAWA MAZOWIECKA","samorząd gminy","gmina wiejska","Łódzkie","Rawski","Rawa Mazowiecka","Łódzkie / Rawski / Rawa Mazowiecka (1013042, gmina wiejska)",64,49,1,"[a, c, f]",1,1,0,"b) NIE","b) NIE",8570
"2100","https://fedrowanie.siecobywatelska.pl/sprawy/wnioski-o-informacje-w-2025-2299","RAWICZ","samorząd gminy","gmina miejsko-wiejska","Wielkopolskie","Rawicki","Rawicz","Wielkopolskie / Rawicki / Rawicz (3022053, gmina miejsko-wiejska)",129,124,3,"[a]",0,0,0,"b) NIE","b) NIE",29690
"971","https://fedrowanie.siecobywatelska.pl/sprawy/wnioski-o-informacje-w-2025-2443","RĄBINO","samorząd gminy","gmina wiejska","Zachodniopomorskie","Świdwiński","Rąbino","Zachodniopomorskie / Świdwiński / Rąbino (3216042, gmina wiejska)",60,60,0,"N/A",0,0,0,"b) NIE","b) NIE",3180
"778","https://fedrowanie.siecobywatelska.pl/sprawy/wnioski-o-informacje-w-2025-2444","RECZ","samorząd gminy","gmina miejsko-wiejska","Zachodniopomorskie","Choszczeński","Recz","Zachodniopomorskie / Choszczeński / Recz (3202063, gmina miejsko-wiejska)",51,49,1,"[c, e]",1,1,0,"b) NIE","b) NIE",4840
"974","https://fedrowanie.siecobywatelska.pl/sprawy/wnioski-o-informacje-w-2025-1713","REDA","samorząd gminy","gmina miejska","Pomorskie","Wejherowski","Reda","Pomorskie / Wejherowski / Reda (2215011, gmina miejska)",187,182,3,"[a, b, c]",1,0,0,"b) NIE","b) NIE",29070
"472","https://fedrowanie.siecobywatelska.pl/sprawy/wnioski-o-informacje-w-2025-1714","REDZIKOWO (dawn. SŁUPSK)","samorząd gminy","gmina wiejska","Pomorskie","Słupski","Redzikowo","Pomorskie / Słupski / Redzikowo (2212082, gmina wiejska)",132,93,4,"[a, b, c]",0,2,0,"a) TAK","a) TAK",19940
"1425","https://fedrowanie.siecobywatelska.pl/sprawy/wnioski-o-informacje-w-2025-728","REGNÓW","samorząd gminy","gmina wiejska","Łódzkie","Rawski","Regnów","Łódzkie / Rawski / Regnów (1013052, gmina wiejska)",75,75,0,"N/A",0,0,0,"b) NIE","b) NIE",1690
"851","https://fedrowanie.siecobywatelska.pl/sprawy/wnioski-o-informacje-w-2025-445","REJOWIEC","samorząd gminy","gmina miejsko-wiejska","Lubelskie","Chełmski","Rejowiec","Lubelskie / Chełmski / Rejowiec (0603153, gmina miejsko-wiejska)",84,84,0,"N/A",0,0,0,"b) NIE","b) NIE",5910
"2367","https://fedrowanie.siecobywatelska.pl/sprawy/wnioski-o-informacje-w-2025-447","REJOWIEC FABRYCZNY","samorząd gminy","gmina wiejska","Lubelskie","Chełmski","Rejowiec Fabryczny","Lubelskie / Chełmski / Rejowiec Fabryczny (0603082, gmina wiejska)",44,44,0,"N/A",0,0,0,"b) NIE","b) NIE",3830
"487","https://fedrowanie.siecobywatelska.pl/sprawy/wnioski-o-informacje-w-2025-446","Rejowiec Fabryczny","samorząd gminy","gmina miejska","Lubelskie","Chełmski","Rejowiec Fabryczny","Lubelskie / Chełmski / Rejowiec Fabryczny (0603011, gmina miejska)",55,55,0,"N/A",0,0,0,"b) NIE","b) NIE",3920
"1334","https://fedrowanie.siecobywatelska.pl/sprawy/wnioski-o-informacje-w-2025-1337","REŃSKA WIEŚ","samorząd gminy","gmina wiejska","Opolskie","Kędzierzyńsko-Kozielski","Reńska Wieś","Opolskie / Kędzierzyńsko-Kozielski / Reńska Wieś (1603062, gmina wiejska)",100,98,0,"N/A",2,1,0,"b) NIE","b) NIE",8180
"421","https://fedrowanie.siecobywatelska.pl/sprawy/wnioski-o-informacje-w-2025-1181","REPKI","samorząd gminy","gmina wiejska","Mazowieckie","Sokołowski","Repki","Mazowieckie / Sokołowski / Repki (1429062, gmina wiejska)",24,24,0,"N/A",0,0,0,"b) NIE","b) NIE",4460
"779","https://fedrowanie.siecobywatelska.pl/sprawy/wnioski-o-informacje-w-2025-2445","RESKO","samorząd gminy","gmina miejsko-wiejska","Zachodniopomorskie","Łobeski","Resko","Zachodniopomorskie / Łobeski / Resko (3218043, gmina miejsko-wiejska)",106,101,1,"[a, b]",0,0,0,"b) NIE","b) NIE",6980
"1335","https://fedrowanie.siecobywatelska.pl/sprawy/wnioski-o-informacje-w-2025-2117","RESZEL","samorząd gminy","gmina miejsko-wiejska","Warmińsko-Mazurskie","Kętrzyński","Reszel","Warmińsko-Mazurskie / Kętrzyński / Reszel (2808053, gmina miejsko-wiejska)",88,88,0,"N/A",0,0,0,"b) NIE","b) NIE",6400
"1683","https://fedrowanie.siecobywatelska.pl/sprawy/wnioski-o-informacje-w-2025-2446","REWAL","samorząd gminy","gmina wiejska","Zachodniopomorskie","Gryficki","Rewal","Zachodniopomorskie / Gryficki / Rewal (3205072, gmina wiejska)",101,93,1,"[a, f, i]",1,0,0,"b) NIE","b) NIE",3570
"1682","https://fedrowanie.siecobywatelska.pl/sprawy/wnioski-o-informacje-w-2025-1876","RĘDZINY","samorząd gminy","gmina wiejska","Śląskie","Częstochowski","Rędziny","Śląskie / Częstochowski / Rędziny (2404152, gmina wiejska)",100,98,2,"[a, b, c]",0,0,0,"b) NIE","b) NIE",9370
"1337","https://fedrowanie.siecobywatelska.pl/sprawy/wnioski-o-informacje-w-2025-273","ROGOWO","samorząd gminy","gmina wiejska","Kujawsko-Pomorskie","Żniński","Rogowo","Kujawsko-Pomorskie / Żniński / Rogowo (0419052, gmina wiejska)",117,114,0,"N/A",0,0,0,"b) NIE","b) NIE",6470
"1907","https://fedrowanie.siecobywatelska.pl/sprawy/wnioski-o-informacje-w-2025-272","ROGOWO","samorząd gminy","gmina wiejska","Kujawsko-Pomorskie","Rypiński","Rogowo","Kujawsko-Pomorskie / Rypiński / Rogowo (0412032, gmina wiejska)",82,82,0,"N/A",0,0,0,"b) NIE","b) NIE",4500
"2034","https://fedrowanie.siecobywatelska.pl/sprawy/wnioski-o-informacje-w-2025-2300","ROGOŹNO","samorząd gminy","gmina miejsko-wiejska","Wielkopolskie","Obornicki","Rogoźno","Wielkopolskie / Obornicki / Rogoźno (3016023, gmina miejsko-wiejska)",130,129,1,"[h]",0,0,0,"b) NIE","b) NIE",17940
"1336","https://fedrowanie.siecobywatelska.pl/sprawy/wnioski-o-informacje-w-2025-730","ROGÓW","samorząd gminy","gmina wiejska","Łódzkie","Brzeziński","Rogów","Łódzkie / Brzeziński / Rogów (1021052, gmina wiejska)",73,72,1,"[a]",0,0,0,"b) NIE","b) NIE",4560
"780","https://fedrowanie.siecobywatelska.pl/sprawy/wnioski-o-informacje-w-2025-275","ROJEWO","samorząd gminy","gmina wiejska","Kujawsko-Pomorskie","Inowrocławski","Rojewo","Kujawsko-Pomorskie / Inowrocławski / Rojewo (0407082, gmina wiejska)",97,97,0,"N/A",0,0,0,"b) NIE","a) TAK",4340
"1684","https://fedrowanie.siecobywatelska.pl/sprawy/wnioski-o-informacje-w-2025-731","ROKICINY","samorząd gminy","gmina wiejska","Łódzkie","Tomaszowski","Rokiciny","Łódzkie / Tomaszowski / Rokiciny (1016072, gmina wiejska)",74,74,0,"N/A",0,0,0,"b) NIE","b) NIE",5890
"1763","https://fedrowanie.siecobywatelska.pl/sprawy/wnioski-o-informacje-w-2025-1473","ROKIETNICA","samorząd gminy","gmina wiejska","Podkarpackie","Jarosławski","Rokietnica","Podkarpackie / Jarosławski / Rokietnica (1804092, gmina wiejska)",70,70,0,"N/A",0,0,0,"b) NIE","b) NIE",4070
"2346","https://fedrowanie.siecobywatelska.pl/sprawy/wnioski-o-informacje-w-2025-2301","ROKIETNICA","samorząd gminy","gmina wiejska","Wielkopolskie","Poznański","Rokietnica","Wielkopolskie / Poznański / Rokietnica (3021132, gmina wiejska)",164,162,1,"[a]",0,0,0,"b) NIE","b) NIE",25440
"781","https://fedrowanie.siecobywatelska.pl/sprawy/wnioski-o-informacje-w-2025-448","ROKITNO","samorząd gminy","gmina wiejska","Lubelskie","Bialski","Rokitno","Lubelskie / Bialski / Rokitno (0601122, gmina wiejska)",80,80,0,"N/A",0,0,0,"a) TAK","b) NIE",2620
"343","https://fedrowanie.siecobywatelska.pl/sprawy/wnioski-o-informacje-w-2025-913","ROPA","samorząd gminy","gmina wiejska","Małopolskie","Gorlicki","Ropa","Małopolskie / Gorlicki / Ropa (1205082, gmina wiejska)",56,56,0,"N/A",0,0,0,"b) NIE","b) NIE",5500
"783","https://fedrowanie.siecobywatelska.pl/sprawy/wnioski-o-informacje-w-2025-1474","ROPCZYCE","samorząd gminy","gmina miejsko-wiejska","Podkarpackie","Ropczycko-Sędziszowski","Ropczyce","Podkarpackie / Ropczycko-Sędziszowski / Ropczyce (1815033, gmina miejsko-wiejska)",80,79,1,"[c]",0,0,0,"b) NIE","b) NIE",27230
"784","https://fedrowanie.siecobywatelska.pl/sprawy/wnioski-o-informacje-w-2025-449","ROSSOSZ","samorząd gminy","gmina wiejska","Lubelskie","Bialski","Rossosz","Lubelskie / Bialski / Rossosz (0601132, gmina wiejska)",65,65,0,"N/A",0,0,0,"b) NIE","b) NIE",2030
"1908","https://fedrowanie.siecobywatelska.pl/sprawy/wnioski-o-informacje-w-2025-1182","ROŚCISZEWO","samorząd gminy","gmina wiejska","Mazowieckie","Sierpecki","Rościszewo","Mazowieckie / Sierpecki / Rościszewo (1427042, gmina wiejska)",75,75,0,"N/A",0,0,2,"b) NIE","b) NIE",3670
"61","https://fedrowanie.siecobywatelska.pl/sprawy/wnioski-o-informacje-w-2025-2302","ROZDRAŻEW","samorząd gminy","gmina wiejska","Wielkopolskie","Krotoszyński","Rozdrażew","Wielkopolskie / Krotoszyński / Rozdrażew (3012052, gmina wiejska)",61,60,0,"[a]",0,0,0,"b) NIE","b) NIE",4860
"1338","https://fedrowanie.siecobywatelska.pl/sprawy/wnioski-o-informacje-w-2025-2118","ROZOGI","samorząd gminy","gmina wiejska","Warmińsko-Mazurskie","Szczycieński","Rozogi","Warmińsko-Mazurskie / Szczycieński / Rozogi (2817052, gmina wiejska)",75,75,0,"N/A",0,0,0,"b) NIE","b) NIE",5140
"1685","https://fedrowanie.siecobywatelska.pl/sprawy/wnioski-o-informacje-w-2025-732","ROZPRZA","samorząd gminy","gmina miejsko-wiejska","Łódzkie","Piotrkowski","Rozprza","Łódzkie / Piotrkowski / Rozprza (1010083, gmina miejsko-wiejska)",93,93,0,"N/A",0,0,0,"b) NIE","b) NIE",12120
"1909","https://fedrowanie.siecobywatelska.pl/sprawy/wnioski-o-informacje-w-2025-1183","RÓŻAN","samorząd gminy","gmina miejsko-wiejska","Mazowieckie","Makowski","Różan","Mazowieckie / Makowski / Różan (1411073, gmina miejsko-wiejska)",77,77,0,"N/A",0,0,0,"b) NIE","b) NIE",4180
"1339","https://fedrowanie.siecobywatelska.pl/sprawy/wnioski-o-informacje-w-2025-2119","RUCIANE-NIDA","samorząd gminy","gmina miejsko-wiejska","Warmińsko-Mazurskie","Piski","Ruciane-Nida","Warmińsko-Mazurskie / Piski / Ruciane-Nida (2816043, gmina miejsko-wiejska)",73,73,0,"N/A",0,0,0,"b) NIE","b) NIE",7120
"2486","https://fedrowanie.siecobywatelska.pl/sprawy/wnioski-o-informacje-w-2025-1991","RUDA MALENIECKA","samorząd gminy","gmina wiejska","Świętokrzyskie","Konecki","Ruda Maleniecka","Świętokrzyskie / Konecki / Ruda Maleniecka (2605052, gmina wiejska)",62,62,0,"N/A",0,0,0,"b) NIE","b) NIE",2790
"638","https://fedrowanie.siecobywatelska.pl/sprawy/wnioski-o-informacje-w-2025-1877","Ruda Śląska","miasto na prawach powiatu","miasto na prawach powiatu","Śląskie","Ruda Śląska",,"Śląskie / Ruda Śląska (2472, miasto na prawach powiatu)",272,246,3,"[b, d]",0,0,0,"b) NIE","b) NIE",127600
"786","https://fedrowanie.siecobywatelska.pl/sprawy/wnioski-o-informacje-w-2025-450","RUDA-HUTA","samorząd gminy","gmina wiejska","Lubelskie","Chełmski","Ruda-Huta","Lubelskie / Chełmski / Ruda-Huta (0603092, gmina wiejska)",61,57,0,"N/A",0,0,0,"b) NIE","b) NIE",4030
"2347","https://fedrowanie.siecobywatelska.pl/sprawy/wnioski-o-informacje-w-2025-451","RUDNIK","samorząd gminy","gmina wiejska","Lubelskie","Krasnostawski","Rudnik","Lubelskie / Krasnostawski / Rudnik (0606092, gmina wiejska)",59,59,0,"N/A",0,0,0,"b) NIE","b) NIE",2640
"489","https://fedrowanie.siecobywatelska.pl/sprawy/wnioski-o-informacje-w-2025-1476","RUDNIK NAD SANEM","samorząd gminy","gmina miejsko-wiejska","Podkarpackie","Niżański","Rudnik Nad Sanem","Podkarpackie / Niżański / Rudnik Nad Sanem (1812063, gmina miejsko-wiejska)",73,73,0,"[a, g, h]",0,0,0,"b) NIE","b) NIE",9660
"1340","https://fedrowanie.siecobywatelska.pl/sprawy/wnioski-o-informacje-w-2025-1338","RUDNIKI","samorząd gminy","gmina wiejska","Opolskie","Oleski","Rudniki","Opolskie / Oleski / Rudniki (1608062, gmina wiejska)",88,86,1,"[f]",0,0,0,"b) NIE","b) NIE",7530
"344","https://fedrowanie.siecobywatelska.pl/sprawy/wnioski-o-informacje-w-2025-1879","RUDZINIEC","samorząd gminy","gmina wiejska","Śląskie","Gliwicki","Rudziniec","Śląskie / Gliwicki / Rudziniec (2405052, gmina wiejska)",96,95,1,"[g, i]",1,2,0,"b) NIE","b) NIE",10830
"788","https://fedrowanie.siecobywatelska.pl/sprawy/wnioski-o-informacje-w-2025-733","RUSIEC","samorząd gminy","gmina wiejska","Łódzkie","Bełchatowski","Rusiec","Łódzkie / Bełchatowski / Rusiec (1001062, gmina wiejska)",65,65,0,"N/A",0,0,0,"b) NIE","b) NIE",4710
"345","https://fedrowanie.siecobywatelska.pl/sprawy/wnioski-o-informacje-w-2025-1184","RUSINÓW","samorząd gminy","gmina wiejska","Mazowieckie","Przysuski","Rusinów","Mazowieckie / Przysuski / Rusinów (1423072, gmina wiejska)",85,85,0,"N/A",0,0,0,"b) NIE","b) NIE",3920
"1765","https://fedrowanie.siecobywatelska.pl/sprawy/wnioski-o-informacje-w-2025-1595","RUTKA-TARTAK","samorząd gminy","gmina wiejska","Podlaskie","Suwalski","Rutka-Tartak","Podlaskie / Suwalski / Rutka-Tartak (2012062, gmina wiejska)",46,46,0,"N/A",0,0,0,"b) NIE","b) NIE",2140
"1561","https://fedrowanie.siecobywatelska.pl/sprawy/wnioski-o-informacje-w-2025-1596","RUTKI","samorząd gminy","gmina wiejska","Podlaskie","Zambrowski","Rutki","Podlaskie / Zambrowski / Rutki (2014032, gmina wiejska)",58,58,0,"N/A",0,0,0,"b) NIE","b) NIE",4960
"789","https://fedrowanie.siecobywatelska.pl/sprawy/wnioski-o-informacje-w-2025-1880","Rybnik","miasto na prawach powiatu","miasto na prawach powiatu","Śląskie","Rybnik",,"Śląskie / Rybnik (2473, miasto na prawach powiatu)",357,318,3,"[a, c, h]",1,0,0,"b) NIE","b) NIE",128790
"790","https://fedrowanie.siecobywatelska.pl/sprawy/wnioski-o-informacje-w-2025-2120","RYBNO","samorząd gminy","gmina wiejska","Warmińsko-Mazurskie","Działdowski","Rybno","Warmińsko-Mazurskie / Działdowski / Rybno (2803062, gmina wiejska)",96,93,4,"[f, e]",1,0,0,"b) NIE","b) NIE",6670
"975","https://fedrowanie.siecobywatelska.pl/sprawy/wnioski-o-informacje-w-2025-2121","RYCHLIKI","samorząd gminy","gmina wiejska","Warmińsko-Mazurskie","Elbląski","Rychliki","Warmińsko-Mazurskie / Elbląski / Rychliki (2804082, gmina wiejska)",49,49,0,"N/A",0,0,0,"b) NIE","b) NIE",3410
"1912","https://fedrowanie.siecobywatelska.pl/sprawy/wnioski-o-informacje-w-2025-2303","RYCHTAL","samorząd gminy","gmina miejsko-wiejska","Wielkopolskie","Kępiński","Rychtal","Wielkopolskie / Kępiński / Rychtal (3008063, gmina miejsko-wiejska)",56,55,1,"[a]",0,0,0,"b) NIE","b) NIE",3530
"976","https://fedrowanie.siecobywatelska.pl/sprawy/wnioski-o-informacje-w-2025-2304","RYCHWAŁ","samorząd gminy","gmina miejsko-wiejska","Wielkopolskie","Koniński","Rychwał","Wielkopolskie / Koniński / Rychwał (3010073, gmina miejsko-wiejska)",67,67,0,"N/A",0,0,0,"b) NIE","b) NIE",7910
"1342","https://fedrowanie.siecobywatelska.pl/sprawy/wnioski-o-informacje-w-2025-2305","RYCZYWÓŁ","samorząd gminy","gmina wiejska","Wielkopolskie","Obornicki","Ryczywół","Wielkopolskie / Obornicki / Ryczywół (3016032, gmina wiejska)",91,91,0,"N/A",0,0,0,"b) NIE","b) NIE",6700
"2035","https://fedrowanie.siecobywatelska.pl/sprawy/wnioski-o-informacje-w-2025-1881","RYDUŁTOWY","samorząd gminy","gmina miejska","Śląskie","Wodzisławski","Rydułtowy","Śląskie / Wodzisławski / Rydułtowy (2415031, gmina miejska)",101,"BD",0,"BD",0,0,0,"b) NIE","b) NIE",19760
"791","https://fedrowanie.siecobywatelska.pl/sprawy/wnioski-o-informacje-w-2025-2306","RYDZYNA","samorząd gminy","gmina miejsko-wiejska","Wielkopolskie","Leszczyński","Rydzyna","Wielkopolskie / Leszczyński / Rydzyna (3013043, gmina miejsko-wiejska)",76,76,0,"N/A",0,0,0,"b) NIE","b) NIE",10760
"1686","https://fedrowanie.siecobywatelska.pl/sprawy/wnioski-o-informacje-w-2025-914","RYGLICE","samorząd gminy","gmina miejsko-wiejska","Małopolskie","Tarnowski","Ryglice","Małopolskie / Tarnowski / Ryglice (1216063, gmina miejsko-wiejska)",67,65,0,"[e]",0,0,0,"b) NIE","b) NIE",11120
"1687","https://fedrowanie.siecobywatelska.pl/sprawy/wnioski-o-informacje-w-2025-1716","RYJEWO","samorząd gminy","gmina wiejska","Pomorskie","Kwidzyński","Ryjewo","Pomorskie / Kwidzyński / Ryjewo (2207052, gmina wiejska)",60,60,0,"N/A",0,0,0,"b) NIE","b) NIE",5470
"792","https://fedrowanie.siecobywatelska.pl/sprawy/wnioski-o-informacje-w-2025-453","RYKI","samorząd gminy","gmina miejsko-wiejska","Lubelskie","Rycki","Ryki","Lubelskie / Rycki / Ryki (0616043, gmina miejsko-wiejska)",130,128,1,"[f, i]",0,0,0,"b) NIE","b) NIE",18840
"346","https://fedrowanie.siecobywatelska.pl/sprawy/wnioski-o-informacje-w-2025-1477","RYMANÓW","samorząd gminy","gmina miejsko-wiejska","Podkarpackie","Krośnieński","Rymanów","Podkarpackie / Krośnieński / Rymanów (1807083, gmina miejsko-wiejska)",64,64,0,"N/A",0,0,0,"b) NIE","b) NIE",14900
"1688","https://fedrowanie.siecobywatelska.pl/sprawy/wnioski-o-informacje-w-2025-2447","RYMAŃ","samorząd gminy","gmina wiejska","Zachodniopomorskie","Kołobrzeski","Rymań","Zachodniopomorskie / Kołobrzeski / Rymań (3208052, gmina wiejska)",55,55,0,"N/A",1,0,0,"b) NIE","b) NIE",3550
"2112","https://fedrowanie.siecobywatelska.pl/sprawy/wnioski-o-informacje-w-2025-2122","RYN","samorząd gminy","gmina miejsko-wiejska","Warmińsko-Mazurskie","Giżycki","Ryn","Warmińsko-Mazurskie / Giżycki / Ryn (2806083, gmina miejsko-wiejska)",61,61,0,"N/A",0,0,0,"b) NIE","b) NIE",5220
"728","https://fedrowanie.siecobywatelska.pl/sprawy/wnioski-o-informacje-w-2025-276","RYŃSK","samorząd gminy","gmina wiejska","Kujawsko-Pomorskie","Wąbrzeski","Ryńsk","Kujawsko-Pomorskie / Wąbrzeski / Ryńsk (0417052, gmina wiejska)",99,99,0,"N/A",0,0,0,"b) NIE","b) NIE",8240
"793","https://fedrowanie.siecobywatelska.pl/sprawy/wnioski-o-informacje-w-2025-277","RYPIN","samorząd gminy","gmina miejska","Kujawsko-Pomorskie","Rypiński","Rypin","Kujawsko-Pomorskie / Rypiński / Rypin (0412011, gmina miejska)",208,208,0,"N/A",0,0,7,"b) NIE","b) NIE",15140
"977","https://fedrowanie.siecobywatelska.pl/sprawy/wnioski-o-informacje-w-2025-278","RYPIN","samorząd gminy","gmina wiejska","Kujawsko-Pomorskie","Rypiński","Rypin","Kujawsko-Pomorskie / Rypiński / Rypin (0412042, gmina wiejska)",109,109,0,"N/A",0,0,0,"b) NIE","b) NIE",7250
"1343","https://fedrowanie.siecobywatelska.pl/sprawy/wnioski-o-informacje-w-2025-915","RYTRO","samorząd gminy","gmina wiejska","Małopolskie","Nowosądecki","Rytro","Małopolskie / Nowosądecki / Rytro (1210152, gmina wiejska)",43,43,0,"N/A",0,0,0,"b) NIE","b) NIE",3580
"794","https://fedrowanie.siecobywatelska.pl/sprawy/wnioski-o-informacje-w-2025-1992","RYTWIANY","samorząd gminy","gmina wiejska","Świętokrzyskie","Staszowski","Rytwiany","Świętokrzyskie / Staszowski / Rytwiany (2612062, gmina wiejska)",81,71,0,"[a, b, c]",0,0,0,"b) NIE","b) NIE",6180
"347","https://fedrowanie.siecobywatelska.pl/sprawy/wnioski-o-informacje-w-2025-734","RZĄŚNIA","samorząd gminy","gmina wiejska","Łódzkie","Pajęczański","Rząśnia","Łódzkie / Pajęczański / Rząśnia (1009052, gmina wiejska)",74,74,0,"N/A",0,0,0,"b) NIE","a) TAK",4860
"1766","https://fedrowanie.siecobywatelska.pl/sprawy/wnioski-o-informacje-w-2025-1717","RZECZENICA","samorząd gminy","gmina wiejska","Pomorskie","Człuchowski","Rzeczenica","Pomorskie / Człuchowski / Rzeczenica (2203072, gmina wiejska)",68,63,0,"[b]",0,0,0,"b) NIE","b) NIE",3280
"1689","https://fedrowanie.siecobywatelska.pl/sprawy/wnioski-o-informacje-w-2025-735","RZECZYCA","samorząd gminy","gmina wiejska","Łódzkie","Tomaszowski","Rzeczyca","Łódzkie / Tomaszowski / Rzeczyca (1016082, gmina wiejska)",87,87,0,"N/A",0,0,0,"b) NIE","b) NIE",4350
"1344","https://fedrowanie.siecobywatelska.pl/sprawy/wnioski-o-informacje-w-2025-1188","RZEKUŃ","samorząd gminy","gmina wiejska","Mazowieckie","Ostrołęcki","Rzekuń","Mazowieckie / Ostrołęcki / Rzekuń (1415102, gmina wiejska)",76,74,2,"[a, b, c]",0,1,0,"b) NIE","b) NIE",12440
"795","https://fedrowanie.siecobywatelska.pl/sprawy/wnioski-o-informacje-w-2025-916","RZEPIENNIK STRZYŻEWSKI","samorząd gminy","gmina wiejska","Małopolskie","Tarnowski","Rzepiennik Strzyżewski","Małopolskie / Tarnowski / Rzepiennik Strzyżewski (1216072, gmina wiejska)",74,74,0,"N/A",0,0,0,"b) NIE","b) NIE",6490
"2101","https://fedrowanie.siecobywatelska.pl/sprawy/wnioski-o-informacje-w-2025-576","RZEPIN","samorząd gminy","gmina miejsko-wiejska","Lubuskie","Słubicki","Rzepin","Lubuskie / Słubicki / Rzepin (0805043, gmina miejsko-wiejska)",99,97,0,"N/A",0,0,0,"b) NIE","b) NIE",9320
"2178","https://fedrowanie.siecobywatelska.pl/sprawy/wnioski-o-informacje-w-2025-1478","Rzeszów","miasto na prawach powiatu","miasto na prawach powiatu","Podkarpackie","Rzeszów",,"Podkarpackie / Rzeszów (1863, miasto na prawach powiatu)",632,588,3,"[a, b, c]",2,2,0,"b) NIE","a) TAK",199440
"1077","https://fedrowanie.siecobywatelska.pl/sprawy/wnioski-o-informacje-w-2025-1189","RZEWNIE","samorząd gminy","gmina wiejska","Mazowieckie","Makowski","Rzewnie","Mazowieckie / Makowski / Rzewnie (1411082, gmina wiejska)",77,77,0,"N/A",0,0,0,"b) NIE","b) NIE",2390
"1345","https://fedrowanie.siecobywatelska.pl/sprawy/wnioski-o-informacje-w-2025-917","RZEZAWA","samorząd gminy","gmina wiejska","Małopolskie","Bocheński","Rzezawa","Małopolskie / Bocheński / Rzezawa (1201072, gmina wiejska)",110,110,0,"N/A",0,0,0,"b) NIE","b) NIE",11600
"1176","https://fedrowanie.siecobywatelska.pl/sprawy/wnioski-o-informacje-w-2025-2307","RZGÓW","samorząd gminy","gmina wiejska","Wielkopolskie","Koniński","Rzgów","Wielkopolskie / Koniński / Rzgów (3010082, gmina wiejska)",80,80,0,"N/A",0,0,0,"b) NIE","b) NIE",7100
"978","https://fedrowanie.siecobywatelska.pl/sprawy/wnioski-o-informacje-w-2025-736","RZGÓW","samorząd gminy","gmina miejsko-wiejska","Łódzkie","Łódzki Wschodni","Rzgów","Łódzkie / Łódzki Wschodni / Rzgów (1006103, gmina miejsko-wiejska)",82,78,4,"[f, g, i]",2,0,0,"b) NIE","b) NIE",11680
"796","https://fedrowanie.siecobywatelska.pl/sprawy/wnioski-o-informacje-w-2025-1190","SABNIE","samorząd gminy","gmina wiejska","Mazowieckie","Sokołowski","Sabnie","Mazowieckie / Sokołowski / Sabnie (1429072, gmina wiejska)",72,68,5,"BD",0,0,0,"b) NIE","b) NIE",3190
"1346","https://fedrowanie.siecobywatelska.pl/sprawy/wnioski-o-informacje-w-2025-279","SADKI","samorząd gminy","gmina wiejska","Kujawsko-Pomorskie","Nakielski","Sadki","Kujawsko-Pomorskie / Nakielski / Sadki (0410042, gmina wiejska)",99,95,3,"[i]",0,1,0,"b) NIE","b) NIE",6830
"1177","https://fedrowanie.siecobywatelska.pl/sprawy/wnioski-o-informacje-w-2025-737","SADKOWICE","samorząd gminy","gmina wiejska","Łódzkie","Rawski","Sadkowice","Łódzkie / Rawski / Sadkowice (1013062, gmina wiejska)",61,61,0,"N/A",0,0,0,"b) NIE","b) NIE",5030
"591","https://fedrowanie.siecobywatelska.pl/sprawy/wnioski-o-informacje-w-2025-1993","SADOWIE","samorząd gminy","gmina wiejska","Świętokrzyskie","Opatowski","Sadowie","Świętokrzyskie / Opatowski / Sadowie (2606062, gmina wiejska)",49,40,0,"[a, c]",0,0,0,"b) NIE","b) NIE",3700
"1767","https://fedrowanie.siecobywatelska.pl/sprawy/wnioski-o-informacje-w-2025-1191","SADOWNE","samorząd gminy","gmina wiejska","Mazowieckie","Węgrowski","Sadowne","Mazowieckie / Węgrowski / Sadowne (1433072, gmina wiejska)",82,80,"BD","[d]",0,0,0,"b) NIE","b) NIE",5360
"1913","https://fedrowanie.siecobywatelska.pl/sprawy/wnioski-o-informacje-w-2025-1994","SAMBORZEC","samorząd gminy","gmina wiejska","Świętokrzyskie","Sandomierski","Samborzec","Świętokrzyskie / Sandomierski / Samborzec (2609072, gmina wiejska)",60,60,0,"N/A",0,0,0,"b) NIE","b) NIE",7880
"2065","https://fedrowanie.siecobywatelska.pl/sprawy/wnioski-o-informacje-w-2025-1995","SANDOMIERZ","samorząd gminy","gmina miejska","Świętokrzyskie","Sandomierski","Sandomierz","Świętokrzyskie / Sandomierski / Sandomierz (2609011, gmina miejska)",109,109,2,"[f]",0,0,1,"b) NIE","a) TAK",20710
"1768","https://fedrowanie.siecobywatelska.pl/sprawy/wnioski-o-informacje-w-2025-1480","SANOK","samorząd gminy","gmina wiejska","Podkarpackie","Sanocki","Sanok","Podkarpackie / Sanocki / Sanok (1817052, gmina wiejska)",77,76,0,"N/A",0,0,0,"b) NIE","b) NIE",18000
"2348","https://fedrowanie.siecobywatelska.pl/sprawy/wnioski-o-informacje-w-2025-577","SANTOK","samorząd gminy","gmina wiejska","Lubuskie","Gorzowski","Santok","Lubuskie / Gorzowski / Santok (0801062, gmina wiejska)",61,59,0,"N/A",0,0,1,"a) TAK","b) NIE",9820
"807","https://fedrowanie.siecobywatelska.pl/sprawy/wnioski-o-informacje-w-2025-1193","SARNAKI","samorząd gminy","gmina wiejska","Mazowieckie","Łosicki","Sarnaki","Mazowieckie / Łosicki / Sarnaki (1410052, gmina wiejska)",97,97,0,"N/A",0,0,0,"b) NIE","a) TAK",3970
"1348","https://fedrowanie.siecobywatelska.pl/sprawy/wnioski-o-informacje-w-2025-454","SAWIN","samorząd gminy","gmina wiejska","Lubelskie","Chełmski","Sawin","Lubelskie / Chełmski / Sawin (0603102, gmina wiejska)",113,112,1,"[e]",0,0,2,"a) TAK","b) NIE",5030
"348","https://fedrowanie.siecobywatelska.pl/sprawy/wnioski-o-informacje-w-2025-1996","SECEMIN","samorząd gminy","gmina wiejska","Świętokrzyskie","Włoszczowski","Secemin","Świętokrzyskie / Włoszczowski / Secemin (2613052, gmina wiejska)",27,26,1,"[f, i]",0,0,0,"b) NIE","b) NIE",4410
"800","https://fedrowanie.siecobywatelska.pl/sprawy/wnioski-o-informacje-w-2025-1597","Sejny","samorząd gminy","gmina miejska","Podlaskie","Sejneński","Sejny","Podlaskie / Sejneński / Sejny (2009011, gmina miejska)",73,73,0,"N/A",0,0,0,"b) NIE","b) NIE",4740
"852","https://fedrowanie.siecobywatelska.pl/sprawy/wnioski-o-informacje-w-2025-1598","SEJNY","samorząd gminy","gmina wiejska","Podlaskie","Sejneński","Sejny","Podlaskie / Sejneński / Sejny (2009052, gmina wiejska)",99,98,0,"N/A",0,0,0,"b) NIE","b) NIE",3770
"1351","https://fedrowanie.siecobywatelska.pl/sprawy/wnioski-o-informacje-w-2025-455","SERNIKI","samorząd gminy","gmina wiejska","Lubelskie","Lubartowski","Serniki","Lubelskie / Lubartowski / Serniki (0608122, gmina wiejska)",83,83,0,"N/A",0,0,0,"b) NIE","b) NIE",4710
"2102","https://fedrowanie.siecobywatelska.pl/sprawy/wnioski-o-informacje-w-2025-1194","SEROCK","samorząd gminy","gmina miejsko-wiejska","Mazowieckie","Legionowski","Serock","Mazowieckie / Legionowski / Serock (1408043, gmina miejsko-wiejska)",143,142,1,"[f]",0,0,0,"b) NIE","b) NIE",18680
"423","https://fedrowanie.siecobywatelska.pl/sprawy/wnioski-o-informacje-w-2025-456","SEROKOMLA","samorząd gminy","gmina wiejska","Lubelskie","Łukowski","Serokomla","Lubelskie / Łukowski / Serokomla (0611062, gmina wiejska)",60,60,0,"N/A",0,0,0,"b) NIE","b) NIE",3620
"799","https://fedrowanie.siecobywatelska.pl/sprawy/wnioski-o-informacje-w-2025-738","SĘDZIEJOWICE","samorząd gminy","gmina wiejska","Łódzkie","Łaski","Sędziejowice","Łódzkie / Łaski / Sędziejowice (1003032, gmina wiejska)",68,68,0,"N/A",0,0,0,"b) NIE","a) TAK",6140
"122","https://fedrowanie.siecobywatelska.pl/sprawy/wnioski-o-informacje-w-2025-1997","SĘDZISZÓW","samorząd gminy","gmina miejsko-wiejska","Świętokrzyskie","Jędrzejowski","Sędziszów","Świętokrzyskie / Jędrzejowski / Sędziszów (2602063, gmina miejsko-wiejska)",147,"BD",2,"[f]",0,1,0,"b) NIE","BD",11510
"2036","https://fedrowanie.siecobywatelska.pl/sprawy/wnioski-o-informacje-w-2025-1481","SĘDZISZÓW MAŁOPOLSKI","samorząd gminy","gmina miejsko-wiejska","Podkarpackie","Ropczycko-Sędziszowski","Sędziszów Małopolski","Podkarpackie / Ropczycko-Sędziszowski / Sędziszów Małopolski (1815043, gmina miejsko-wiejska)",60,58,0,"[a]",0,0,0,"b) NIE","b) NIE",23840
"1350","https://fedrowanie.siecobywatelska.pl/sprawy/wnioski-o-informacje-w-2025-2123","SĘPOPOL","samorząd gminy","gmina miejsko-wiejska","Warmińsko-Mazurskie","Bartoszycki","Sępopol","Warmińsko-Mazurskie / Bartoszycki / Sępopol (2801063, gmina miejsko-wiejska)",67,63,0,"[b]",0,0,0,"b) NIE","b) NIE",5520
"874","https://fedrowanie.siecobywatelska.pl/sprawy/wnioski-o-informacje-w-2025-280","SĘPÓLNO KRAJEŃSKIE","samorząd gminy","gmina miejsko-wiejska","Kujawsko-Pomorskie","Sępoleński","Sępólno Krajeńskie","Kujawsko-Pomorskie / Sępoleński / Sępólno Krajeńskie (0413023, gmina miejsko-wiejska)",109,104,1,"[f]",0,0,0,"b) NIE","b) NIE",14810
"1353","https://fedrowanie.siecobywatelska.pl/sprawy/wnioski-o-informacje-w-2025-281","SICIENKO","samorząd gminy","gmina wiejska","Kujawsko-Pomorskie","Bydgoski","Sicienko","Kujawsko-Pomorskie / Bydgoski / Sicienko (0403072, gmina wiejska)",76,76,0,"N/A",0,0,0,"b) NIE","b) NIE",11130
"1770","https://fedrowanie.siecobywatelska.pl/sprawy/wnioski-o-informacje-w-2025-1599","SIDRA","samorząd gminy","gmina wiejska","Podlaskie","Sokólski","Sidra","Podlaskie / Sokólski / Sidra (2011072, gmina wiejska)",77,77,0,"N/A",2,0,0,"b) NIE","b) NIE",2980
"77","https://fedrowanie.siecobywatelska.pl/sprawy/wnioski-o-informacje-w-2025-119","SIECHNICE","samorząd gminy","gmina miejsko-wiejska","Dolnośląskie","Wrocławski","Siechnice","Dolnośląskie / Wrocławski / Siechnice (0223083, gmina miejsko-wiejska)",185,185,0,"[a]",0,0,0,"a) TAK","b) NIE",31530
"2350","https://fedrowanie.siecobywatelska.pl/sprawy/wnioski-o-informacje-w-2025-1195","SIECIECHÓW","samorząd gminy","gmina wiejska","Mazowieckie","Kozienicki","Sieciechów","Mazowieckie / Kozienicki / Sieciechów (1407072, gmina wiejska)",87,87,0,"N/A",0,0,0,"b) NIE","b) NIE",3680
"85","https://fedrowanie.siecobywatelska.pl/sprawy/wnioski-o-informacje-w-2025-1197","Siedlce","miasto na prawach powiatu","miasto na prawach powiatu","Mazowieckie","Siedlce",,"Mazowieckie / Siedlce (1464, miasto na prawach powiatu)",172,160,3,"[a, b, c]",1,1,0,"b) NIE","b) NIE",74250
"1690","https://fedrowanie.siecobywatelska.pl/sprawy/wnioski-o-informacje-w-2025-2308","SIEDLEC","samorząd gminy","gmina wiejska","Wielkopolskie","Wolsztyński","Siedlec","Wielkopolskie / Wolsztyński / Siedlec (3029022, gmina wiejska)",91,91,0,"N/A",0,0,0,"b) NIE","b) NIE",12400
"1691","https://fedrowanie.siecobywatelska.pl/sprawy/wnioski-o-informacje-w-2025-578","SIEDLISKO","samorząd gminy","gmina wiejska","Lubuskie","Nowosolski","Siedlisko","Lubuskie / Nowosolski / Siedlisko (0804082, gmina wiejska)",102,100,0,"N/A",0,0,0,"a) TAK","b) NIE",3280
"1354","https://fedrowanie.siecobywatelska.pl/sprawy/wnioski-o-informacje-w-2025-457","SIEDLISZCZE","samorząd gminy","gmina miejsko-wiejska","Lubelskie","Chełmski","Siedliszcze","Lubelskie / Chełmski / Siedliszcze (0603113, gmina miejsko-wiejska)",92,89,3,"[a, b, c]",0,0,0,"b) NIE","b) NIE",6280
"1692","https://fedrowanie.siecobywatelska.pl/sprawy/wnioski-o-informacje-w-2025-120","SIEKIERCZYN","samorząd gminy","gmina wiejska","Dolnośląskie","Lubański","Siekierczyn","Dolnośląskie / Lubański / Siekierczyn (0210072, gmina wiejska)",75,75,0,"N/A",0,0,0,"b) NIE","b) NIE",4330
"776","https://fedrowanie.siecobywatelska.pl/sprawy/wnioski-o-informacje-w-2025-1882","Siemianowice Śląskie","miasto na prawach powiatu","miasto na prawach powiatu","Śląskie","Siemianowice Śląskie",,"Śląskie / Siemianowice Śląskie (2474, miasto na prawach powiatu)",245,234,0,"[a]",0,0,0,"b) NIE","a) TAK",62310
"1914","https://fedrowanie.siecobywatelska.pl/sprawy/wnioski-o-informacje-w-2025-1601","SIEMIATYCZE","samorząd gminy","gmina wiejska","Podlaskie","Siemiatycki","Siemiatycze","Podlaskie / Siemiatycki / Siemiatycze (2010092, gmina wiejska)",98,96,1,"[e]",1,1,1,"b) NIE","b) NIE",5610
"2351","https://fedrowanie.siecobywatelska.pl/sprawy/wnioski-o-informacje-w-2025-1600","Siemiatycze","samorząd gminy","gmina miejska","Podlaskie","Siemiatycki","Siemiatycze","Podlaskie / Siemiatycki / Siemiatycze (2010011, gmina miejska)",83,75,0,"[a, c]",1,0,0,"b) NIE","b) NIE",13170
"46","https://fedrowanie.siecobywatelska.pl/sprawy/wnioski-o-informacje-w-2025-458","SIEMIEŃ","samorząd gminy","gmina wiejska","Lubelskie","Parczewski","Siemień","Lubelskie / Parczewski / Siemień (0613062, gmina wiejska)",99,73,3,"[a, b, c]",0,0,0,"b) NIE","b) NIE",4150
"531","https://fedrowanie.siecobywatelska.pl/sprawy/wnioski-o-informacje-w-2025-2449","SIEMYŚL","samorząd gminy","gmina wiejska","Zachodniopomorskie","Kołobrzeski","Siemyśl","Zachodniopomorskie / Kołobrzeski / Siemyśl (3208062, gmina wiejska)",100,100,0,"N/A",0,0,0,"b) NIE","b) NIE",4040
"1915","https://fedrowanie.siecobywatelska.pl/sprawy/wnioski-o-informacje-w-2025-1199","SIENNICA","samorząd gminy","gmina miejsko-wiejska","Mazowieckie","Miński","Siennica","Mazowieckie / Miński / Siennica (1412133, gmina miejsko-wiejska)",70,69,0,"[i]",0,0,0,"b) NIE","b) NIE",7670
"1494","https://fedrowanie.siecobywatelska.pl/sprawy/wnioski-o-informacje-w-2025-459","SIENNICA RÓŻANA","samorząd gminy","gmina wiejska","Lubelskie","Krasnostawski","Siennica Różana","Lubelskie / Krasnostawski / Siennica Różana (0606102, gmina wiejska)",51,51,0,"N/A",0,0,0,"b) NIE","b) NIE",3680
"1355","https://fedrowanie.siecobywatelska.pl/sprawy/wnioski-o-informacje-w-2025-1200","SIENNO","samorząd gminy","gmina miejsko-wiejska","Mazowieckie","Lipski","Sienno","Mazowieckie / Lipski / Sienno (1409053, gmina miejsko-wiejska)",114,111,1,"[a, c, h]",0,0,0,"b) NIE","b) NIE",5370
"141","https://fedrowanie.siecobywatelska.pl/sprawy/wnioski-o-informacje-w-2025-919","SIEPRAW","samorząd gminy","gmina wiejska","Małopolskie","Myślenicki","Siepraw","Małopolskie / Myślenicki / Siepraw (1209062, gmina wiejska)",108,100,2,"[a, g, i]",0,0,0,"b) NIE","b) NIE",9800
"2075","https://fedrowanie.siecobywatelska.pl/sprawy/wnioski-o-informacje-w-2025-740","SIERADZ","samorząd gminy","gmina miejska","Łódzkie","Sieradzki","Sieradz","Łódzkie / Sieradzki / Sieradz (1014011, gmina miejska)",64,50,2,"[e]",0,0,0,"b) NIE","b) NIE",37760
"459","https://fedrowanie.siecobywatelska.pl/sprawy/wnioski-o-informacje-w-2025-741","SIERADZ","samorząd gminy","gmina wiejska","Łódzkie","Sieradzki","Sieradz","Łódzkie / Sieradzki / Sieradz (1014082, gmina wiejska)",97,97,1,"[f]",0,0,0,"b) NIE","b) NIE",10860
"1495","https://fedrowanie.siecobywatelska.pl/sprawy/wnioski-o-informacje-w-2025-1719","SIERAKOWICE","samorząd gminy","gmina wiejska","Pomorskie","Kartuski","Sierakowice","Pomorskie / Kartuski / Sierakowice (2205042, gmina wiejska)",100,94,0,"[c]",1,0,0,"b) NIE","b) NIE",21230
"2352","https://fedrowanie.siecobywatelska.pl/sprawy/wnioski-o-informacje-w-2025-2309","SIERAKÓW","samorząd gminy","gmina miejsko-wiejska","Wielkopolskie","Międzychodzki","Sieraków","Wielkopolskie / Międzychodzki / Sieraków (3014043, gmina miejsko-wiejska)",78,72,1,"[a, b, c]",0,0,0,"b) NIE","a) TAK",8370
"1356","https://fedrowanie.siecobywatelska.pl/sprawy/wnioski-o-informacje-w-2025-2310","SIEROSZEWICE","samorząd gminy","gmina wiejska","Wielkopolskie","Ostrowski","Sieroszewice","Wielkopolskie / Ostrowski / Sieroszewice (3017072, gmina wiejska)",66,64,1,"[h]",0,0,0,"b) NIE","a) TAK",9210
"1153","https://fedrowanie.siecobywatelska.pl/sprawy/wnioski-o-informacje-w-2025-1202","SIERPC","samorząd gminy","gmina wiejska","Mazowieckie","Sierpecki","Sierpc","Mazowieckie / Sierpecki / Sierpc (1427052, gmina wiejska)",39,39,0,"N/A",0,0,0,"b) NIE","b) NIE",6490
"490","https://fedrowanie.siecobywatelska.pl/sprawy/wnioski-o-informacje-w-2025-1201","SIERPC","samorząd gminy","gmina miejska","Mazowieckie","Sierpecki","Sierpc","Mazowieckie / Sierpecki / Sierpc (1427011, gmina miejska)",65,59,0,"[a, c, f]",0,0,0,"b) NIE","b) NIE",16540
"1507","https://fedrowanie.siecobywatelska.pl/sprawy/wnioski-o-informacje-w-2025-1883","SIEWIERZ","samorząd gminy","gmina miejsko-wiejska","Śląskie","Będziński","Siewierz","Śląskie / Będziński / Siewierz (2401073, gmina miejsko-wiejska)",130,130,0,"[a, b, c]",0,1,0,"b) NIE","a) TAK",12770
"979","https://fedrowanie.siecobywatelska.pl/sprawy/wnioski-o-informacje-w-2025-1998","SKALBMIERZ","samorząd gminy","gmina miejsko-wiejska","Świętokrzyskie","Kazimierski","Skalbmierz","Świętokrzyskie / Kazimierski / Skalbmierz (2603053, gmina miejsko-wiejska)",83,83,0,"N/A",0,0,0,"b) NIE","b) NIE",5980
"1496","https://fedrowanie.siecobywatelska.pl/sprawy/wnioski-o-informacje-w-2025-920","SKAŁA","samorząd gminy","gmina miejsko-wiejska","Małopolskie","Krakowski","Skała","Małopolskie / Krakowski / Skała (1206103, gmina miejsko-wiejska)",132,132,1,"[a, c, b]",2,2,0,"b) NIE","b) NIE",10860
"1357","https://fedrowanie.siecobywatelska.pl/sprawy/wnioski-o-informacje-w-2025-1339","SKARBIMIERZ","samorząd gminy","gmina wiejska","Opolskie","Brzeski","Skarbimierz","Opolskie / Brzeski / Skarbimierz (1601022, gmina wiejska)",129,129,0,"N/A",0,0,0,"b) NIE","b) NIE",8840
"1498","https://fedrowanie.siecobywatelska.pl/sprawy/wnioski-o-informacje-w-2025-1720","SKARSZEWY","samorząd gminy","gmina miejsko-wiejska","Pomorskie","Starogardzki","Skarszewy","Pomorskie / Starogardzki / Skarszewy (2213093, gmina miejsko-wiejska)",90,89,8,"[a, f]",0,2,0,"b) NIE","b) NIE",14430
"2353","https://fedrowanie.siecobywatelska.pl/sprawy/wnioski-o-informacje-w-2025-1203","SKARYSZEW","samorząd gminy","gmina miejsko-wiejska","Mazowieckie","Radomski","Skaryszew","Mazowieckie / Radomski / Skaryszew (1425103, gmina miejsko-wiejska)",45,45,0,"N/A",0,0,0,"b) NIE","b) NIE",15650
"732","https://fedrowanie.siecobywatelska.pl/sprawy/wnioski-o-informacje-w-2025-1999","SKARŻYSKO-KAMIENNA","samorząd gminy","gmina miejska","Świętokrzyskie","Skarżyski","Skarżysko-Kamienna","Świętokrzyskie / Skarżyski / Skarżysko-Kamienna (2610011, gmina miejska)",115,115,0,"N/A",0,0,0,"b) NIE","a) TAK",40100
"576","https://fedrowanie.siecobywatelska.pl/sprawy/wnioski-o-informacje-w-2025-2000","SKARŻYSKO-KOŚCIELNE","samorząd gminy","gmina wiejska","Świętokrzyskie","Skarżyski","Skarżysko Kościelne","Świętokrzyskie / Skarżyski / Skarżysko Kościelne (2610042, gmina wiejska)","BD",59,0,"[c]",0,0,0,"b) NIE","a) TAK",5350
"2378","https://fedrowanie.siecobywatelska.pl/sprawy/wnioski-o-informacje-w-2025-921","SKAWINA","samorząd gminy","gmina miejsko-wiejska","Małopolskie","Krakowski","Skawina","Małopolskie / Krakowski / Skawina (1206113, gmina miejsko-wiejska)",207,"BD",7,"[b, c, d]",0,2,0,"b) NIE","a) TAK",43940
"2490","https://fedrowanie.siecobywatelska.pl/sprawy/wnioski-o-informacje-w-2025-579","SKĄPE","samorząd gminy","gmina wiejska","Lubuskie","Świebodziński","Skąpe","Lubuskie / Świebodziński / Skąpe (0808032, gmina wiejska)",74,74,0,"N/A",0,0,0,"b) NIE","b) NIE",4800
"2148","https://fedrowanie.siecobywatelska.pl/sprawy/wnioski-o-informacje-w-2025-282","SKĘPE","samorząd gminy","gmina miejsko-wiejska","Kujawsko-Pomorskie","Lipnowski","Skępe","Kujawsko-Pomorskie / Lipnowski / Skępe (0408073, gmina miejsko-wiejska)",52,52,0,"N/A",0,0,0,"a) TAK","b) NIE",6930
"1499","https://fedrowanie.siecobywatelska.pl/sprawy/wnioski-o-informacje-w-2025-461","SKIERBIESZÓW","samorząd gminy","gmina wiejska","Lubelskie","Zamojski","Skierbieszów","Lubelskie / Zamojski / Skierbieszów (0620102, gmina wiejska)",105,105,0,"N/A",0,0,0,"b) NIE","b) NIE",4570
"425","https://fedrowanie.siecobywatelska.pl/sprawy/wnioski-o-informacje-w-2025-742","SKIERNIEWICE","samorząd gminy","gmina wiejska","Łódzkie","Skierniewicki","Skierniewice","Łódzkie / Skierniewicki / Skierniewice (1015082, gmina wiejska)",80,80,0,"N/A",0,0,0,"b) NIE","b) NIE",8250
"1032","https://fedrowanie.siecobywatelska.pl/sprawy/wnioski-o-informacje-w-2025-743","Skierniewice","miasto na prawach powiatu","miasto na prawach powiatu","Łódzkie","Skierniewice",,"Łódzkie / Skierniewice (1063, miasto na prawach powiatu)",150,141,7,"[b,f]",0,4,2,"b) NIE","b) NIE",44810
"2066","https://fedrowanie.siecobywatelska.pl/sprawy/wnioski-o-informacje-w-2025-1884","SKOCZÓW","samorząd gminy","gmina miejsko-wiejska","Śląskie","Cieszyński","Skoczów","Śląskie / Cieszyński / Skoczów (2403103, gmina miejsko-wiejska)",106,102,4,"[h, i]",0,0,0,"b) NIE","b) NIE",25880
"980","https://fedrowanie.siecobywatelska.pl/sprawy/wnioski-o-informacje-w-2025-2311","SKOKI","samorząd gminy","gmina miejsko-wiejska","Wielkopolskie","Wągrowiecki","Skoki","Wielkopolskie / Wągrowiecki / Skoki (3028053, gmina miejsko-wiejska)",119,115,0,"N/A",0,0,0,"b) NIE","b) NIE",10310
"1358","https://fedrowanie.siecobywatelska.pl/sprawy/wnioski-o-informacje-w-2025-1483","SKOŁYSZYN","samorząd gminy","gmina wiejska","Podkarpackie","Jasielski","Skołyszyn","Podkarpackie / Jasielski / Skołyszyn (1805092, gmina wiejska)",80,80,0,"N/A",0,0,0,"b) NIE","b) NIE",11810
"1500","https://fedrowanie.siecobywatelska.pl/sprawy/wnioski-o-informacje-w-2025-744","SKOMLIN","samorząd gminy","gmina wiejska","Łódzkie","Wieluński","Skomlin","Łódzkie / Wieluński / Skomlin (1017082, gmina wiejska)",65,62,0,"[a, b, c]",0,0,0,"b) NIE","b) NIE",3150
"639","https://fedrowanie.siecobywatelska.pl/sprawy/wnioski-o-informacje-w-2025-1721","SKÓRCZ","samorząd gminy","gmina miejska","Pomorskie","Starogardzki","Skórcz","Pomorskie / Starogardzki / Skórcz (2213021, gmina miejska)",63,61,1,"[g]",0,0,0,"b) NIE","b) NIE",3390
"1533","https://fedrowanie.siecobywatelska.pl/sprawy/wnioski-o-informacje-w-2025-922","SKRZYSZÓW","samorząd gminy","gmina wiejska","Małopolskie","Tarnowski","Skrzyszów","Małopolskie / Tarnowski / Skrzyszów (1216082, gmina wiejska)",86,84,1,"[h, i]",0,0,0,"b) NIE","b) NIE",14200
"2149","https://fedrowanie.siecobywatelska.pl/sprawy/wnioski-o-informacje-w-2025-580","SKWIERZYNA","samorząd gminy","gmina miejsko-wiejska","Lubuskie","Międzyrzecki","Skwierzyna","Lubuskie / Międzyrzecki / Skwierzyna (0803053, gmina miejsko-wiejska)",42,38,0,"N/A",0,0,"BD","BD","BD",11310
"427","https://fedrowanie.siecobywatelska.pl/sprawy/wnioski-o-informacje-w-2025-923","SŁABOSZÓW","samorząd gminy","gmina wiejska","Małopolskie","Miechowski","Słaboszów","Małopolskie / Miechowski / Słaboszów (1208072, gmina wiejska)",72,72,0,"N/A",0,0,0,"b) NIE","b) NIE",3260
"1501","https://fedrowanie.siecobywatelska.pl/sprawy/wnioski-o-informacje-w-2025-581","SŁAWA","samorząd gminy","gmina miejsko-wiejska","Lubuskie","Wschowski","Sława","Lubuskie / Wschowski / Sława (0812013, gmina miejsko-wiejska)",66,66,0,"N/A",0,0,0,"b) NIE","b) NIE",12310
"349","https://fedrowanie.siecobywatelska.pl/sprawy/wnioski-o-informacje-w-2025-462","SŁAWATYCZE","samorząd gminy","gmina wiejska","Lubelskie","Bialski","Sławatycze","Lubelskie / Bialski / Sławatycze (0601142, gmina wiejska)",42,42,0,"N/A",0,0,0,"b) NIE","b) NIE",2200
"2037","https://fedrowanie.siecobywatelska.pl/sprawy/wnioski-o-informacje-w-2025-1885","SŁAWKÓW","samorząd gminy","gmina miejska","Śląskie","Będziński","Sławków","Śląskie / Będziński / Sławków (2401081, gmina miejska)",89,87,2,"[f]",0,0,0,"a) TAK","a) TAK",6760
"1022","https://fedrowanie.siecobywatelska.pl/sprawy/wnioski-o-informacje-w-2025-745","SŁAWNO","samorząd gminy","gmina wiejska","Łódzkie","Opoczyński","Sławno","Łódzkie / Opoczyński / Sławno (1007072, gmina wiejska)",81,81,0,"N/A",0,0,0,"b) NIE","b) NIE",7450
"748","https://fedrowanie.siecobywatelska.pl/sprawy/wnioski-o-informacje-w-2025-2450","SŁAWNO","samorząd gminy","gmina miejska","Zachodniopomorskie","Sławieński","Sławno","Zachodniopomorskie / Sławieński / Sławno (3213021, gmina miejska)",63,62,0,"[a]",0,0,0,"a) TAK","b) NIE",11450
"875","https://fedrowanie.siecobywatelska.pl/sprawy/wnioski-o-informacje-w-2025-2451","SŁAWNO","samorząd gminy","gmina wiejska","Zachodniopomorskie","Sławieński","Sławno","Zachodniopomorskie / Sławieński / Sławno (3213062, gmina wiejska)",74,69,1,"[a, c]",0,0,0,"b) NIE","b) NIE",8250
"1694","https://fedrowanie.siecobywatelska.pl/sprawy/wnioski-o-informacje-w-2025-2452","SŁAWOBORZE","samorząd gminy","gmina wiejska","Zachodniopomorskie","Świdwiński","Sławoborze","Zachodniopomorskie / Świdwiński / Sławoborze (3216052, gmina wiejska)",67,67,0,"N/A",0,0,0,"b) NIE","b) NIE",3730
"2038","https://fedrowanie.siecobywatelska.pl/sprawy/wnioski-o-informacje-w-2025-924","SŁOMNIKI","samorząd gminy","gmina miejsko-wiejska","Małopolskie","Krakowski","Słomniki","Małopolskie / Krakowski / Słomniki (1206123, gmina miejsko-wiejska)",101,86,0,"[b, c, d]",0,0,0,"b) NIE","b) NIE",13620
"350","https://fedrowanie.siecobywatelska.pl/sprawy/wnioski-o-informacje-w-2025-925","SŁOPNICE","samorząd gminy","gmina wiejska","Małopolskie","Limanowski","Słopnice","Małopolskie / Limanowski / Słopnice (1207112, gmina wiejska)",84,84,0,"[a]",0,0,0,"b) NIE","b) NIE",7050
"124","https://fedrowanie.siecobywatelska.pl/sprawy/wnioski-o-informacje-w-2025-583","SŁUBICE","samorząd gminy","gmina miejsko-wiejska","Lubuskie","Słubicki","Słubice","Lubuskie / Słubicki / Słubice (0805053, gmina miejsko-wiejska)",180,172,4,"[a, c, f]",2,0,0,"b) NIE","b) NIE",19910
"1918","https://fedrowanie.siecobywatelska.pl/sprawy/wnioski-o-informacje-w-2025-1205","SŁUBICE","samorząd gminy","gmina wiejska","Mazowieckie","Płocki","Słubice","Mazowieckie / Płocki / Słubice (1419112, gmina wiejska)",57,57,0,"N/A",0,0,0,"b) NIE","b) NIE",4020
"2009","https://fedrowanie.siecobywatelska.pl/sprawy/wnioski-o-informacje-w-2025-2313","SŁUPCA","samorząd gminy","gmina miejska","Wielkopolskie","Słupecki","Słupca","Wielkopolskie / Słupecki / Słupca (3023011, gmina miejska)",131,112,1,"[a, c, f]",0,0,0,"b) NIE","a) TAK",12670
"853","https://fedrowanie.siecobywatelska.pl/sprawy/wnioski-o-informacje-w-2025-2314","SŁUPCA","samorząd gminy","gmina wiejska","Wielkopolskie","Słupecki","Słupca","Wielkopolskie / Słupecki / Słupca (3023062, gmina wiejska)",94,94,0,"N/A",0,0,0,"b) NIE","b) NIE",10070
"1503","https://fedrowanie.siecobywatelska.pl/sprawy/wnioski-o-informacje-w-2025-746","SŁUPIA","samorząd gminy","gmina wiejska","Łódzkie","Skierniewicki","Słupia","Łódzkie / Skierniewicki / Słupia (1015092, gmina wiejska)",84,84,0,"N/A",0,0,0,"b) NIE","b) NIE",2490
"982","https://fedrowanie.siecobywatelska.pl/sprawy/wnioski-o-informacje-w-2025-2001","SŁUPIA JĘDRZEJOWSKA","samorząd gminy","gmina wiejska","Świętokrzyskie","Jędrzejowski","Słupia","Świętokrzyskie / Jędrzejowski / Słupia (2602072, gmina wiejska)",56,56,0,"N/A",0,0,0,"b) NIE","a) TAK",3830
"67","https://fedrowanie.siecobywatelska.pl/sprawy/wnioski-o-informacje-w-2025-2002","SŁUPIA KONECKA","samorząd gminy","gmina wiejska","Świętokrzyskie","Konecki","Słupia Konecka","Świętokrzyskie / Konecki / Słupia Konecka (2605062, gmina wiejska)",39,39,0,"N/A",0,0,0,"b) NIE","b) NIE",2900
"1695","https://fedrowanie.siecobywatelska.pl/sprawy/wnioski-o-informacje-w-2025-1206","SŁUPNO","samorząd gminy","gmina wiejska","Mazowieckie","Płocki","Słupno","Mazowieckie / Płocki / Słupno (1419122, gmina wiejska)",84,82,2,"[f, g]",0,0,0,"b) NIE","a) TAK",9160
"2379","https://fedrowanie.siecobywatelska.pl/sprawy/wnioski-o-informacje-w-2025-1723","Słupsk","miasto na prawach powiatu","miasto na prawach powiatu","Pomorskie","Słupsk",,"Pomorskie / Słupsk (2263, miasto na prawach powiatu)",204,"BD",1,"[a, b, c]",0,1,0,"a) TAK","b) NIE",84220
"1696","https://fedrowanie.siecobywatelska.pl/sprawy/wnioski-o-informacje-w-2025-1724","SMĘTOWO GRANICZNE","samorząd gminy","gmina wiejska","Pomorskie","Starogardzki","Smętowo Graniczne","Pomorskie / Starogardzki / Smętowo Graniczne (2213112, gmina wiejska)",85,82,3,"[g]",0,1,0,"b) NIE","b) NIE",4730
"351","https://fedrowanie.siecobywatelska.pl/sprawy/wnioski-o-informacje-w-2025-2003","SMYKÓW","samorząd gminy","gmina wiejska","Świętokrzyskie","Konecki","Smyków","Świętokrzyskie / Konecki / Smyków (2605072, gmina wiejska)",40,40,0,"N/A",0,0,0,"a) TAK","a) TAK",3620
"424","https://fedrowanie.siecobywatelska.pl/sprawy/wnioski-o-informacje-w-2025-1207","SOBIENIE-JEZIORY","samorząd gminy","gmina wiejska","Mazowieckie","Otwocki","Sobienie-Jeziory","Mazowieckie / Otwocki / Sobienie-Jeziory (1417072, gmina wiejska)",90,90,0,"N/A",0,0,0,"b) NIE","b) NIE",6160
"983","https://fedrowanie.siecobywatelska.pl/sprawy/wnioski-o-informacje-w-2025-2004","SOBKÓW","samorząd gminy","gmina miejsko-wiejska","Świętokrzyskie","Jędrzejowski","Sobków","Świętokrzyskie / Jędrzejowski / Sobków (2602083, gmina miejsko-wiejska)",75,75,0,"N/A",0,0,0,"a) TAK","b) NIE",8260
"1505","https://fedrowanie.siecobywatelska.pl/sprawy/wnioski-o-informacje-w-2025-1208","SOBOLEW","samorząd gminy","gmina wiejska","Mazowieckie","Garwoliński","Sobolew","Mazowieckie / Garwoliński / Sobolew (1403112, gmina wiejska)",160,160,0,"N/A",0,0,0,"b) NIE","b) NIE",7740
"428","https://fedrowanie.siecobywatelska.pl/sprawy/wnioski-o-informacje-w-2025-1210","SOCHACZEW","samorząd gminy","gmina wiejska","Mazowieckie","Sochaczewski","Sochaczew","Mazowieckie / Sochaczewski / Sochaczew (1428072, gmina wiejska)",53,97,0,"N/A",0,0,0,"b) NIE","b) NIE",12110
"984","https://fedrowanie.siecobywatelska.pl/sprawy/wnioski-o-informacje-w-2025-1209","SOCHACZEW","samorząd gminy","gmina miejska","Mazowieckie","Sochaczewski","Sochaczew","Mazowieckie / Sochaczewski / Sochaczew (1428011, gmina miejska)",110,110,0,"N/A",22,0,0,"b) NIE","b) NIE",32790
"1506","https://fedrowanie.siecobywatelska.pl/sprawy/wnioski-o-informacje-w-2025-1211","SOCHOCIN","samorząd gminy","gmina miejsko-wiejska","Mazowieckie","Płoński","Sochocin","Mazowieckie / Płoński / Sochocin (1420113, gmina miejsko-wiejska)",77,77,0,"N/A",0,0,0,"b) NIE","b) NIE",5520
"125","https://fedrowanie.siecobywatelska.pl/sprawy/wnioski-o-informacje-w-2025-1484","SOKOŁÓW MAŁOPOLSKI","samorząd gminy","gmina miejsko-wiejska","Podkarpackie","Rzeszowski","Sokołów Małopolski","Podkarpackie / Rzeszowski / Sokołów Małopolski (1816113, gmina miejsko-wiejska)",48,47,1,"[b]",0,1,0,"a) TAK","b) NIE",17380
"1608","https://fedrowanie.siecobywatelska.pl/sprawy/wnioski-o-informacje-w-2025-1213","SOKOŁÓW PODLASKI","samorząd gminy","gmina wiejska","Mazowieckie","Sokołowski","Sokołów Podlaski","Mazowieckie / Sokołowski / Sokołów Podlaski (1429082, gmina wiejska)",94,94,0,"N/A",0,0,0,"b) NIE","b) NIE",5770
"2039","https://fedrowanie.siecobywatelska.pl/sprawy/wnioski-o-informacje-w-2025-1212","SOKOŁÓW PODLASKI","samorząd gminy","gmina miejska","Mazowieckie","Sokołowski","Sokołów Podlaski","Mazowieckie / Sokołowski / Sokołów Podlaski (1429011, gmina miejska)",85,85,0,"[a, c]",0,0,0,"b) NIE","a) TAK",18050
"1012","https://fedrowanie.siecobywatelska.pl/sprawy/wnioski-o-informacje-w-2025-1602","SOKOŁY","samorząd gminy","gmina wiejska","Podlaskie","Wysokomazowiecki","Sokoły","Podlaskie / Wysokomazowiecki / Sokoły (2013082, gmina wiejska)",68,68,0,"N/A",0,0,0,"b) NIE","b) NIE",5110
"1508","https://fedrowanie.siecobywatelska.pl/sprawy/wnioski-o-informacje-w-2025-1603","SOKÓŁKA","samorząd gminy","gmina miejsko-wiejska","Podlaskie","Sokólski","Sokółka","Podlaskie / Sokólski / Sokółka (2011083, gmina miejsko-wiejska)",19,19,1,"[a, b]",0,0,0,"b) NIE","b) NIE",23420
"1509","https://fedrowanie.siecobywatelska.pl/sprawy/wnioski-o-informacje-w-2025-284","SOLEC KUJAWSKI","samorząd gminy","gmina miejsko-wiejska","Kujawsko-Pomorskie","Bydgoski","Solec Kujawski","Kujawsko-Pomorskie / Bydgoski / Solec Kujawski (0403083, gmina miejsko-wiejska)",109,105,3,"[f, g, h]",0,0,0,"a) TAK","a) TAK",16160
"352","https://fedrowanie.siecobywatelska.pl/sprawy/wnioski-o-informacje-w-2025-1214","SOLEC NAD WISŁĄ","samorząd gminy","gmina miejsko-wiejska","Mazowieckie","Lipski","Solec Nad Wisłą","Mazowieckie / Lipski / Solec Nad Wisłą (1409063, gmina miejsko-wiejska)",46,33,1,"BD","BD","BD","BD","BD","BD",4440
"1698","https://fedrowanie.siecobywatelska.pl/sprawy/wnioski-o-informacje-w-2025-2005","SOLEC-ZDRÓJ","samorząd gminy","gmina wiejska","Świętokrzyskie","Buski","Solec-Zdrój","Świętokrzyskie / Buski / Solec-Zdrój (2601052, gmina wiejska)",74,74,0,"N/A",0,0,0,"b) NIE","b) NIE",4790
"2231","https://fedrowanie.siecobywatelska.pl/sprawy/wnioski-o-informacje-w-2025-1485","SOLINA","samorząd gminy","gmina wiejska","Podkarpackie","Leski","Solina","Podkarpackie / Leski / Solina (1821052, gmina wiejska)",33,33,0,"N/A",0,0,0,"b) NIE","b) NIE",5140
"1510","https://fedrowanie.siecobywatelska.pl/sprawy/wnioski-o-informacje-w-2025-1215","SOMIANKA","samorząd gminy","gmina wiejska","Mazowieckie","Wyszkowski","Somianka","Mazowieckie / Wyszkowski / Somianka (1435042, gmina wiejska)",73,71,1,"[a, i]",0,0,0,"b) NIE","b) NIE",5620
"1363","https://fedrowanie.siecobywatelska.pl/sprawy/wnioski-o-informacje-w-2025-1726","SOMONINO","samorząd gminy","gmina wiejska","Pomorskie","Kartuski","Somonino","Pomorskie / Kartuski / Somonino (2205052, gmina wiejska)",91,87,0,"[a, c]",0,0,0,"b) NIE","b) NIE",11400
"1364","https://fedrowanie.siecobywatelska.pl/sprawy/wnioski-o-informacje-w-2025-2315","SOMPOLNO","samorząd gminy","gmina miejsko-wiejska","Wielkopolskie","Koniński","Sompolno","Wielkopolskie / Koniński / Sompolno (3010103, gmina miejsko-wiejska)",81,81,0,"N/A",0,0,0,"b) NIE","b) NIE",9950
"985","https://fedrowanie.siecobywatelska.pl/sprawy/wnioski-o-informacje-w-2025-1216","SOŃSK","samorząd gminy","gmina wiejska","Mazowieckie","Ciechanowski","Sońsk","Mazowieckie / Ciechanowski / Sońsk (1402092, gmina wiejska)",52,52,0,"N/A",0,0,0,"b) NIE","b) NIE",7230
"1078","https://fedrowanie.siecobywatelska.pl/sprawy/wnioski-o-informacje-w-2025-2124","SORKWITY","samorząd gminy","gmina wiejska","Warmińsko-Mazurskie","Mrągowski","Sorkwity","Warmińsko-Mazurskie / Mrągowski / Sorkwity (2810052, gmina wiejska)",62,62,0,"N/A",0,0,0,"b) NIE","b) NIE",4300
"1366","https://fedrowanie.siecobywatelska.pl/sprawy/wnioski-o-informacje-w-2025-463","SOSNOWICA","samorząd gminy","gmina wiejska","Lubelskie","Parczewski","Sosnowica","Lubelskie / Parczewski / Sosnowica (0613072, gmina wiejska)",79,79,0,"N/A",0,0,0,"b) NIE","b) NIE",2240
"2067","https://fedrowanie.siecobywatelska.pl/sprawy/wnioski-o-informacje-w-2025-1886","Sosnowiec","miasto na prawach powiatu","miasto na prawach powiatu","Śląskie","Sosnowiec",,"Śląskie / Sosnowiec (2475, miasto na prawach powiatu)",371,368,3,"[e, f, g]",0,0,0,"b) NIE","a) TAK",182970
"1365","https://fedrowanie.siecobywatelska.pl/sprawy/wnioski-o-informacje-w-2025-1887","SOŚNICOWICE","samorząd gminy","gmina miejsko-wiejska","Śląskie","Gliwicki","Sośnicowice","Śląskie / Gliwicki / Sośnicowice (2405063, gmina miejsko-wiejska)",69,68,0,"N/A",0,0,0,"b) NIE","b) NIE",9160
"1511","https://fedrowanie.siecobywatelska.pl/sprawy/wnioski-o-informacje-w-2025-2316","SOŚNIE","samorząd gminy","gmina wiejska","Wielkopolskie","Ostrowski","Sośnie","Wielkopolskie / Ostrowski / Sośnie (3017082, gmina wiejska)",85,84,1,"[a]",0,1,0,"b) NIE","b) NIE",6150
"1512","https://fedrowanie.siecobywatelska.pl/sprawy/wnioski-o-informacje-w-2025-285","SOŚNO","samorząd gminy","gmina wiejska","Kujawsko-Pomorskie","Sępoleński","Sośno","Kujawsko-Pomorskie / Sępoleński / Sośno (0413032, gmina wiejska)",74,74,0,"N/A",0,0,0,"b) NIE","a) TAK",4360
"353","https://fedrowanie.siecobywatelska.pl/sprawy/wnioski-o-informacje-w-2025-465","SPICZYN","samorząd gminy","gmina wiejska","Lubelskie","Łęczyński","Spiczyn","Lubelskie / Łęczyński / Spiczyn (0610062, gmina wiejska)",81,80,0,"[f]",0,0,0,"b) NIE","b) NIE",5970
"1367","https://fedrowanie.siecobywatelska.pl/sprawy/wnioski-o-informacje-w-2025-926","Spytkowice (pow. nowotarski)","samorząd gminy","gmina wiejska","Małopolskie","Nowotarski","Spytkowice","Małopolskie / Nowotarski / Spytkowice (1211132, gmina wiejska)",55,55,0,"N/A",0,0,0,"b) NIE","b) NIE",4700
"1368","https://fedrowanie.siecobywatelska.pl/sprawy/wnioski-o-informacje-w-2025-927","Spytkowice (pow. wadowicki)","samorząd gminy","gmina wiejska","Małopolskie","Wadowicki","Spytkowice","Małopolskie / Wadowicki / Spytkowice (1218062, gmina wiejska)",167,120,1,"[a, c, f]",0,0,0,"b) NIE","b) NIE",10020
"1516","https://fedrowanie.siecobywatelska.pl/sprawy/wnioski-o-informacje-w-2025-466","STANIN","samorząd gminy","gmina wiejska","Lubelskie","Łukowski","Stanin","Lubelskie / Łukowski / Stanin (0611072, gmina wiejska)",80,79,1,"[f]",0,0,0,"b) NIE","b) NIE",8990
"2473","https://fedrowanie.siecobywatelska.pl/sprawy/wnioski-o-informacje-w-2025-1217","STANISŁAWÓW","samorząd gminy","gmina miejsko-wiejska","Mazowieckie","Miński","Stanisławów","Mazowieckie / Miński / Stanisławów (1412143, gmina miejsko-wiejska)",101,97,4,"[b, d]",0,0,0,"b) NIE","a) TAK",7050
"1371","https://fedrowanie.siecobywatelska.pl/sprawy/wnioski-o-informacje-w-2025-1218","STARA BIAŁA","samorząd gminy","gmina wiejska","Mazowieckie","Płocki","Stara Biała","Mazowieckie / Płocki / Stara Biała (1419132, gmina wiejska)","BD",83,0,"[a]",0,0,0,"b) NIE","b) NIE",12220
"354","https://fedrowanie.siecobywatelska.pl/sprawy/wnioski-o-informacje-w-2025-1219","STARA BŁOTNICA","samorząd gminy","gmina wiejska","Mazowieckie","Białobrzeski","Stara Błotnica","Mazowieckie / Białobrzeski / Stara Błotnica (1401042, gmina wiejska)",95,94,1,"[f]",0,0,0,"b) NIE","a) TAK",5360
"988","https://fedrowanie.siecobywatelska.pl/sprawy/wnioski-o-informacje-w-2025-2453","STARA DĄBROWA","samorząd gminy","gmina wiejska","Zachodniopomorskie","Stargardzki","Stara Dąbrowa","Zachodniopomorskie / Stargardzki / Stara Dąbrowa (3214092, gmina wiejska)",152,23,0,"[a, b, c]",0,1,0,"b) NIE","b) NIE",3500
"1518","https://fedrowanie.siecobywatelska.pl/sprawy/wnioski-o-informacje-w-2025-122","STARA KAMIENICA","samorząd gminy","gmina wiejska","Dolnośląskie","Karkonoski","Stara Kamienica","Dolnośląskie / Karkonoski / Stara Kamienica (0206092, gmina wiejska)",43,43,0,"N/A",0,0,0,"b) NIE","b) NIE",5210
"1033","https://fedrowanie.siecobywatelska.pl/sprawy/wnioski-o-informacje-w-2025-2006","STARACHOWICE","samorząd gminy","gmina miejska","Świętokrzyskie","Starachowicki","Starachowice","Świętokrzyskie / Starachowicki / Starachowice (2611011, gmina miejska)",139,139,0,"N/A",0,0,0,"b) NIE","b) NIE",43280
"265","https://fedrowanie.siecobywatelska.pl/sprawy/wnioski-o-informacje-w-2025-1220","STARAKORNICA","samorząd gminy","gmina wiejska","Mazowieckie","Łosicki","Stara Kornica","Mazowieckie / Łosicki / Stara Kornica (1410062, gmina wiejska)",93,89,0,"[f, g, i]",0,0,0,"b) NIE","b) NIE",4300
"1699","https://fedrowanie.siecobywatelska.pl/sprawy/wnioski-o-informacje-w-2025-1888","STARCZA","samorząd gminy","gmina wiejska","Śląskie","Częstochowski","Starcza","Śląskie / Częstochowski / Starcza (2404162, gmina wiejska)",89,89,0,"N/A",0,0,0,"b) NIE","b) NIE",2990
"2475","https://fedrowanie.siecobywatelska.pl/sprawy/wnioski-o-informacje-w-2025-1221","STARE BABICE","samorząd gminy","gmina wiejska","Mazowieckie","Warszawski Zachodni","Stare Babice","Mazowieckie / Warszawski Zachodni / Stare Babice (1432072, gmina wiejska)",164,162,0,"[a, b]",0,1,0,"b) NIE","b) NIE",23540
"782","https://fedrowanie.siecobywatelska.pl/sprawy/wnioski-o-informacje-w-2025-123","STARE BOGACZOWICE","samorząd gminy","gmina wiejska","Dolnośląskie","Wałbrzyski","Stare Bogaczowice","Dolnośląskie / Wałbrzyski / Stare Bogaczowice (0221072, gmina wiejska)",48,48,0,"N/A",0,0,0,"b) NIE","b) NIE",4310
"546","https://fedrowanie.siecobywatelska.pl/sprawy/wnioski-o-informacje-w-2025-2454","STARE CZARNOWO","samorząd gminy","gmina wiejska","Zachodniopomorskie","Gryfiński","Stare Czarnowo","Zachodniopomorskie / Gryfiński / Stare Czarnowo (3206072, gmina wiejska)",65,65,0,"N/A",0,0,0,"b) NIE","b) NIE",3620
"1700","https://fedrowanie.siecobywatelska.pl/sprawy/wnioski-o-informacje-w-2025-2126","STARE JUCHY","samorząd gminy","gmina wiejska","Warmińsko-Mazurskie","Ełcki","Stare Juchy","Warmińsko-Mazurskie / Ełcki / Stare Juchy (2805052, gmina wiejska)",91,90,1,"[f]",1,0,0,"b) NIE","b) NIE",3280
"2355","https://fedrowanie.siecobywatelska.pl/sprawy/wnioski-o-informacje-w-2025-584","STARE KUROWO","samorząd gminy","gmina wiejska","Lubuskie","Strzelecko-Drezdenecki","Stare Kurowo","Lubuskie / Strzelecko-Drezdenecki / Stare Kurowo (0806032, gmina wiejska)",90,90,0,"N/A",0,0,0,"b) NIE","b) NIE",3850
"1372","https://fedrowanie.siecobywatelska.pl/sprawy/wnioski-o-informacje-w-2025-2317","STARE MIASTO","samorząd gminy","gmina wiejska","Wielkopolskie","Koniński","Stare Miasto","Wielkopolskie / Koniński / Stare Miasto (3010112, gmina wiejska)",91,88,0,"[a, b, c]",0,0,0,"b) NIE","b) NIE",13090
"1373","https://fedrowanie.siecobywatelska.pl/sprawy/wnioski-o-informacje-w-2025-1729","STARE POLE","samorząd gminy","gmina wiejska","Pomorskie","Malborski","Stare Pole","Pomorskie / Malborski / Stare Pole (2209082, gmina wiejska)",68,68,0,"N/A",0,0,0,"b) NIE","a) TAK",4250
"2380","https://fedrowanie.siecobywatelska.pl/sprawy/wnioski-o-informacje-w-2025-2455","STARGARD","samorząd gminy","gmina miejska","Zachodniopomorskie","Stargardzki","Stargard","Zachodniopomorskie / Stargardzki / Stargard (3214011, gmina miejska)",136,129,5,"[a, b]",0,0,0,"b) NIE","b) NIE",65700
"854","https://fedrowanie.siecobywatelska.pl/sprawy/wnioski-o-informacje-w-2025-2456","STARGARD","samorząd gminy","gmina wiejska","Zachodniopomorskie","Stargardzki","Stargard","Zachodniopomorskie / Stargardzki / Stargard (3214102, gmina wiejska)",98,98,0,"N/A",0,0,0,"b) NIE","a) TAK",16160
"622","https://fedrowanie.siecobywatelska.pl/sprawy/wnioski-o-informacje-w-2025-1731","STAROGARD GDAŃSKI","samorząd gminy","gmina wiejska","Pomorskie","Starogardzki","Starogard Gdański","Pomorskie / Starogardzki / Starogard Gdański (2213122, gmina wiejska)",89,77,3,"[a, c, f]",0,1,0,"b) NIE","a) TAK",17370
"3332","https://fedrowanie.siecobywatelska.pl/sprawy/wnioski-o-informacje-w-2025-2481","Starostwo Powiatowe w Augustowie","starostwo powiatowe","powiat","Podlaskie","Augustowski",,"Podlaskie / Augustowski (2001, powiat)",93,86,7,"[a, b, c]",2,0,0,"b) NIE","b) NIE",
"3333","https://fedrowanie.siecobywatelska.pl/sprawy/wnioski-o-informacje-w-2025-2482","Starostwo Powiatowe w Bartoszycach","starostwo powiatowe","powiat","Warmińsko-Mazurskie","Bartoszycki",,"Warmińsko-Mazurskie / Bartoszycki (2801, powiat)",71,70,0,"N/A",0,0,0,"b) NIE","b) NIE",
"3334","https://fedrowanie.siecobywatelska.pl/sprawy/wnioski-o-informacje-w-2025-2483","Starostwo Powiatowe w Bełchatowie","starostwo powiatowe","powiat","Łódzkie","Bełchatowski",,"Łódzkie / Bełchatowski (1001, powiat)",93,85,0,"[a, c, f]",0,0,0,"b) NIE","a) TAK",
"3336","https://fedrowanie.siecobywatelska.pl/sprawy/wnioski-o-informacje-w-2025-2485","Starostwo Powiatowe w Białej Podlaskiej","starostwo powiatowe","powiat","Lubelskie","Bialski",,"Lubelskie / Bialski (0601, powiat)",115,86,0,"[c, f]",0,0,0,"b) NIE","a) TAK",
"3337","https://fedrowanie.siecobywatelska.pl/sprawy/wnioski-o-informacje-w-2025-2486","Starostwo Powiatowe w Białobrzegach","starostwo powiatowe","powiat","Mazowieckie","Białobrzeski",,"Mazowieckie / Białobrzeski (1401, powiat)",77,76,1,"[h]",0,0,0,"b) NIE","a) TAK",
"3338","https://fedrowanie.siecobywatelska.pl/sprawy/wnioski-o-informacje-w-2025-2487","Starostwo Powiatowe w Białogardzie","starostwo powiatowe","powiat","Zachodniopomorskie","Białogardzki",,"Zachodniopomorskie / Białogardzki (3201, powiat)",64,47,0,"[a, b, c]",0,0,0,"b) NIE","a) TAK",
"3339","https://fedrowanie.siecobywatelska.pl/sprawy/wnioski-o-informacje-w-2025-2488","Starostwo Powiatowe w Białymstoku","starostwo powiatowe","powiat","Podlaskie","Białostocki",,"Podlaskie / Białostocki (2002, powiat)",212,185,12,"[b, c]",0,3,0,"b) NIE","b) NIE",
"3341","https://fedrowanie.siecobywatelska.pl/sprawy/wnioski-o-informacje-w-2025-2489","Starostwo Powiatowe w Bielsko-Białej","starostwo powiatowe","powiat","Śląskie","Bielski",,"Śląskie / Bielski (2402, powiat)",184,177,6,"[f]",0,1,0,"b) NIE","b) NIE",
"3340","https://fedrowanie.siecobywatelska.pl/sprawy/wnioski-o-informacje-w-2025-2490","Starostwo Powiatowe w Bielsku Podlaskim","starostwo powiatowe","powiat","Podlaskie","Bielski",,"Podlaskie / Bielski (2003, powiat)",82,66,0,"[a, c]",0,0,0,"b) NIE","b) NIE",
"3342","https://fedrowanie.siecobywatelska.pl/sprawy/wnioski-o-informacje-w-2025-2491","Starostwo Powiatowe w Bieruniu","starostwo powiatowe","powiat","Śląskie","Bieruńsko-Lędziński",,"Śląskie / Bieruńsko-Lędziński (2414, powiat)",58,44,0,"[a, b, c]",0,0,0,"b) NIE","b) NIE",
"3344","https://fedrowanie.siecobywatelska.pl/sprawy/wnioski-o-informacje-w-2025-2492","Starostwo Powiatowe w Biłgoraju","starostwo powiatowe","powiat","Lubelskie","Biłgorajski",,"Lubelskie / Biłgorajski (0602, powiat)",92,84,8,"[a, b, c]",0,1,0,"b) NIE","b) NIE",
"3345","https://fedrowanie.siecobywatelska.pl/sprawy/wnioski-o-informacje-w-2025-2493","Starostwo Powiatowe w Bochni","starostwo powiatowe","powiat","Małopolskie","Bocheński",,"Małopolskie / Bocheński (1201, powiat)",174,90,1,"[b, c, e]",1,0,0,"b) NIE","b) NIE",
"3347","https://fedrowanie.siecobywatelska.pl/sprawy/wnioski-o-informacje-w-2025-2495","Starostwo Powiatowe w Braniewie","starostwo powiatowe","powiat","Warmińsko-Mazurskie","Braniewski",,"Warmińsko-Mazurskie / Braniewski (2802, powiat)",80,80,0,"N/A",0,0,0,"b) NIE","a) TAK",
"3348","https://fedrowanie.siecobywatelska.pl/sprawy/wnioski-o-informacje-w-2025-2496","Starostwo Powiatowe w Brodnicy","starostwo powiatowe","powiat","Kujawsko-Pomorskie","Brodnicki",,"Kujawsko-Pomorskie / Brodnicki (0402, powiat)",44,43,1,"[h]",0,0,0,"b) NIE","b) NIE",
"3350","https://fedrowanie.siecobywatelska.pl/sprawy/wnioski-o-informacje-w-2025-2497","Starostwo Powiatowe w Brzegu","starostwo powiatowe","powiat","Opolskie","Brzeski",,"Opolskie / Brzeski (1601, powiat)",482,477,0,"N/A",0,0,0,"b) NIE","b) NIE",
"3349","https://fedrowanie.siecobywatelska.pl/sprawy/wnioski-o-informacje-w-2025-2498","Starostwo Powiatowe w Brzesku","starostwo powiatowe","powiat","Małopolskie","Brzeski",,"Małopolskie / Brzeski (1202, powiat)",172,151,2,"[a, b, c]",0,1,0,"b) NIE","b) NIE",
"3351","https://fedrowanie.siecobywatelska.pl/sprawy/wnioski-o-informacje-w-2025-2499","Starostwo Powiatowe w Brzezinach","starostwo powiatowe","powiat","Łódzkie","Brzeziński",,"Łódzkie / Brzeziński (1021, powiat)",60,60,0,"N/A",0,0,0,"b) NIE","b) NIE",
"3352","https://fedrowanie.siecobywatelska.pl/sprawy/wnioski-o-informacje-w-2025-2500","Starostwo Powiatowe w Brzozowie","starostwo powiatowe","powiat","Podkarpackie","Brzozowski",,"Podkarpackie / Brzozowski (1802, powiat)","BD","BD","BD","BD","BD","BD","BD","b) NIE","b) NIE",
"3354","https://fedrowanie.siecobywatelska.pl/sprawy/wnioski-o-informacje-w-2025-2502","Starostwo Powiatowe w Bydgoszczy","starostwo powiatowe","powiat","Kujawsko-Pomorskie","Bydgoski",,"Kujawsko-Pomorskie / Bydgoski (0403, powiat)",100,87,1,"[c, h]",0,0,0,"b) NIE","b) NIE",
"3355","https://fedrowanie.siecobywatelska.pl/sprawy/wnioski-o-informacje-w-2025-2503","Starostwo Powiatowe w Bytowie","starostwo powiatowe","powiat","Pomorskie","Bytowski",,"Pomorskie / Bytowski (2201, powiat)",101,"BD",2,"[a, b, c]",0,0,"BD","b) NIE","b) NIE",
"3357","https://fedrowanie.siecobywatelska.pl/sprawy/wnioski-o-informacje-w-2025-2504","Starostwo Powiatowe w Chełmie","starostwo powiatowe","powiat","Lubelskie","Chełmski",,"Lubelskie / Chełmski (0603, powiat)",82,70,1,"[a, b, c]",0,1,1,"b) NIE","b) NIE",
"3356","https://fedrowanie.siecobywatelska.pl/sprawy/wnioski-o-informacje-w-2025-2505","Starostwo Powiatowe w Chełmnie","starostwo powiatowe","powiat","Kujawsko-Pomorskie","Chełmiński",,"Kujawsko-Pomorskie / Chełmiński (0404, powiat)",24,24,0,"N/A",0,0,0,"b) NIE","b) NIE",
"3358","https://fedrowanie.siecobywatelska.pl/sprawy/wnioski-o-informacje-w-2025-2506","Starostwo Powiatowe w Chodzieży","starostwo powiatowe","powiat","Wielkopolskie","Chodzieski",,"Wielkopolskie / Chodzieski (3001, powiat)",61,58,1,"[b, c, d]",0,0,5,"b) NIE","b) NIE",
"3359","https://fedrowanie.siecobywatelska.pl/sprawy/wnioski-o-informacje-w-2025-2507","Starostwo Powiatowe w Chojnicach","starostwo powiatowe","powiat","Pomorskie","Chojnicki",,"Pomorskie / Chojnicki (2202, powiat)",111,97,0,"[a, c]",0,0,0,"b) NIE","a) TAK",
"3361","https://fedrowanie.siecobywatelska.pl/sprawy/wnioski-o-informacje-w-2025-2509","Starostwo Powiatowe w Chrzanowie","starostwo powiatowe","powiat","Małopolskie","Chrzanowski",,"Małopolskie / Chrzanowski (1203, powiat)",134,115,3,"BD",0,1,0,"b) NIE","b) NIE",
"3362","https://fedrowanie.siecobywatelska.pl/sprawy/wnioski-o-informacje-w-2025-2510","Starostwo Powiatowe w Ciechanowie","starostwo powiatowe","powiat","Mazowieckie","Ciechanowski",,"Mazowieckie / Ciechanowski (1402, powiat)",122,122,0,"N/A",0,0,0,"b) NIE","b) NIE",
"3364","https://fedrowanie.siecobywatelska.pl/sprawy/wnioski-o-informacje-w-2025-2512","Starostwo Powiatowe w Czarnkowie","starostwo powiatowe","powiat","Wielkopolskie","Czarnkowsko-Trzcianecki",,"Wielkopolskie / Czarnkowsko-Trzcianecki (3002, powiat)",57,57,0,"N/A",0,0,0,"b) NIE","b) NIE",
"3365","https://fedrowanie.siecobywatelska.pl/sprawy/wnioski-o-informacje-w-2025-2513","Starostwo Powiatowe w Częstochowie","starostwo powiatowe","powiat","Śląskie","Częstochowski",,"Śląskie / Częstochowski (2404, powiat)",106,83,0,"[b, d]",1,0,0,"b) NIE","b) NIE",
"3367","https://fedrowanie.siecobywatelska.pl/sprawy/wnioski-o-informacje-w-2025-2515","Starostwo Powiatowe w Dąbrowie Tarnowskiej","starostwo powiatowe","powiat","Małopolskie","Dąbrowski",,"Małopolskie / Dąbrowski (1204, powiat)",84,83,1,"[c]",1,0,0,"b) NIE","a) TAK",
"3368","https://fedrowanie.siecobywatelska.pl/sprawy/wnioski-o-informacje-w-2025-2516","Starostwo Powiatowe w Dębicy","starostwo powiatowe","powiat","Podkarpackie","Dębicki",,"Podkarpackie / Dębicki (1803, powiat)",160,145,6,"[a, b, h]",0,6,0,"b) NIE","b) NIE",
"3369","https://fedrowanie.siecobywatelska.pl/sprawy/wnioski-o-informacje-w-2025-2517","Starostwo Powiatowe w Drawsku Pomorskim","starostwo powiatowe","powiat","Zachodniopomorskie","Drawski",,"Zachodniopomorskie / Drawski (3203, powiat)",78,78,0,"N/A",0,0,0,"b) NIE","b) NIE",
"3370","https://fedrowanie.siecobywatelska.pl/sprawy/wnioski-o-informacje-w-2025-2518","Starostwo Powiatowe w Działdowie","starostwo powiatowe","powiat","Warmińsko-Mazurskie","Działdowski",,"Warmińsko-Mazurskie / Działdowski (2803, powiat)",61,56,0,"[c]",0,0,0,"b) NIE","b) NIE",
"3371","https://fedrowanie.siecobywatelska.pl/sprawy/wnioski-o-informacje-w-2025-2519","Starostwo Powiatowe w Dzierżoniowie","starostwo powiatowe","powiat","Dolnośląskie","Dzierżoniowski",,"Dolnośląskie / Dzierżoniowski (0202, powiat)",90,83,0,"[c]",3,0,0,"b) NIE","a) TAK",
"3372","https://fedrowanie.siecobywatelska.pl/sprawy/wnioski-o-informacje-w-2025-2520","Starostwo Powiatowe w Elblągu","starostwo powiatowe","powiat","Warmińsko-Mazurskie","Elbląski",,"Warmińsko-Mazurskie / Elbląski (2804, powiat)",70,66,0,"[i]",0,0,0,"b) NIE","b) NIE",
"3373","https://fedrowanie.siecobywatelska.pl/sprawy/wnioski-o-informacje-w-2025-2521","Starostwo Powiatowe w Ełku","starostwo powiatowe","powiat","Warmińsko-Mazurskie","Ełcki",,"Warmińsko-Mazurskie / Ełcki (2805, powiat)",31,31,0,"N/A",0,0,0,"b) NIE","b) NIE",
"3374","https://fedrowanie.siecobywatelska.pl/sprawy/wnioski-o-informacje-w-2025-2522","Starostwo Powiatowe w Garwolinie","starostwo powiatowe","powiat","Mazowieckie","Garwoliński",,"Mazowieckie / Garwoliński (1403, powiat)",116,84,2,"[a, b, c]",0,0,0,"b) NIE","a) TAK",
"3376","https://fedrowanie.siecobywatelska.pl/sprawy/wnioski-o-informacje-w-2025-2523","Starostwo Powiatowe w Giżycku","starostwo powiatowe","powiat","Warmińsko-Mazurskie","Giżycki",,"Warmińsko-Mazurskie / Giżycki (2806, powiat)",87,85,2,"[a, c, d]",0,0,0,"b) NIE","b) NIE",
"3377","https://fedrowanie.siecobywatelska.pl/sprawy/wnioski-o-informacje-w-2025-2524","Starostwo Powiatowe w Gliwicach","starostwo powiatowe","powiat","Śląskie","Gliwicki",,"Śląskie / Gliwicki (2405, powiat)",131,124,0,"[a, c]",0,0,0,"b) NIE","b) NIE",
"3378","https://fedrowanie.siecobywatelska.pl/sprawy/wnioski-o-informacje-w-2025-2525","Starostwo Powiatowe w Głogowie","starostwo powiatowe","powiat","Dolnośląskie","Głogowski",,"Dolnośląskie / Głogowski (0203, powiat)",134,132,2,"[c, g]",0,0,0,"b) NIE","b) NIE",
"3379","https://fedrowanie.siecobywatelska.pl/sprawy/wnioski-o-informacje-w-2025-2526","Starostwo Powiatowe w Głubczycach","starostwo powiatowe","powiat","Opolskie","Głubczycki",,"Opolskie / Głubczycki (1602, powiat)",70,70,0,"N/A",0,1,0,"b) NIE","b) NIE",
"3380","https://fedrowanie.siecobywatelska.pl/sprawy/wnioski-o-informacje-w-2025-2527","Starostwo Powiatowe w Gnieźnie","starostwo powiatowe","powiat","Wielkopolskie","Gnieźnieński",,"Wielkopolskie / Gnieźnieński (3003, powiat)",68,68,0,"N/A",0,0,0,"b) NIE","b) NIE",
"3381","https://fedrowanie.siecobywatelska.pl/sprawy/wnioski-o-informacje-w-2025-2528","Starostwo Powiatowe w Goleniowie","starostwo powiatowe","powiat","Zachodniopomorskie","Goleniowski",,"Zachodniopomorskie / Goleniowski (3204, powiat)",64,"BD",7,"[f]",0,0,0,"b) NIE","b) NIE",
"3383","https://fedrowanie.siecobywatelska.pl/sprawy/wnioski-o-informacje-w-2025-2530","Starostwo Powiatowe w Gołdapi","starostwo powiatowe","powiat","Warmińsko-Mazurskie","Gołdapski",,"Warmińsko-Mazurskie / Gołdapski (2818, powiat)",42,42,0,"N/A",0,0,0,"a) TAK","b) NIE",
"3384","https://fedrowanie.siecobywatelska.pl/sprawy/wnioski-o-informacje-w-2025-2531","Starostwo Powiatowe w Gorlicach","starostwo powiatowe","powiat","Małopolskie","Gorlicki",,"Małopolskie / Gorlicki (1205, powiat)",89,87,1,"[a, f]",1,0,0,"b) NIE","b) NIE",
"3385","https://fedrowanie.siecobywatelska.pl/sprawy/wnioski-o-informacje-w-2025-2532","Starostwo Powiatowe w Gorzowie Wielkopolskim","starostwo powiatowe","powiat","Lubuskie","Gorzowski",,"Lubuskie / Gorzowski (0801, powiat)",96,89,2,"[a, b, c]",1,0,1,"b) NIE","b) NIE",
"3386","https://fedrowanie.siecobywatelska.pl/sprawy/wnioski-o-informacje-w-2025-2533","Starostwo Powiatowe w Gostyninie","starostwo powiatowe","powiat","Mazowieckie","Gostyniński",,"Mazowieckie / Gostyniński (1404, powiat)",52,52,0,"[A, C, B]",0,0,0,"b) NIE","b) NIE",
"3387","https://fedrowanie.siecobywatelska.pl/sprawy/wnioski-o-informacje-w-2025-2534","Starostwo Powiatowe w Gostyniu","starostwo powiatowe","powiat","Wielkopolskie","Gostyński",,"Wielkopolskie / Gostyński (3004, powiat)",95,86,1,"[b, d, e]",0,0,0,"b) NIE","b) NIE",
"3388","https://fedrowanie.siecobywatelska.pl/sprawy/wnioski-o-informacje-w-2025-2535","Starostwo Powiatowe w Górze","starostwo powiatowe","powiat","Dolnośląskie","Górowski",,"Dolnośląskie / Górowski (0204, powiat)",62,62,0,"N/A",0,0,0,"b) NIE","b) NIE",
"3389","https://fedrowanie.siecobywatelska.pl/sprawy/wnioski-o-informacje-w-2025-2536","Starostwo Powiatowe w Grajewie","starostwo powiatowe","powiat","Podlaskie","Grajewski",,"Podlaskie / Grajewski (2004, powiat)",79,63,0,"[a, b, c]",0,0,0,"b) NIE","b) NIE",
"3391","https://fedrowanie.siecobywatelska.pl/sprawy/wnioski-o-informacje-w-2025-2538","Starostwo Powiatowe w Grodzisku Wielkopolskim","starostwo powiatowe","powiat","Wielkopolskie","Grodziski",,"Wielkopolskie / Grodziski (3005, powiat)",73,71,2,"[F, i]",0,1,0,"b) NIE","b) NIE",
"3392","https://fedrowanie.siecobywatelska.pl/sprawy/wnioski-o-informacje-w-2025-2539","Starostwo Powiatowe w Grójcu","starostwo powiatowe","powiat","Mazowieckie","Grójecki",,"Mazowieckie / Grójecki (1406, powiat)",181,177,3,"[e, f, g]",3,3,0,"b) NIE","b) NIE",
"3393","https://fedrowanie.siecobywatelska.pl/sprawy/wnioski-o-informacje-w-2025-2540","Starostwo Powiatowe w Grudziądzu","starostwo powiatowe","powiat","Kujawsko-Pomorskie","Grudziądzki",,"Kujawsko-Pomorskie / Grudziądzki (0406, powiat)",67,67,0,"N/A",0,0,0,"b) NIE","b) NIE",
"3394","https://fedrowanie.siecobywatelska.pl/sprawy/wnioski-o-informacje-w-2025-2541","Starostwo Powiatowe w Gryficach","starostwo powiatowe","powiat","Zachodniopomorskie","Gryficki",,"Zachodniopomorskie / Gryficki (3205, powiat)",16,16,0,"N/A",0,0,0,"b) NIE","b) NIE",
"3395","https://fedrowanie.siecobywatelska.pl/sprawy/wnioski-o-informacje-w-2025-2542","Starostwo Powiatowe w Gryfinie","starostwo powiatowe","powiat","Zachodniopomorskie","Gryfiński",,"Zachodniopomorskie / Gryfiński (3206, powiat)",104,98,0,"[f]",0,0,0,"b) NIE","a) TAK",
"3396","https://fedrowanie.siecobywatelska.pl/sprawy/wnioski-o-informacje-w-2025-2543","Starostwo Powiatowe w Hajnówce","starostwo powiatowe","powiat","Podlaskie","Hajnowski",,"Podlaskie / Hajnowski (2005, powiat)",96,94,0,"[c]",0,0,0,"a) TAK","a) TAK",
"3397","https://fedrowanie.siecobywatelska.pl/sprawy/wnioski-o-informacje-w-2025-2544","Starostwo Powiatowe w Hrubieszowie","starostwo powiatowe","powiat","Lubelskie","Hrubieszowski",,"Lubelskie / Hrubieszowski (0604, powiat)",95,91,0,"[c, d, e]",0,0,0,"b) NIE","b) NIE",
"3398","https://fedrowanie.siecobywatelska.pl/sprawy/wnioski-o-informacje-w-2025-2545","Starostwo Powiatowe w Iławie","starostwo powiatowe","powiat","Warmińsko-Mazurskie","Iławski",,"Warmińsko-Mazurskie / Iławski (2807, powiat)",77,77,0,"N/A",0,0,0,"b) NIE","a) TAK",
"3399","https://fedrowanie.siecobywatelska.pl/sprawy/wnioski-o-informacje-w-2025-2546","Starostwo Powiatowe w Inowrocławiu","starostwo powiatowe","powiat","Kujawsko-Pomorskie","Inowrocławski",,"Kujawsko-Pomorskie / Inowrocławski (0407, powiat)",117,115,1,"[a, b]",0,0,0,"b) NIE","b) NIE",
"3400","https://fedrowanie.siecobywatelska.pl/sprawy/wnioski-o-informacje-w-2025-2547","Starostwo Powiatowe w Janowie Lubelskim","starostwo powiatowe","powiat","Lubelskie","Janowski",,"Lubelskie / Janowski (0605, powiat)",45,41,2,"BD",0,0,4,"b) NIE","b) NIE",
"3401","https://fedrowanie.siecobywatelska.pl/sprawy/wnioski-o-informacje-w-2025-2548","Starostwo Powiatowe w Jarocinie","starostwo powiatowe","powiat","Wielkopolskie","Jarociński",,"Wielkopolskie / Jarociński (3006, powiat)",80,80,0,"[a, c, f]",0,0,0,"b) NIE","b) NIE",
"3402","https://fedrowanie.siecobywatelska.pl/sprawy/wnioski-o-informacje-w-2025-2549","Starostwo Powiatowe w Jarosławiu","starostwo powiatowe","powiat","Podkarpackie","Jarosławski",,"Podkarpackie / Jarosławski (1804, powiat)",91,80,0,"[a, b, c]",0,0,0,"b) NIE","b) NIE",
"3403","https://fedrowanie.siecobywatelska.pl/sprawy/wnioski-o-informacje-w-2025-2550","Starostwo Powiatowe w Jaśle","starostwo powiatowe","powiat","Podkarpackie","Jasielski",,"Podkarpackie / Jasielski (1805, powiat)",115,107,2,"[f, i]",0,0,0,"b) NIE","b) NIE",
"3404","https://fedrowanie.siecobywatelska.pl/sprawy/wnioski-o-informacje-w-2025-2551","Starostwo Powiatowe w Jaworze","starostwo powiatowe","powiat","Dolnośląskie","Jaworski",,"Dolnośląskie / Jaworski (0205, powiat)",81,59,0,"[a, b, c]",0,0,0,"b) NIE","b) NIE",
"3406","https://fedrowanie.siecobywatelska.pl/sprawy/wnioski-o-informacje-w-2025-2553","Starostwo Powiatowe w Jędrzejowie","starostwo powiatowe","powiat","Świętokrzyskie","Jędrzejowski",,"Świętokrzyskie / Jędrzejowski (2602, powiat)",57,53,4,"[a, b]",0,0,0,"b) NIE","b) NIE",
"3409","https://fedrowanie.siecobywatelska.pl/sprawy/wnioski-o-informacje-w-2025-2555","Starostwo Powiatowe w Kamieniu Pomorskim","starostwo powiatowe","powiat","Zachodniopomorskie","Kamieński",,"Zachodniopomorskie / Kamieński (3207, powiat)",83,83,0,"N/A",0,0,0,"b) NIE","b) NIE",
"3408","https://fedrowanie.siecobywatelska.pl/sprawy/wnioski-o-informacje-w-2025-2556","Starostwo Powiatowe w Kamiennej Górze","starostwo powiatowe","powiat","Dolnośląskie","Kamiennogórski",,"Dolnośląskie / Kamiennogórski (0207, powiat)",78,72,0,"[a, c]",0,0,0,"b) NIE","b) NIE",
"3410","https://fedrowanie.siecobywatelska.pl/sprawy/wnioski-o-informacje-w-2025-2557","Starostwo Powiatowe w Kartuzach","starostwo powiatowe","powiat","Pomorskie","Kartuski",,"Pomorskie / Kartuski (2205, powiat)",218,217,7,"[a, e, f]",0,0,5,"b) NIE","b) NIE",
"3411","https://fedrowanie.siecobywatelska.pl/sprawy/wnioski-o-informacje-w-2025-2558","Starostwo Powiatowe w Kazimierzy Wielkiej","starostwo powiatowe","powiat","Świętokrzyskie","Kazimierski",,"Świętokrzyskie / Kazimierski (2603, powiat)",35,34,0,"[i]",1,0,0,"b) NIE","b) NIE",
"3412","https://fedrowanie.siecobywatelska.pl/sprawy/wnioski-o-informacje-w-2025-2559","Starostwo Powiatowe w Kędzierzynie-Koźlu","starostwo powiatowe","powiat","Opolskie","Kędzierzyńsko-Kozielski",,"Opolskie / Kędzierzyńsko-Kozielski (1603, powiat)",81,67,0,"[a, b, c]",0,0,0,"b) NIE","b) NIE",
"3413","https://fedrowanie.siecobywatelska.pl/sprawy/wnioski-o-informacje-w-2025-2560","Starostwo Powiatowe w Kępnie","starostwo powiatowe","powiat","Wielkopolskie","Kępiński",,"Wielkopolskie / Kępiński (3008, powiat)",75,74,0,"[a, b]",0,0,0,"b) NIE","b) NIE",
"3414","https://fedrowanie.siecobywatelska.pl/sprawy/wnioski-o-informacje-w-2025-2561","Starostwo Powiatowe w Kętrzynie","starostwo powiatowe","powiat","Warmińsko-Mazurskie","Kętrzyński",,"Warmińsko-Mazurskie / Kętrzyński (2808, powiat)",100,92,8,"[f, h, i]",0,0,0,"b) NIE","b) NIE",
"3415","https://fedrowanie.siecobywatelska.pl/sprawy/wnioski-o-informacje-w-2025-2562","Starostwo Powiatowe w Kielcach","starostwo powiatowe","powiat","Świętokrzyskie","Kielecki",,"Świętokrzyskie / Kielecki (2604, powiat)",119,118,0,"[a]",0,0,0,"b) NIE","b) NIE",
"3416","https://fedrowanie.siecobywatelska.pl/sprawy/wnioski-o-informacje-w-2025-2563","Starostwo Powiatowe w Kluczborku","starostwo powiatowe","powiat","Opolskie","Kluczborski",,"Opolskie / Kluczborski (1604, powiat)",89,86,0,"N/A",0,0,0,"b) NIE","b) NIE",
"3417","https://fedrowanie.siecobywatelska.pl/sprawy/wnioski-o-informacje-w-2025-2564","Starostwo Powiatowe w Kłobucku","starostwo powiatowe","powiat","Śląskie","Kłobucki",,"Śląskie / Kłobucki (2406, powiat)",111,111,0,"N/A",0,0,0,"b) NIE","a) TAK",
"3418","https://fedrowanie.siecobywatelska.pl/sprawy/wnioski-o-informacje-w-2025-2565","Starostwo Powiatowe w Kłodzku","starostwo powiatowe","powiat","Dolnośląskie","Kłodzki",,"Dolnośląskie / Kłodzki (0208, powiat)",233,233,0,"[b]",0,0,2,"b) NIE","b) NIE",
"3419","https://fedrowanie.siecobywatelska.pl/sprawy/wnioski-o-informacje-w-2025-2566","Starostwo Powiatowe w Kolbuszowej","starostwo powiatowe","powiat","Podkarpackie","Kolbuszowski",,"Podkarpackie / Kolbuszowski (1806, powiat)",109,106,3,"[f, g, i]",0,1,0,"b) NIE","b) NIE",
"3421","https://fedrowanie.siecobywatelska.pl/sprawy/wnioski-o-informacje-w-2025-2567","Starostwo Powiatowe w Kole","starostwo powiatowe","powiat","Wielkopolskie","Kolski",,"Wielkopolskie / Kolski (3009, powiat)",70,62,2,"[c, f]",0,1,0,"b) NIE","b) NIE",
"3420","https://fedrowanie.siecobywatelska.pl/sprawy/wnioski-o-informacje-w-2025-2568","Starostwo Powiatowe w Kolnie","starostwo powiatowe","powiat","Podlaskie","Kolneński",,"Podlaskie / Kolneński (2006, powiat)",59,56,0,"[a, b]",0,0,0,"b) NIE","b) NIE",
"3422","https://fedrowanie.siecobywatelska.pl/sprawy/wnioski-o-informacje-w-2025-2569","Starostwo Powiatowe w Kołobrzegu","starostwo powiatowe","powiat","Zachodniopomorskie","Kołobrzeski",,"Zachodniopomorskie / Kołobrzeski (3208, powiat)",132,108,0,"[a, b, c]",0,0,5,"b) NIE","b) NIE",
"3424","https://fedrowanie.siecobywatelska.pl/sprawy/wnioski-o-informacje-w-2025-2570","Starostwo Powiatowe w Koninie","starostwo powiatowe","powiat","Wielkopolskie","Koniński",,"Wielkopolskie / Koniński (3010, powiat)",115,96,1,"[b, c, g]",0,1,0,"b) NIE","b) NIE",
"3423","https://fedrowanie.siecobywatelska.pl/sprawy/wnioski-o-informacje-w-2025-2571","Starostwo Powiatowe w Końskich","starostwo powiatowe","powiat","Świętokrzyskie","Konecki",,"Świętokrzyskie / Konecki (2605, powiat)",67,58,0,"[c, i]",0,0,0,"b) NIE","b) NIE",
"3425","https://fedrowanie.siecobywatelska.pl/sprawy/wnioski-o-informacje-w-2025-2572","Starostwo Powiatowe w Koszalinie","starostwo powiatowe","powiat","Zachodniopomorskie","Koszaliński",,"Zachodniopomorskie / Koszaliński (3209, powiat)","BD","BD",11,"[a]",0,0,0,"b) NIE","a) TAK",
"3426","https://fedrowanie.siecobywatelska.pl/sprawy/wnioski-o-informacje-w-2025-2573","Starostwo Powiatowe w Kościanie","starostwo powiatowe","powiat","Wielkopolskie","Kościański",,"Wielkopolskie / Kościański (3011, powiat)",75,60,3,"[a, b, c]",0,3,0,"b) NIE","a) TAK",
"3427","https://fedrowanie.siecobywatelska.pl/sprawy/wnioski-o-informacje-w-2025-2574","Starostwo Powiatowe w Kościerzynie","starostwo powiatowe","powiat","Pomorskie","Kościerski",,"Pomorskie / Kościerski (2206, powiat)",87,79,0,"[a, b, c]",1,0,0,"b) NIE","b) NIE",
"3428","https://fedrowanie.siecobywatelska.pl/sprawy/wnioski-o-informacje-w-2025-2575","Starostwo Powiatowe w Kozienicach","starostwo powiatowe","powiat","Mazowieckie","Kozienicki",,"Mazowieckie / Kozienicki (1407, powiat)",74,73,1,"[f]",0,1,0,"b) NIE","b) NIE",
"3429","https://fedrowanie.siecobywatelska.pl/sprawy/wnioski-o-informacje-w-2025-2576","Starostwo Powiatowe w Krakowie","starostwo powiatowe","powiat","Małopolskie","Krakowski",,"Małopolskie / Krakowski (1206, powiat)",351,251,25,"[b, c, f]",0,7,0,"b) NIE","b) NIE",
"3432","https://fedrowanie.siecobywatelska.pl/sprawy/wnioski-o-informacje-w-2025-2578","Starostwo Powiatowe w Krasnymstawie","starostwo powiatowe","powiat","Lubelskie","Krasnostawski",,"Lubelskie / Krasnostawski (0606, powiat)",75,66,0,"[a, b, c]",0,0,0,"b) NIE","b) NIE",
"3431","https://fedrowanie.siecobywatelska.pl/sprawy/wnioski-o-informacje-w-2025-2579","Starostwo Powiatowe w Kraśniku","starostwo powiatowe","powiat","Lubelskie","Kraśnicki",,"Lubelskie / Kraśnicki (0607, powiat)",81,56,3,"[a, c]",0,0,0,"b) NIE","b) NIE",
"3434","https://fedrowanie.siecobywatelska.pl/sprawy/wnioski-o-informacje-w-2025-2580","Starostwo Powiatowe w Krośnie","starostwo powiatowe","powiat","Podkarpackie","Krośnieński",,"Podkarpackie / Krośnieński (1807, powiat)",101,99,0,"[b, d]",0,0,0,"b) NIE","b) NIE",
"3433","https://fedrowanie.siecobywatelska.pl/sprawy/wnioski-o-informacje-w-2025-2581","Starostwo Powiatowe w Krośnie Odrzańskim","starostwo powiatowe","powiat","Lubuskie","Krośnieński",,"Lubuskie / Krośnieński (0802, powiat)",62,61,1,"[f]",0,1,0,"b) NIE","a) TAK",
"3435","https://fedrowanie.siecobywatelska.pl/sprawy/wnioski-o-informacje-w-2025-2582","Starostwo Powiatowe w Krotoszynie","starostwo powiatowe","powiat","Wielkopolskie","Krotoszyński",,"Wielkopolskie / Krotoszyński (3012, powiat)",74,62,0,"[a, i]",0,44,13,"b) NIE","b) NIE",
"3436","https://fedrowanie.siecobywatelska.pl/sprawy/wnioski-o-informacje-w-2025-2583","Starostwo Powiatowe w Kutnie","starostwo powiatowe","powiat","Łódzkie","Kutnowski",,"Łódzkie / Kutnowski (1002, powiat)",98,98,0,"N/A",1,0,0,"b) NIE","b) NIE",
"3437","https://fedrowanie.siecobywatelska.pl/sprawy/wnioski-o-informacje-w-2025-2584","Starostwo Powiatowe w Kwidzynie","starostwo powiatowe","powiat","Pomorskie","Kwidzyński",,"Pomorskie / Kwidzyński (2207, powiat)",56,53,3,"[f]",0,0,0,"a) TAK","b) NIE",
"3438","https://fedrowanie.siecobywatelska.pl/sprawy/wnioski-o-informacje-w-2025-2585","Starostwo Powiatowe w Legionowie","starostwo powiatowe","powiat","Mazowieckie","Legionowski",,"Mazowieckie / Legionowski (1408, powiat)",266,253,3,"[a, b, c]",2,3,1,"b) NIE","b) NIE",
"3439","https://fedrowanie.siecobywatelska.pl/sprawy/wnioski-o-informacje-w-2025-2586","Starostwo Powiatowe w Legnicy","starostwo powiatowe","powiat","Dolnośląskie","Legnicki",,"Dolnośląskie / Legnicki (0209, powiat)",82,76,0,"[b, c]",0,0,0,"b) NIE","b) NIE",
"3440","https://fedrowanie.siecobywatelska.pl/sprawy/wnioski-o-informacje-w-2025-2587","Starostwo Powiatowe w Lesku","starostwo powiatowe","powiat","Podkarpackie","Leski",,"Podkarpackie / Leski (1821, powiat)",40,40,3,"[a, c, f]",0,0,0,"b) NIE","b) NIE",
"3441","https://fedrowanie.siecobywatelska.pl/sprawy/wnioski-o-informacje-w-2025-2588","Starostwo Powiatowe w Lesznie","starostwo powiatowe","powiat","Wielkopolskie","Leszczyński",,"Wielkopolskie / Leszczyński (3013, powiat)",141,140,0,"[f]",0,0,23,"b) NIE","b) NIE",
"3442","https://fedrowanie.siecobywatelska.pl/sprawy/wnioski-o-informacje-w-2025-2589","Starostwo Powiatowe w Leżajsku","starostwo powiatowe","powiat","Podkarpackie","Leżajski",,"Podkarpackie / Leżajski (1808, powiat)",86,86,0,"N/A",1,0,0,"b) NIE","a) TAK",
"3443","https://fedrowanie.siecobywatelska.pl/sprawy/wnioski-o-informacje-w-2025-2590","Starostwo Powiatowe w Lęborku","starostwo powiatowe","powiat","Pomorskie","Lęborski",,"Pomorskie / Lęborski (2208, powiat)",118,112,6,"[a, f]",0,0,0,"b) NIE","b) NIE",
"3444","https://fedrowanie.siecobywatelska.pl/sprawy/wnioski-o-informacje-w-2025-2591","Starostwo Powiatowe w Lidzbarku Warmińskim","starostwo powiatowe","powiat","Warmińsko-Mazurskie","Lidzbarski",,"Warmińsko-Mazurskie / Lidzbarski (2809, powiat)",75,73,1,"[i]",0,0,0,"b) NIE","b) NIE",
"3445","https://fedrowanie.siecobywatelska.pl/sprawy/wnioski-o-informacje-w-2025-2592","Starostwo Powiatowe w Limanowej","starostwo powiatowe","powiat","Małopolskie","Limanowski",,"Małopolskie / Limanowski (1207, powiat)",105,103,1,"[a, c, f]",0,1,0,"b) NIE","b) NIE",
"3446","https://fedrowanie.siecobywatelska.pl/sprawy/wnioski-o-informacje-w-2025-2593","Starostwo Powiatowe w Lipnie","starostwo powiatowe","powiat","Kujawsko-Pomorskie","Lipnowski",,"Kujawsko-Pomorskie / Lipnowski (0408, powiat)",80,79,0,"[a]",0,0,0,"b) NIE","a) TAK",
"3447","https://fedrowanie.siecobywatelska.pl/sprawy/wnioski-o-informacje-w-2025-2594","Starostwo Powiatowe w Lipsku","starostwo powiatowe","powiat","Mazowieckie","Lipski",,"Mazowieckie / Lipski (1409, powiat)",65,65,0,"N/A",0,0,0,"b) NIE","b) NIE",
"3448","https://fedrowanie.siecobywatelska.pl/sprawy/wnioski-o-informacje-w-2025-2595","Starostwo Powiatowe w Lubaczowie","starostwo powiatowe","powiat","Podkarpackie","Lubaczowski",,"Podkarpackie / Lubaczowski (1809, powiat)",17,17,0,"N/A",0,0,0,"b) NIE","b) NIE",
"3449","https://fedrowanie.siecobywatelska.pl/sprawy/wnioski-o-informacje-w-2025-2596","Starostwo Powiatowe w Lubaniu","starostwo powiatowe","powiat","Dolnośląskie","Lubański",,"Dolnośląskie / Lubański (0210, powiat)",61,59,1,"[a, b]",0,0,0,"b) NIE","b) NIE",
"3452","https://fedrowanie.siecobywatelska.pl/sprawy/wnioski-o-informacje-w-2025-2598","Starostwo Powiatowe w Lubinie","starostwo powiatowe","powiat","Dolnośląskie","Lubiński",,"Dolnośląskie / Lubiński (0211, powiat)",87,86,1,"[f]",0,0,0,"b) NIE","b) NIE",
"3451","https://fedrowanie.siecobywatelska.pl/sprawy/wnioski-o-informacje-w-2025-2599","Starostwo Powiatowe w Lublinie","starostwo powiatowe","powiat","Lubelskie","Lubelski",,"Lubelskie / Lubelski (0609, powiat)",180,159,1,"[a, b, c]",1,0,0,"b) NIE","b) NIE",
"3453","https://fedrowanie.siecobywatelska.pl/sprawy/wnioski-o-informacje-w-2025-2600","Starostwo Powiatowe w Lublińcu","starostwo powiatowe","powiat","Śląskie","Lubliniecki",,"Śląskie / Lubliniecki (2407, powiat)",63,54,1,"[a, b, c]",0,0,0,"b) NIE","b) NIE",
"3454","https://fedrowanie.siecobywatelska.pl/sprawy/wnioski-o-informacje-w-2025-2601","Starostwo Powiatowe w Lwówku Śląskim","starostwo powiatowe","powiat","Dolnośląskie","Lwówecki",,"Dolnośląskie / Lwówecki (0212, powiat)",37,24,2,"[a, b, c]",0,1,0,"b) NIE","b) NIE",
"3455","https://fedrowanie.siecobywatelska.pl/sprawy/wnioski-o-informacje-w-2025-2602","Starostwo Powiatowe w Łańcucie","starostwo powiatowe","powiat","Podkarpackie","Łańcucki",,"Podkarpackie / Łańcucki (1810, powiat)",98,88,5,"[f]",0,1,12,"b) NIE","b) NIE",
"3456","https://fedrowanie.siecobywatelska.pl/sprawy/wnioski-o-informacje-w-2025-2603","Starostwo Powiatowe w Łasku","starostwo powiatowe","powiat","Łódzkie","Łaski",,"Łódzkie / Łaski (1003, powiat)",83,"BD",0,"N/A",0,0,0,"b) NIE","b) NIE",
"3458","https://fedrowanie.siecobywatelska.pl/sprawy/wnioski-o-informacje-w-2025-2604","Starostwo Powiatowe w Łęcznej","starostwo powiatowe","powiat","Lubelskie","Łęczyński",,"Lubelskie / Łęczyński (0610, powiat)",94,85,0,"[c, a, f]",0,0,0,"a) TAK","b) NIE",
"3457","https://fedrowanie.siecobywatelska.pl/sprawy/wnioski-o-informacje-w-2025-2605","Starostwo Powiatowe w Łęczycy","starostwo powiatowe","powiat","Łódzkie","Łęczycki",,"Łódzkie / Łęczycki (1004, powiat)",124,121,0,"[e]",0,0,2,"b) NIE","b) NIE",
"3459","https://fedrowanie.siecobywatelska.pl/sprawy/wnioski-o-informacje-w-2025-2606","Starostwo Powiatowe w Łobzie","starostwo powiatowe","powiat","Zachodniopomorskie","Łobeski",,"Zachodniopomorskie / Łobeski (3218, powiat)",54,54,0,"[a, b]",0,0,0,"b) NIE","b) NIE",
"3463","https://fedrowanie.siecobywatelska.pl/sprawy/wnioski-o-informacje-w-2025-2607","Starostwo Powiatowe w Łodzi","starostwo powiatowe","powiat","Łódzkie","Łódzki Wschodni",,"Łódzkie / Łódzki Wschodni (1006, powiat)",110,86,2,"[c, f,  i]",0,1,0,"b) NIE","b) NIE",
"3460","https://fedrowanie.siecobywatelska.pl/sprawy/wnioski-o-informacje-w-2025-2608","Starostwo Powiatowe w Łomży","starostwo powiatowe","powiat","Podlaskie","Łomżyński",,"Podlaskie / Łomżyński (2007, powiat)",61,60,0,"N/A",0,0,0,"b) NIE","b) NIE",
"3461","https://fedrowanie.siecobywatelska.pl/sprawy/wnioski-o-informacje-w-2025-2609","Starostwo Powiatowe w Łosicach","starostwo powiatowe","powiat","Mazowieckie","Łosicki",,"Mazowieckie / Łosicki (1410, powiat)",73,73,0,"N/A",0,0,0,"b) NIE","b) NIE",
"3462","https://fedrowanie.siecobywatelska.pl/sprawy/wnioski-o-informacje-w-2025-2610","Starostwo Powiatowe w Łowiczu","starostwo powiatowe","powiat","Łódzkie","Łowicki",,"Łódzkie / Łowicki (1005, powiat)",72,72,0,"N/A",0,0,0,"b) NIE","b) NIE",
"3464","https://fedrowanie.siecobywatelska.pl/sprawy/wnioski-o-informacje-w-2025-2611","Starostwo Powiatowe w Łukowie","starostwo powiatowe","powiat","Lubelskie","Łukowski",,"Lubelskie / Łukowski (0611, powiat)",73,59,5,"[a, b, c]",1,3,0,"b) NIE","b) NIE",
"3465","https://fedrowanie.siecobywatelska.pl/sprawy/wnioski-o-informacje-w-2025-2612","Starostwo Powiatowe w Makowie Mazowieckim","starostwo powiatowe","powiat","Mazowieckie","Makowski",,"Mazowieckie / Makowski (1411, powiat)",65,58,0,"[a, c, i]",0,0,0,"b) NIE","b) NIE",
"3466","https://fedrowanie.siecobywatelska.pl/sprawy/wnioski-o-informacje-w-2025-2613","Starostwo Powiatowe w Malborku","starostwo powiatowe","powiat","Pomorskie","Malborski",,"Pomorskie / Malborski (2209, powiat)",58,58,0,"N/A",0,0,0,"b) NIE","b) NIE",
"3468","https://fedrowanie.siecobywatelska.pl/sprawy/wnioski-o-informacje-w-2025-2615","Starostwo Powiatowe w Mielcu","starostwo powiatowe","powiat","Podkarpackie","Mielecki",,"Podkarpackie / Mielecki (1811, powiat)",103,74,0,"[a, c]",0,0,0,"b) NIE","b) NIE",
"3469","https://fedrowanie.siecobywatelska.pl/sprawy/wnioski-o-informacje-w-2025-2616","Starostwo Powiatowe w Międzychodzie","starostwo powiatowe","powiat","Wielkopolskie","Międzychodzki",,"Wielkopolskie / Międzychodzki (3014, powiat)",61,57,4,"[a, g]",0,1,0,"b) NIE","b) NIE",
"3470","https://fedrowanie.siecobywatelska.pl/sprawy/wnioski-o-informacje-w-2025-2617","Starostwo Powiatowe w Międzyrzeczu","starostwo powiatowe","powiat","Lubuskie","Międzyrzecki",,"Lubuskie / Międzyrzecki (0803, powiat)",62,50,1,"[a, b]",0,0,0,"b) NIE","b) NIE",
"3472","https://fedrowanie.siecobywatelska.pl/sprawy/wnioski-o-informacje-w-2025-2619","Starostwo Powiatowe w Miliczu","starostwo powiatowe","powiat","Dolnośląskie","Milicki",,"Dolnośląskie / Milicki (0213, powiat)",74,"BD",3,"[g, h, i]",0,1,0,"b) NIE","b) NIE",
"3474","https://fedrowanie.siecobywatelska.pl/sprawy/wnioski-o-informacje-w-2025-2621","Starostwo Powiatowe w Mławie","starostwo powiatowe","powiat","Mazowieckie","Mławski",,"Mazowieckie / Mławski (1413, powiat)",124,93,2,"[a, b, g]",0,1,0,"b) NIE","b) NIE",
"3476","https://fedrowanie.siecobywatelska.pl/sprawy/wnioski-o-informacje-w-2025-2623","Starostwo Powiatowe w Mońkach","starostwo powiatowe","powiat","Podlaskie","Moniecki",,"Podlaskie / Moniecki (2008, powiat)",35,31,0,"[b, c, d]",0,0,0,"b) NIE","b) NIE",
"3477","https://fedrowanie.siecobywatelska.pl/sprawy/wnioski-o-informacje-w-2025-2624","Starostwo Powiatowe w Mrągowie","starostwo powiatowe","powiat","Warmińsko-Mazurskie","Mrągowski",,"Warmińsko-Mazurskie / Mrągowski (2810, powiat)",54,54,0,"N/A",0,0,0,"b) NIE","b) NIE",
"3478","https://fedrowanie.siecobywatelska.pl/sprawy/wnioski-o-informacje-w-2025-2625","Starostwo Powiatowe w Myszkowie","starostwo powiatowe","powiat","Śląskie","Myszkowski",,"Śląskie / Myszkowski (2409, powiat)",94,72,1,"BD",0,0,0,"b) NIE","a) TAK",
"3479","https://fedrowanie.siecobywatelska.pl/sprawy/wnioski-o-informacje-w-2025-2626","Starostwo Powiatowe w Myślenicach","starostwo powiatowe","powiat","Małopolskie","Myślenicki",,"Małopolskie / Myślenicki (1209, powiat)",201,200,1,"[f]",0,0,0,"b) NIE","b) NIE",
"3480","https://fedrowanie.siecobywatelska.pl/sprawy/wnioski-o-informacje-w-2025-2627","Starostwo Powiatowe w Myśliborzu","starostwo powiatowe","powiat","Zachodniopomorskie","Myśliborski",,"Zachodniopomorskie / Myśliborski (3210, powiat)",116,111,0,"N/A",0,0,0,"b) NIE","b) NIE",
"3481","https://fedrowanie.siecobywatelska.pl/sprawy/wnioski-o-informacje-w-2025-2628","Starostwo Powiatowe w Nakle nad Notecią","starostwo powiatowe","powiat","Kujawsko-Pomorskie","Nakielski",,"Kujawsko-Pomorskie / Nakielski (0410, powiat)",222,218,0,"N/A",0,0,0,"b) NIE","b) NIE",
"3482","https://fedrowanie.siecobywatelska.pl/sprawy/wnioski-o-informacje-w-2025-2629","Starostwo Powiatowe w Namysłowie","starostwo powiatowe","powiat","Opolskie","Namysłowski",,"Opolskie / Namysłowski (1606, powiat)",92,90,0,"[a, b]",0,0,0,"b) NIE","b) NIE",
"3483","https://fedrowanie.siecobywatelska.pl/sprawy/wnioski-o-informacje-w-2025-2630","Starostwo Powiatowe w Nidzicy","starostwo powiatowe","powiat","Warmińsko-Mazurskie","Nidzicki",,"Warmińsko-Mazurskie / Nidzicki (2811, powiat)",96,96,2,"[a, f]",0,0,0,"b) NIE","b) NIE",
"3484","https://fedrowanie.siecobywatelska.pl/sprawy/wnioski-o-informacje-w-2025-2631","Starostwo Powiatowe w Nisku","starostwo powiatowe","powiat","Podkarpackie","Niżański",,"Podkarpackie / Niżański (1812, powiat)",80,76,1,"[a, b, d]",0,0,70,"b) NIE","b) NIE",
"3489","https://fedrowanie.siecobywatelska.pl/sprawy/wnioski-o-informacje-w-2025-2632","Starostwo Powiatowe w Nowej Soli","starostwo powiatowe","powiat","Lubuskie","Nowosolski",,"Lubuskie / Nowosolski (0804, powiat)",71,59,0,"[c]",0,0,0,"b) NIE","a) TAK",
"3486","https://fedrowanie.siecobywatelska.pl/sprawy/wnioski-o-informacje-w-2025-2633","Starostwo Powiatowe w Nowym Dworze Gdańskim","starostwo powiatowe","powiat","Pomorskie","Nowodworski",,"Pomorskie / Nowodworski (2210, powiat)",100,94,3,"[e, f]",0,0,0,"b) NIE","b) NIE",
"3485","https://fedrowanie.siecobywatelska.pl/sprawy/wnioski-o-informacje-w-2025-2634","Starostwo Powiatowe w Nowym Dworze Mazowieckim","starostwo powiatowe","powiat","Mazowieckie","Nowodworski",,"Mazowieckie / Nowodworski (1414, powiat)",173,170,2,"[a, f, g]",1,0,0,"b) NIE","b) NIE",
"3487","https://fedrowanie.siecobywatelska.pl/sprawy/wnioski-o-informacje-w-2025-2635","Starostwo Powiatowe w Nowym Mieście Lubawskim","starostwo powiatowe","powiat","Warmińsko-Mazurskie","Nowomiejski",,"Warmińsko-Mazurskie / Nowomiejski (2812, powiat)",75,70,1,"[b, c, h]",0,0,0,"b) NIE","b) NIE",
"3488","https://fedrowanie.siecobywatelska.pl/sprawy/wnioski-o-informacje-w-2025-2636","Starostwo Powiatowe w Nowym Sączu","starostwo powiatowe","powiat","Małopolskie","Nowosądecki",,"Małopolskie / Nowosądecki (1210, powiat)",137,135,2,"[g, i]",0,1,0,"b) NIE","a) TAK",
"3490","https://fedrowanie.siecobywatelska.pl/sprawy/wnioski-o-informacje-w-2025-2637","Starostwo Powiatowe w Nowym Targu","starostwo powiatowe","powiat","Małopolskie","Nowotarski",,"Małopolskie / Nowotarski (1211, powiat)",146,129,1,"[a, e, f]",0,0,2,"b) NIE","b) NIE",
"3491","https://fedrowanie.siecobywatelska.pl/sprawy/wnioski-o-informacje-w-2025-2638","Starostwo Powiatowe w Nowym Tomyślu","starostwo powiatowe","powiat","Wielkopolskie","Nowotomyski",,"Wielkopolskie / Nowotomyski (3015, powiat)",122,122,0,"[a]",0,0,0,"b) NIE","b) NIE",
"3492","https://fedrowanie.siecobywatelska.pl/sprawy/wnioski-o-informacje-w-2025-2639","Starostwo Powiatowe w Nysie","starostwo powiatowe","powiat","Opolskie","Nyski",,"Opolskie / Nyski (1607, powiat)",181,171,3,"[a, b, c]",0,2,0,"b) NIE","b) NIE",
"3494","https://fedrowanie.siecobywatelska.pl/sprawy/wnioski-o-informacje-w-2025-2641","Starostwo Powiatowe w Olecku","starostwo powiatowe","powiat","Warmińsko-Mazurskie","Olecki",,"Warmińsko-Mazurskie / Olecki (2813, powiat)",119,119,0,"N/A",0,0,0,"b) NIE","b) NIE",
"3496","https://fedrowanie.siecobywatelska.pl/sprawy/wnioski-o-informacje-w-2025-2642","Starostwo Powiatowe w Oleśnicy","starostwo powiatowe","powiat","Dolnośląskie","Oleśnicki",,"Dolnośląskie / Oleśnicki (0214, powiat)",102,91,0,"[a, c, i]",0,0,0,"b) NIE","b) NIE",
"3495","https://fedrowanie.siecobywatelska.pl/sprawy/wnioski-o-informacje-w-2025-2643","Starostwo Powiatowe w Oleśnie","starostwo powiatowe","powiat","Opolskie","Oleski",,"Opolskie / Oleski (1608, powiat)",57,55,0,"[i]",0,0,0,"b) NIE","b) NIE",
"3497","https://fedrowanie.siecobywatelska.pl/sprawy/wnioski-o-informacje-w-2025-2644","Starostwo Powiatowe w Olkuszu","starostwo powiatowe","powiat","Małopolskie","Olkuski",,"Małopolskie / Olkuski (1212, powiat)",90,90,0,"N/A",0,0,0,"b) NIE","b) NIE",
"3498","https://fedrowanie.siecobywatelska.pl/sprawy/wnioski-o-informacje-w-2025-2645","Starostwo Powiatowe w Olsztynie","starostwo powiatowe","powiat","Warmińsko-Mazurskie","Olsztyński",,"Warmińsko-Mazurskie / Olsztyński (2814, powiat)",153,117,0,"[a, b, c]",1,0,0,"b) NIE","b) NIE",
"3499","https://fedrowanie.siecobywatelska.pl/sprawy/wnioski-o-informacje-w-2025-2646","Starostwo Powiatowe w Oławie","starostwo powiatowe","powiat","Dolnośląskie","Oławski",,"Dolnośląskie / Oławski (0215, powiat)",121,115,6,"[f]",0,0,0,"b) NIE","b) NIE",
"3500","https://fedrowanie.siecobywatelska.pl/sprawy/wnioski-o-informacje-w-2025-2647","Starostwo Powiatowe w Opatowie","starostwo powiatowe","powiat","Świętokrzyskie","Opatowski",,"Świętokrzyskie / Opatowski (2606, powiat)",77,77,0,"N/A",0,0,0,"b) NIE","b) NIE",
"3501","https://fedrowanie.siecobywatelska.pl/sprawy/wnioski-o-informacje-w-2025-2648","Starostwo Powiatowe w Opocznie","starostwo powiatowe","powiat","Łódzkie","Opoczyński",,"Łódzkie / Opoczyński (1007, powiat)",71,71,0,"N/A",0,0,0,"b) NIE","b) NIE",
"3503","https://fedrowanie.siecobywatelska.pl/sprawy/wnioski-o-informacje-w-2025-2649","Starostwo Powiatowe w Opolu","starostwo powiatowe","powiat","Opolskie","Opolski",,"Opolskie / Opolski (1609, powiat)",101,91,0,"[d]",0,0,0,"a) TAK","b) NIE",
"3502","https://fedrowanie.siecobywatelska.pl/sprawy/wnioski-o-informacje-w-2025-2650","Starostwo Powiatowe w Opolu Lubelskim","starostwo powiatowe","powiat","Lubelskie","Opolski",,"Lubelskie / Opolski (0612, powiat)",60,53,1,"[c, i]",0,0,0,"b) NIE","b) NIE",
"3504","https://fedrowanie.siecobywatelska.pl/sprawy/wnioski-o-informacje-w-2025-2651","Starostwo Powiatowe w Ostrołęce","starostwo powiatowe","powiat","Mazowieckie","Ostrołęcki",,"Mazowieckie / Ostrołęcki (1415, powiat)",92,70,0,"[a, c, g]",0,0,0,"b) NIE","a) TAK",
"3505","https://fedrowanie.siecobywatelska.pl/sprawy/wnioski-o-informacje-w-2025-2652","Starostwo Powiatowe w Ostrowcu Świętokrzyskim","starostwo powiatowe","powiat","Świętokrzyskie","Ostrowiecki",,"Świętokrzyskie / Ostrowiecki (2607, powiat)",115,93,0,"[a, c]",0,0,1,"b) NIE","b) NIE",
"3508","https://fedrowanie.siecobywatelska.pl/sprawy/wnioski-o-informacje-w-2025-2655","Starostwo Powiatowe w Ostródzie","starostwo powiatowe","powiat","Warmińsko-Mazurskie","Ostródzki",,"Warmińsko-Mazurskie / Ostródzki (2815, powiat)",110,83,1,"[a, b]",1,0,0,"b) NIE","a) TAK",
"3509","https://fedrowanie.siecobywatelska.pl/sprawy/wnioski-o-informacje-w-2025-2656","Starostwo Powiatowe w Ostrzeszowie","starostwo powiatowe","powiat","Wielkopolskie","Ostrzeszowski",,"Wielkopolskie / Ostrzeszowski (3018, powiat)",39,39,0,"N/A",0,0,0,"b) NIE","b) NIE",
"3510","https://fedrowanie.siecobywatelska.pl/sprawy/wnioski-o-informacje-w-2025-2657","Starostwo Powiatowe w Oświęcimiu","starostwo powiatowe","powiat","Małopolskie","Oświęcimski",,"Małopolskie / Oświęcimski (1213, powiat)",120,108,1,"[a]",0,1,1,"b) NIE","b) NIE",
"3511","https://fedrowanie.siecobywatelska.pl/sprawy/wnioski-o-informacje-w-2025-2658","Starostwo Powiatowe w Otwocku","starostwo powiatowe","powiat","Mazowieckie","Otwocki",,"Mazowieckie / Otwocki (1417, powiat)",168,165,3,"[g]",1,1,1,"b) NIE","a) TAK",
"3606","https://fedrowanie.siecobywatelska.pl/sprawy/wnioski-o-informacje-w-2025-2659","Starostwo Powiatowe w Ożarowie Mazowieckim","starostwo powiatowe","powiat","Mazowieckie","Warszawski Zachodni",,"Mazowieckie / Warszawski Zachodni (1432, powiat)",272,271,1,"[g, h]",1,2,0,"b) NIE","a) TAK",
"3512","https://fedrowanie.siecobywatelska.pl/sprawy/wnioski-o-informacje-w-2025-2660","Starostwo Powiatowe w Pabianicach","starostwo powiatowe","powiat","Łódzkie","Pabianicki",,"Łódzkie / Pabianicki (1008, powiat)",113,108,0,"[b, c]",0,0,0,"b) NIE","a) TAK",
"3513","https://fedrowanie.siecobywatelska.pl/sprawy/wnioski-o-informacje-w-2025-2661","Starostwo Powiatowe w Pajęcznie","starostwo powiatowe","powiat","Łódzkie","Pajęczański",,"Łódzkie / Pajęczański (1009, powiat)",110,86,6,"[a, b, c]",1,0,0,"b) NIE","b) NIE",
"3514","https://fedrowanie.siecobywatelska.pl/sprawy/wnioski-o-informacje-w-2025-2662","Starostwo Powiatowe w Parczewie","starostwo powiatowe","powiat","Lubelskie","Parczewski",,"Lubelskie / Parczewski (0613, powiat)",84,79,0,"[b, c]",0,0,0,"b) NIE","b) NIE",
"3515","https://fedrowanie.siecobywatelska.pl/sprawy/wnioski-o-informacje-w-2025-2663","Starostwo Powiatowe w Piasecznie","starostwo powiatowe","powiat","Mazowieckie","Piaseczyński",,"Mazowieckie / Piaseczyński (1418, powiat)",554,"BD",2,"[b, f, i]",0,0,0,"b) NIE","a) TAK",
"3516","https://fedrowanie.siecobywatelska.pl/sprawy/wnioski-o-informacje-w-2025-2664","Starostwo Powiatowe w Pile","starostwo powiatowe","powiat","Wielkopolskie","Pilski",,"Wielkopolskie / Pilski (3019, powiat)",91,81,0,"[a, c]",0,0,0,"b) NIE","a) TAK",
"3517","https://fedrowanie.siecobywatelska.pl/sprawy/wnioski-o-informacje-w-2025-2665","Starostwo Powiatowe w Pińczowie","starostwo powiatowe","powiat","Świętokrzyskie","Pińczowski",,"Świętokrzyskie / Pińczowski (2608, powiat)",41,34,1,"[a, b, i]",0,0,0,"b) NIE","b) NIE",
"3518","https://fedrowanie.siecobywatelska.pl/sprawy/wnioski-o-informacje-w-2025-2666","Starostwo Powiatowe w Piotrkowie Trybunalskim","starostwo powiatowe","powiat","Łódzkie","Piotrkowski",,"Łódzkie / Piotrkowski (1010, powiat)",93,69,1,"[a, c]",0,0,0,"b) NIE","a) TAK",
"3520","https://fedrowanie.siecobywatelska.pl/sprawy/wnioski-o-informacje-w-2025-2668","Starostwo Powiatowe w Pleszewie","starostwo powiatowe","powiat","Wielkopolskie","Pleszewski",,"Wielkopolskie / Pleszewski (3020, powiat)",71,67,1,"[b]",0,0,0,"b) NIE","b) NIE",
"3521","https://fedrowanie.siecobywatelska.pl/sprawy/wnioski-o-informacje-w-2025-2669","Starostwo Powiatowe w Płocku","starostwo powiatowe","powiat","Mazowieckie","Płocki",,"Mazowieckie / Płocki (1419, powiat)",85,65,1,"[a, c, f]",1,1,0,"b) NIE","b) NIE",
"3522","https://fedrowanie.siecobywatelska.pl/sprawy/wnioski-o-informacje-w-2025-2670","Starostwo Powiatowe w Płońsku","starostwo powiatowe","powiat","Mazowieckie","Płoński",,"Mazowieckie / Płoński (1420, powiat)",104,90,0,"[a, c, f]",0,1,1,"b) NIE","b) NIE",
"3523","https://fedrowanie.siecobywatelska.pl/sprawy/wnioski-o-informacje-w-2025-2671","Starostwo Powiatowe w Poddębicach","starostwo powiatowe","powiat","Łódzkie","Poddębicki",,"Łódzkie / Poddębicki (1011, powiat)",46,46,0,"N/A",0,0,0,"b) NIE","b) NIE",
"3524","https://fedrowanie.siecobywatelska.pl/sprawy/wnioski-o-informacje-w-2025-2672","Starostwo Powiatowe w Policach","starostwo powiatowe","powiat","Zachodniopomorskie","Policki",,"Zachodniopomorskie / Policki (3211, powiat)",206,206,4,"[a, b, c]",1,1,"BD","BD","BD",
"3525","https://fedrowanie.siecobywatelska.pl/sprawy/wnioski-o-informacje-w-2025-2673","Starostwo Powiatowe w Polkowicach","starostwo powiatowe","powiat","Dolnośląskie","Polkowicki",,"Dolnośląskie / Polkowicki (0216, powiat)",92,90,0,"N/A",0,0,0,"b) NIE","b) NIE",
"3526","https://fedrowanie.siecobywatelska.pl/sprawy/wnioski-o-informacje-w-2025-2674","Starostwo Powiatowe w Poznaniu","starostwo powiatowe","powiat","Wielkopolskie","Poznański",,"Wielkopolskie / Poznański (3021, powiat)",388,351,6,"[a, c, g]",1,2,0,"b) NIE","b) NIE",
"3528","https://fedrowanie.siecobywatelska.pl/sprawy/wnioski-o-informacje-w-2025-2676","Starostwo Powiatowe w Prudniku","starostwo powiatowe","powiat","Opolskie","Prudnicki",,"Opolskie / Prudnicki (1610, powiat)",113,95,6,"[f]",0,0,0,"b) NIE","b) NIE",
"3375","https://fedrowanie.siecobywatelska.pl/sprawy/wnioski-o-informacje-w-2025-2677","Starostwo Powiatowe w Pruszczu Gdańskim","starostwo powiatowe","powiat","Pomorskie","Gdański",,"Pomorskie / Gdański (2204, powiat)",211,211,0,"N/A",0,0,0,"b) NIE","b) NIE",
"3529","https://fedrowanie.siecobywatelska.pl/sprawy/wnioski-o-informacje-w-2025-2678","Starostwo Powiatowe w Pruszkowie","starostwo powiatowe","powiat","Mazowieckie","Pruszkowski",,"Mazowieckie / Pruszkowski (1421, powiat)",449,430,3,"[b, c, e]",2,0,0,"b) NIE","b) NIE",
"3530","https://fedrowanie.siecobywatelska.pl/sprawy/wnioski-o-informacje-w-2025-2679","Starostwo Powiatowe w Przasnyszu","starostwo powiatowe","powiat","Mazowieckie","Przasnyski",,"Mazowieckie / Przasnyski (1422, powiat)",65,62,2,"[a, b, c]",0,1,0,"b) NIE","a) TAK",
"3531","https://fedrowanie.siecobywatelska.pl/sprawy/wnioski-o-informacje-w-2025-2680","Starostwo Powiatowe w Przemyślu","starostwo powiatowe","powiat","Podkarpackie","Przemyski",,"Podkarpackie / Przemyski (1813, powiat)",72,62,0,"[a, b, c]",0,0,0,"b) NIE","b) NIE",
"3532","https://fedrowanie.siecobywatelska.pl/sprawy/wnioski-o-informacje-w-2025-2681","Starostwo Powiatowe w Przeworsku","starostwo powiatowe","powiat","Podkarpackie","Przeworski",,"Podkarpackie / Przeworski (1814, powiat)",63,63,0,"N/A",0,0,0,"b) NIE","b) NIE",
"3533","https://fedrowanie.siecobywatelska.pl/sprawy/wnioski-o-informacje-w-2025-2682","Starostwo Powiatowe w Przysusze","starostwo powiatowe","powiat","Mazowieckie","Przysuski",,"Mazowieckie / Przysuski (1423, powiat)",69,67,2,"[f]",0,0,0,"b) NIE","b) NIE",
"3534","https://fedrowanie.siecobywatelska.pl/sprawy/wnioski-o-informacje-w-2025-2683","Starostwo Powiatowe w Pszczynie","starostwo powiatowe","powiat","Śląskie","Pszczyński",,"Śląskie / Pszczyński (2410, powiat)",82,82,0,"N/A",0,0,0,"b) NIE","b) NIE",
"3535","https://fedrowanie.siecobywatelska.pl/sprawy/wnioski-o-informacje-w-2025-2684","Starostwo Powiatowe w Pucku","starostwo powiatowe","powiat","Pomorskie","Pucki",,"Pomorskie / Pucki (2211, powiat)",90,87,1,"[g]",0,0,0,"b) NIE","b) NIE",
"3536","https://fedrowanie.siecobywatelska.pl/sprawy/wnioski-o-informacje-w-2025-2685","Starostwo Powiatowe w Puławach","starostwo powiatowe","powiat","Lubelskie","Puławski",,"Lubelskie / Puławski (0614, powiat)",148,137,1,"[a, d, f]",0,1,0,"b) NIE","b) NIE",
"3537","https://fedrowanie.siecobywatelska.pl/sprawy/wnioski-o-informacje-w-2025-2686","Starostwo Powiatowe w Pułtusku","starostwo powiatowe","powiat","Mazowieckie","Pułtuski",,"Mazowieckie / Pułtuski (1424, powiat)",82,81,1,"[a, b, c]",0,0,0,"b) NIE","b) NIE",
"3539","https://fedrowanie.siecobywatelska.pl/sprawy/wnioski-o-informacje-w-2025-2688","Starostwo Powiatowe w Raciborzu","starostwo powiatowe","powiat","Śląskie","Raciborski",,"Śląskie / Raciborski (2411, powiat)",95,95,0,"N/A",0,0,0,"b) NIE","b) NIE",
"3540","https://fedrowanie.siecobywatelska.pl/sprawy/wnioski-o-informacje-w-2025-2689","Starostwo Powiatowe w Radomiu","starostwo powiatowe","powiat","Mazowieckie","Radomski",,"Mazowieckie / Radomski (1425, powiat)",80,67,0,"[b, c]",0,0,0,"b) NIE","a) TAK",
"3541","https://fedrowanie.siecobywatelska.pl/sprawy/wnioski-o-informacje-w-2025-2690","Starostwo Powiatowe w Radomsku","starostwo powiatowe","powiat","Łódzkie","Radomszczański",,"Łódzkie / Radomszczański (1012, powiat)",122,121,1,"[a, b, c]",0,1,0,"b) NIE","b) NIE",
"3542","https://fedrowanie.siecobywatelska.pl/sprawy/wnioski-o-informacje-w-2025-2691","Starostwo Powiatowe w Radziejowie","starostwo powiatowe","powiat","Kujawsko-Pomorskie","Radziejowski",,"Kujawsko-Pomorskie / Radziejowski (0411, powiat)",49,49,0,"N/A",0,0,0,"b) NIE","a) TAK",
"3543","https://fedrowanie.siecobywatelska.pl/sprawy/wnioski-o-informacje-w-2025-2692","Starostwo Powiatowe w Radzyniu Podlaskim","starostwo powiatowe","powiat","Lubelskie","Radzyński",,"Lubelskie / Radzyński (0615, powiat)",90,87,0,"[b, c]",0,0,3,"b) NIE","b) NIE",
"3544","https://fedrowanie.siecobywatelska.pl/sprawy/wnioski-o-informacje-w-2025-2693","Starostwo Powiatowe w Rawiczu","starostwo powiatowe","powiat","Wielkopolskie","Rawicki",,"Wielkopolskie / Rawicki (3022, powiat)",74,74,0,"N/A",0,0,0,"b) NIE","b) NIE",
"3545","https://fedrowanie.siecobywatelska.pl/sprawy/wnioski-o-informacje-w-2025-2694","Starostwo Powiatowe w Rawie Mazowieckiej","starostwo powiatowe","powiat","Łódzkie","Rawski",,"Łódzkie / Rawski (1013, powiat)",100,"BD",0,"N/A",0,0,0,"b) NIE","b) NIE",
"3546","https://fedrowanie.siecobywatelska.pl/sprawy/wnioski-o-informacje-w-2025-2695","Starostwo Powiatowe w Ropczycach","starostwo powiatowe","powiat","Podkarpackie","Ropczycko-Sędziszowski",,"Podkarpackie / Ropczycko-Sędziszowski (1815, powiat)",94,89,1,"[f]",0,0,0,"b) NIE","b) NIE",
"3547","https://fedrowanie.siecobywatelska.pl/sprawy/wnioski-o-informacje-w-2025-2696","Starostwo Powiatowe w Rybniku","starostwo powiatowe","powiat","Śląskie","Rybnicki",,"Śląskie / Rybnicki (2412, powiat)",49,49,1,"[f, g]",0,0,0,"b) NIE","b) NIE",
"3549","https://fedrowanie.siecobywatelska.pl/sprawy/wnioski-o-informacje-w-2025-2698","Starostwo Powiatowe w Rypinie","starostwo powiatowe","powiat","Kujawsko-Pomorskie","Rypiński",,"Kujawsko-Pomorskie / Rypiński (0412, powiat)",65,61,4,"[b, h]",0,1,0,"b) NIE","b) NIE",
"3550","https://fedrowanie.siecobywatelska.pl/sprawy/wnioski-o-informacje-w-2025-2699","Starostwo Powiatowe w Rzeszowie","starostwo powiatowe","powiat","Podkarpackie","Rzeszowski",,"Podkarpackie / Rzeszowski (1816, powiat)",180,151,6,"[a, b, c]",1,2,0,"b) NIE","a) TAK",
"3551","https://fedrowanie.siecobywatelska.pl/sprawy/wnioski-o-informacje-w-2025-2700","Starostwo Powiatowe w Sandomierzu","starostwo powiatowe","powiat","Świętokrzyskie","Sandomierski",,"Świętokrzyskie / Sandomierski (2609, powiat)",33,33,0,"N/A",0,0,0,"b) NIE","b) NIE",
"3553","https://fedrowanie.siecobywatelska.pl/sprawy/wnioski-o-informacje-w-2025-2702","Starostwo Powiatowe w Sejnach","starostwo powiatowe","powiat","Podlaskie","Sejneński",,"Podlaskie / Sejneński (2009, powiat)",63,62,0,"N/A",1,0,2,"b) NIE","b) NIE",
"3329","https://fedrowanie.siecobywatelska.pl/sprawy/wnioski-o-informacje-w-2025-2703","Starostwo Powiatowe w Sępólnie Krajeńskim","starostwo powiatowe","powiat","Kujawsko-Pomorskie","Sępoleński",,"Kujawsko-Pomorskie / Sępoleński (0413, powiat)",81,81,0,"N/A",0,0,0,"b) NIE","b) NIE",
"3554","https://fedrowanie.siecobywatelska.pl/sprawy/wnioski-o-informacje-w-2025-2704","Starostwo Powiatowe w Siedlcach","starostwo powiatowe","powiat","Mazowieckie","Siedlecki",,"Mazowieckie / Siedlecki (1426, powiat)",100,95,5,"[a, b, c]",1,1,0,"b) NIE","b) NIE",
"3555","https://fedrowanie.siecobywatelska.pl/sprawy/wnioski-o-informacje-w-2025-2705","Starostwo Powiatowe w Siemiatyczach","starostwo powiatowe","powiat","Podlaskie","Siemiatycki",,"Podlaskie / Siemiatycki (2010, powiat)",103,84,2,"[a, b, c]",0,1,0,"b) NIE","b) NIE",
"3556","https://fedrowanie.siecobywatelska.pl/sprawy/wnioski-o-informacje-w-2025-2706","Starostwo Powiatowe w Sieradzu","starostwo powiatowe","powiat","Łódzkie","Sieradzki",,"Łódzkie / Sieradzki (1014, powiat)",99,84,7,"[c, f]",0,0,0,"b) NIE","b) NIE",
"3558","https://fedrowanie.siecobywatelska.pl/sprawy/wnioski-o-informacje-w-2025-2708","Starostwo Powiatowe w Skarżysko – Kamiennej","starostwo powiatowe","powiat","Świętokrzyskie","Skarżyski",,"Świętokrzyskie / Skarżyski (2610, powiat)",60,54,0,"[a, b]",0,0,0,"b) NIE","b) NIE",
"3559","https://fedrowanie.siecobywatelska.pl/sprawy/wnioski-o-informacje-w-2025-2709","Starostwo Powiatowe w Skierniewicach","starostwo powiatowe","powiat","Łódzkie","Skierniewicki",,"Łódzkie / Skierniewicki (1015, powiat)",75,75,0,"N/A",0,0,0,"b) NIE","b) NIE",
"3561","https://fedrowanie.siecobywatelska.pl/sprawy/wnioski-o-informacje-w-2025-2711","Starostwo Powiatowe w Słubicach","starostwo powiatowe","powiat","Lubuskie","Słubicki",,"Lubuskie / Słubicki (0805, powiat)",202,167,7,"[a, b, c]",2,4,2,"b) NIE","b) NIE",
"3562","https://fedrowanie.siecobywatelska.pl/sprawy/wnioski-o-informacje-w-2025-2712","Starostwo Powiatowe w Słupcy","starostwo powiatowe","powiat","Wielkopolskie","Słupecki",,"Wielkopolskie / Słupecki (3023, powiat)",102,87,1,"[a, b, c]",0,0,0,"b) NIE","a) TAK",
"3563","https://fedrowanie.siecobywatelska.pl/sprawy/wnioski-o-informacje-w-2025-2713","Starostwo Powiatowe w Słupsku","starostwo powiatowe","powiat","Pomorskie","Słupski",,"Pomorskie / Słupski (2212, powiat)",93,93,0,"N/A",0,0,0,"b) NIE","b) NIE",
"3564","https://fedrowanie.siecobywatelska.pl/sprawy/wnioski-o-informacje-w-2025-2714","Starostwo Powiatowe w Sochaczewie","starostwo powiatowe","powiat","Mazowieckie","Sochaczewski",,"Mazowieckie / Sochaczewski (1428, powiat)",70,66,0,"[c]",0,0,0,"b) NIE","b) NIE",
"3565","https://fedrowanie.siecobywatelska.pl/sprawy/wnioski-o-informacje-w-2025-2715","Starostwo Powiatowe w Sokołowie Podlaskim","starostwo powiatowe","powiat","Mazowieckie","Sokołowski",,"Mazowieckie / Sokołowski (1429, powiat)",75,61,1,"[a, c]",0,0,0,"b) NIE","a) TAK",
"3566","https://fedrowanie.siecobywatelska.pl/sprawy/wnioski-o-informacje-w-2025-2716","Starostwo Powiatowe w Sokółce","starostwo powiatowe","powiat","Podlaskie","Sokólski",,"Podlaskie / Sokólski (2011, powiat)",92,86,0,"[a, b, c]",1,0,0,"b) NIE","b) NIE",
"3567","https://fedrowanie.siecobywatelska.pl/sprawy/wnioski-o-informacje-w-2025-2717","Starostwo Powiatowe w Stalowej Woli","starostwo powiatowe","powiat","Podkarpackie","Stalowowolski",,"Podkarpackie / Stalowowolski (1818, powiat)",63,63,0,"N/A",1,0,0,"b) NIE","b) NIE",
"3568","https://fedrowanie.siecobywatelska.pl/sprawy/wnioski-o-informacje-w-2025-2718","Starostwo Powiatowe w Starachowicach","starostwo powiatowe","powiat","Świętokrzyskie","Starachowicki",,"Świętokrzyskie / Starachowicki (2611, powiat)",286,245,1,"[a, b, c]",0,0,0,"b) NIE","b) NIE",
"3569","https://fedrowanie.siecobywatelska.pl/sprawy/wnioski-o-informacje-w-2025-2719","Starostwo Powiatowe w Stargardzie","starostwo powiatowe","powiat","Zachodniopomorskie","Stargardzki",,"Zachodniopomorskie / Stargardzki (3214, powiat)",75,75,0,"N/A",0,0,0,"a) TAK","b) NIE",
"3570","https://fedrowanie.siecobywatelska.pl/sprawy/wnioski-o-informacje-w-2025-2720","Starostwo Powiatowe w Starogardzie Gdańskim","starostwo powiatowe","powiat","Pomorskie","Starogardzki",,"Pomorskie / Starogardzki (2213, powiat)",98,83,0,"N/A",0,0,0,"b) NIE","a) TAK",
"3571","https://fedrowanie.siecobywatelska.pl/sprawy/wnioski-o-informacje-w-2025-2721","Starostwo Powiatowe w Staszowie","starostwo powiatowe","powiat","Świętokrzyskie","Staszowski",,"Świętokrzyskie / Staszowski (2612, powiat)",55,53,2,"[e, f]",0,0,0,"b) NIE","b) NIE",
"3573","https://fedrowanie.siecobywatelska.pl/sprawy/wnioski-o-informacje-w-2025-2722","Starostwo Powiatowe w Strzelcach Krajeńskich","starostwo powiatowe","powiat","Lubuskie","Strzelecko-Drezdenecki",,"Lubuskie / Strzelecko-Drezdenecki (0806, powiat)",101,100,0,"[c]",0,0,0,"b) NIE","b) NIE",
"3572","https://fedrowanie.siecobywatelska.pl/sprawy/wnioski-o-informacje-w-2025-2723","Starostwo Powiatowe w Strzelcach Opolskich","starostwo powiatowe","powiat","Opolskie","Strzelecki",,"Opolskie / Strzelecki (1611, powiat)",139,137,2,"[h, i]",1,1,0,"b) NIE","b) NIE",
"3574","https://fedrowanie.siecobywatelska.pl/sprawy/wnioski-o-informacje-w-2025-2724","Starostwo Powiatowe w Strzelinie","starostwo powiatowe","powiat","Dolnośląskie","Strzeliński",,"Dolnośląskie / Strzeliński (0217, powiat)",65,63,0,"[c, i, a]",0,0,0,"b) NIE","b) NIE",
"3575","https://fedrowanie.siecobywatelska.pl/sprawy/wnioski-o-informacje-w-2025-2725","Starostwo Powiatowe w Strzyżowie","starostwo powiatowe","powiat","Podkarpackie","Strzyżowski",,"Podkarpackie / Strzyżowski (1819, powiat)",82,75,0,"[b, c]",0,1,0,"b) NIE","b) NIE",
"3577","https://fedrowanie.siecobywatelska.pl/sprawy/wnioski-o-informacje-w-2025-2726","Starostwo Powiatowe w Suchej Beskidzkiej","starostwo powiatowe","powiat","Małopolskie","Suski",,"Małopolskie / Suski (1215, powiat)",97,94,2,"[a, c, f]",1,0,0,"b) NIE","b) NIE",
"3576","https://fedrowanie.siecobywatelska.pl/sprawy/wnioski-o-informacje-w-2025-2727","Starostwo Powiatowe w Sulęcinie","starostwo powiatowe","powiat","Lubuskie","Sulęciński",,"Lubuskie / Sulęciński (0807, powiat)",87,77,1,"[a, c]",0,0,0,"b) NIE","b) NIE",
"3578","https://fedrowanie.siecobywatelska.pl/sprawy/wnioski-o-informacje-w-2025-2728","Starostwo Powiatowe w Suwałkach","starostwo powiatowe","powiat","Podlaskie","Suwalski",,"Podlaskie / Suwalski (2012, powiat)",88,85,0,"N/A",0,0,0,"b) NIE","a) TAK",
"3579","https://fedrowanie.siecobywatelska.pl/sprawy/wnioski-o-informacje-w-2025-2729","Starostwo Powiatowe w Szamotułach","starostwo powiatowe","powiat","Wielkopolskie","Szamotulski",,"Wielkopolskie / Szamotulski (3024, powiat)",90,89,1,"[b, h]",1,1,0,"b) NIE","b) NIE",
"3580","https://fedrowanie.siecobywatelska.pl/sprawy/wnioski-o-informacje-w-2025-2730","Starostwo Powiatowe w Szczecinku","starostwo powiatowe","powiat","Zachodniopomorskie","Szczecinecki",,"Zachodniopomorskie / Szczecinecki (3215, powiat)",63,"BD",0,"N/A",0,0,0,"b) NIE","b) NIE",
"3581","https://fedrowanie.siecobywatelska.pl/sprawy/wnioski-o-informacje-w-2025-2731","Starostwo Powiatowe w Szczytnie","starostwo powiatowe","powiat","Warmińsko-Mazurskie","Szczycieński",,"Warmińsko-Mazurskie / Szczycieński (2817, powiat)",50,50,0,"N/A",0,0,0,"b) NIE","b) NIE",
"3586","https://fedrowanie.siecobywatelska.pl/sprawy/wnioski-o-informacje-w-2025-2734","Starostwo Powiatowe w Śremie","starostwo powiatowe","powiat","Wielkopolskie","Śremski",,"Wielkopolskie / Śremski (3026, powiat)",66,61,0,"[b, c, i]",0,0,0,"b) NIE","b) NIE",
"3584","https://fedrowanie.siecobywatelska.pl/sprawy/wnioski-o-informacje-w-2025-2735","Starostwo Powiatowe w Środzie Śląskiej","starostwo powiatowe","powiat","Dolnośląskie","Średzki",,"Dolnośląskie / Średzki (0218, powiat)",125,115,2,"[f, g]",2,5,0,"b) NIE","b) NIE",
"3585","https://fedrowanie.siecobywatelska.pl/sprawy/wnioski-o-informacje-w-2025-2736","Starostwo Powiatowe w Środzie Wielkopolskiej","starostwo powiatowe","powiat","Wielkopolskie","Średzki",,"Wielkopolskie / Średzki (3025, powiat)",126,119,3,"[a, b, c]",0,0,3,"b) NIE","b) NIE",
"3587","https://fedrowanie.siecobywatelska.pl/sprawy/wnioski-o-informacje-w-2025-2737","Starostwo Powiatowe w Świdnicy","starostwo powiatowe","powiat","Dolnośląskie","Świdnicki",,"Dolnośląskie / Świdnicki (0219, powiat)",113,75,4,"[c, a, b]",0,1,0,"b) NIE","b) NIE",
"3588","https://fedrowanie.siecobywatelska.pl/sprawy/wnioski-o-informacje-w-2025-2738","Starostwo Powiatowe w Świdniku","starostwo powiatowe","powiat","Lubelskie","Świdnicki",,"Lubelskie / Świdnicki (0617, powiat)",94,86,0,"N/A",0,0,0,"b) NIE","b) NIE",
"3590","https://fedrowanie.siecobywatelska.pl/sprawy/wnioski-o-informacje-w-2025-2740","Starostwo Powiatowe w Świebodzinie","starostwo powiatowe","powiat","Lubuskie","Świebodziński",,"Lubuskie / Świebodziński (0808, powiat)",87,82,0,"[b, c]",0,0,0,"b) NIE","b) NIE",
"3591","https://fedrowanie.siecobywatelska.pl/sprawy/wnioski-o-informacje-w-2025-2741","Starostwo Powiatowe w Świeciu","starostwo powiatowe","powiat","Kujawsko-Pomorskie","Świecki",,"Kujawsko-Pomorskie / Świecki (0414, powiat)",69,69,0,"N/A",0,0,0,"b) NIE","b) NIE",
"3592","https://fedrowanie.siecobywatelska.pl/sprawy/wnioski-o-informacje-w-2025-2742","Starostwo Powiatowe w Tarnobrzegu","starostwo powiatowe","powiat","Podkarpackie","Tarnobrzeski",,"Podkarpackie / Tarnobrzeski (1820, powiat)",22,22,0,"N/A",0,0,0,"b) NIE","b) NIE",
"3594","https://fedrowanie.siecobywatelska.pl/sprawy/wnioski-o-informacje-w-2025-2743","Starostwo Powiatowe w Tarnowie","starostwo powiatowe","powiat","Małopolskie","Tarnowski",,"Małopolskie / Tarnowski (1216, powiat)",2877,2864,1,"[b, c, d]",0,0,1,"b) NIE","b) NIE",
"3593","https://fedrowanie.siecobywatelska.pl/sprawy/wnioski-o-informacje-w-2025-2744","Starostwo Powiatowe w Tarnowskich Górach","starostwo powiatowe","powiat","Śląskie","Tarnogórski",,"Śląskie / Tarnogórski (2413, powiat)",187,117,5,"[a, b, c]",1,1,0,"b) NIE","b) NIE",
"3598","https://fedrowanie.siecobywatelska.pl/sprawy/wnioski-o-informacje-w-2025-2747","Starostwo Powiatowe w Tomaszowie Mazowieckim","starostwo powiatowe","powiat","Łódzkie","Tomaszowski",,"Łódzkie / Tomaszowski (1016, powiat)",88,71,1,"[a, b, c]",0,0,0,"b) NIE","b) NIE",
"3599","https://fedrowanie.siecobywatelska.pl/sprawy/wnioski-o-informacje-w-2025-2748","Starostwo Powiatowe w Toruniu","starostwo powiatowe","powiat","Kujawsko-Pomorskie","Toruński",,"Kujawsko-Pomorskie / Toruński (0415, powiat)",70,69,0,"N/A",0,0,0,"b) NIE","b) NIE",
"3600","https://fedrowanie.siecobywatelska.pl/sprawy/wnioski-o-informacje-w-2025-2749","Starostwo Powiatowe w Trzebnicy","starostwo powiatowe","powiat","Dolnośląskie","Trzebnicki",,"Dolnośląskie / Trzebnicki (0220, powiat)",159,"BD",2,"BD",0,0,0,"b) NIE","b) NIE",
"3602","https://fedrowanie.siecobywatelska.pl/sprawy/wnioski-o-informacje-w-2025-2751","Starostwo Powiatowe w Turku","starostwo powiatowe","powiat","Wielkopolskie","Turecki",,"Wielkopolskie / Turecki (3027, powiat)",91,81,0,"[a, b, c]",0,0,0,"b) NIE","b) NIE",
"3343","https://fedrowanie.siecobywatelska.pl/sprawy/wnioski-o-informacje-w-2025-2752","Starostwo Powiatowe w Ustrzykach Dolnych","starostwo powiatowe","powiat","Podkarpackie","Bieszczadzki",,"Podkarpackie / Bieszczadzki (1801, powiat)",68,57,9,"[a, c, f]",0,4,0,"b) NIE","b) NIE",
"3603","https://fedrowanie.siecobywatelska.pl/sprawy/wnioski-o-informacje-w-2025-2753","Starostwo Powiatowe w Wadowicach","starostwo powiatowe","powiat","Małopolskie","Wadowicki",,"Małopolskie / Wadowicki (1218, powiat)",121,120,0,"N/A",1,0,0,"b) NIE","b) NIE",
"3604","https://fedrowanie.siecobywatelska.pl/sprawy/wnioski-o-informacje-w-2025-2754","Starostwo Powiatowe w Wałbrzychu","starostwo powiatowe","powiat","Dolnośląskie","Wałbrzyski",,"Dolnośląskie / Wałbrzyski (0221, powiat)",83,81,0,"[a]",0,0,0,"b) NIE","b) NIE",
"3605","https://fedrowanie.siecobywatelska.pl/sprawy/wnioski-o-informacje-w-2025-2755","Starostwo Powiatowe w Wałczu","starostwo powiatowe","powiat","Zachodniopomorskie","Wałecki",,"Zachodniopomorskie / Wałecki (3217, powiat)",102,91,1,"[c]",0,1,0,"b) NIE","b) NIE",
"3330","https://fedrowanie.siecobywatelska.pl/sprawy/wnioski-o-informacje-w-2025-2756","Starostwo Powiatowe w Wąbrzeźnie","starostwo powiatowe","powiat","Kujawsko-Pomorskie","Wąbrzeski",,"Kujawsko-Pomorskie / Wąbrzeski (0417, powiat)",26,26,0,"N/A",0,0,0,"b) NIE","b) NIE",
"3607","https://fedrowanie.siecobywatelska.pl/sprawy/wnioski-o-informacje-w-2025-2757","Starostwo Powiatowe w Wągrowcu","starostwo powiatowe","powiat","Wielkopolskie","Wągrowiecki",,"Wielkopolskie / Wągrowiecki (3028, powiat)",58,58,0,"N/A",0,0,0,"b) NIE","b) NIE",
"3608","https://fedrowanie.siecobywatelska.pl/sprawy/wnioski-o-informacje-w-2025-2758","Starostwo Powiatowe w Wejherowie","starostwo powiatowe","powiat","Pomorskie","Wejherowski",,"Pomorskie / Wejherowski (2215, powiat)",124,115,8,"[a, c, f]",0,0,0,"b) NIE","b) NIE",
"3609","https://fedrowanie.siecobywatelska.pl/sprawy/wnioski-o-informacje-w-2025-2759","Starostwo Powiatowe w Węgorzewie","starostwo powiatowe","powiat","Warmińsko-Mazurskie","Węgorzewski",,"Warmińsko-Mazurskie / Węgorzewski (2819, powiat)",55,55,0,"N/A",0,0,0,"b) NIE","b) NIE",
"3610","https://fedrowanie.siecobywatelska.pl/sprawy/wnioski-o-informacje-w-2025-2760","Starostwo Powiatowe w Węgrowie","starostwo powiatowe","powiat","Mazowieckie","Węgrowski",,"Mazowieckie / Węgrowski (1433, powiat)",61,55,0,"[a, c, g]",0,0,0,"b) NIE","b) NIE",
"3611","https://fedrowanie.siecobywatelska.pl/sprawy/wnioski-o-informacje-w-2025-2761","Starostwo Powiatowe w Wieliczce","starostwo powiatowe","powiat","Małopolskie","Wielicki",,"Małopolskie / Wielicki (1219, powiat)",337,240,0,"[a, b, c]",1,0,0,"b) NIE","a) TAK",
"3612","https://fedrowanie.siecobywatelska.pl/sprawy/wnioski-o-informacje-w-2025-2762","Starostwo Powiatowe w Wieluniu","starostwo powiatowe","powiat","Łódzkie","Wieluński",,"Łódzkie / Wieluński (1017, powiat)",98,77,2,"[a, c, f]",1,0,0,"b) NIE","b) NIE",
"3617","https://fedrowanie.siecobywatelska.pl/sprawy/wnioski-o-informacje-w-2025-2764","Starostwo Powiatowe w Wodzisławiu Śląskim","starostwo powiatowe","powiat","Śląskie","Wodzisławski",,"Śląskie / Wodzisławski (2415, powiat)",177,177,0,"N/A",0,0,0,"b) NIE","b) NIE",
"3618","https://fedrowanie.siecobywatelska.pl/sprawy/wnioski-o-informacje-w-2025-2765","Starostwo Powiatowe w Wolsztynie","starostwo powiatowe","powiat","Wielkopolskie","Wolsztyński",,"Wielkopolskie / Wolsztyński (3029, powiat)",71,71,1,"[f]",0,0,1,"b) NIE","b) NIE",
"3619","https://fedrowanie.siecobywatelska.pl/sprawy/wnioski-o-informacje-w-2025-2766","Starostwo Powiatowe w Wołominie","starostwo powiatowe","powiat","Mazowieckie","Wołomiński",,"Mazowieckie / Wołomiński (1434, powiat)",243,228,2,"[e, e, e]",0,0,0,"b) NIE","b) NIE",
"3624","https://fedrowanie.siecobywatelska.pl/sprawy/wnioski-o-informacje-w-2025-2768","Starostwo Powiatowe w Wysokiem Mazowieckiem","starostwo powiatowe","powiat","Podlaskie","Wysokomazowiecki",,"Podlaskie / Wysokomazowiecki (2013, powiat)",52,45,0,"[b, c]",0,1,0,"b) NIE","b) NIE",
"3625","https://fedrowanie.siecobywatelska.pl/sprawy/wnioski-o-informacje-w-2025-2769","Starostwo Powiatowe w Wyszkowie","starostwo powiatowe","powiat","Mazowieckie","Wyszkowski",,"Mazowieckie / Wyszkowski (1435, powiat)",67,48,0,"[a, b, c]",0,0,0,"b) NIE","b) NIE",
"3595","https://fedrowanie.siecobywatelska.pl/sprawy/wnioski-o-informacje-w-2025-2770","Starostwo Powiatowe w Zakopanem","starostwo powiatowe","powiat","Małopolskie","Tatrzański",,"Małopolskie / Tatrzański (1217, powiat)",184,175,0,"[a, c]",0,0,5,"b) NIE","b) NIE",
"3626","https://fedrowanie.siecobywatelska.pl/sprawy/wnioski-o-informacje-w-2025-2771","Starostwo Powiatowe w Zambrowie","starostwo powiatowe","powiat","Podlaskie","Zambrowski",,"Podlaskie / Zambrowski (2014, powiat)",15,41,0,"N/A",0,0,0,"b) NIE","b) NIE",
"3627","https://fedrowanie.siecobywatelska.pl/sprawy/wnioski-o-informacje-w-2025-2772","Starostwo Powiatowe w Zamościu","starostwo powiatowe","powiat","Lubelskie","Zamojski",,"Lubelskie / Zamojski (0620, powiat)",87,68,8,"[a, b, c]",1,0,1,"b) NIE","b) NIE",
"3628","https://fedrowanie.siecobywatelska.pl/sprawy/wnioski-o-informacje-w-2025-2773","Starostwo Powiatowe w Zawierciu","starostwo powiatowe","powiat","Śląskie","Zawierciański",,"Śląskie / Zawierciański (2416, powiat)",102,90,2,"[c]",1,1,0,"b) NIE","a) TAK",
"3629","https://fedrowanie.siecobywatelska.pl/sprawy/wnioski-o-informacje-w-2025-2774","Starostwo Powiatowe w Ząbkowicach Śląskich","starostwo powiatowe","powiat","Dolnośląskie","Ząbkowicki",,"Dolnośląskie / Ząbkowicki (0224, powiat)",84,84,0,"N/A",0,0,0,"a) TAK","a) TAK",
"3630","https://fedrowanie.siecobywatelska.pl/sprawy/wnioski-o-informacje-w-2025-2775","Starostwo Powiatowe w Zduńskiej Woli","starostwo powiatowe","powiat","Łódzkie","Zduńskowolski",,"Łódzkie / Zduńskowolski (1019, powiat)",5,5,0,"N/A",0,0,0,"b) NIE","b) NIE",
"3631","https://fedrowanie.siecobywatelska.pl/sprawy/wnioski-o-informacje-w-2025-2776","Starostwo Powiatowe w Zgierzu","starostwo powiatowe","powiat","Łódzkie","Zgierski",,"Łódzkie / Zgierski (1020, powiat)",107,95,1,"[a, b, c]",0,0,0,"b) NIE","b) NIE",
"3633","https://fedrowanie.siecobywatelska.pl/sprawy/wnioski-o-informacje-w-2025-2778","Starostwo Powiatowe w Zielonej Górze","starostwo powiatowe","powiat","Lubuskie","Zielonogórski",,"Lubuskie / Zielonogórski (0809, powiat)",84,78,3,"[a, c, i]",0,0,0,"b) NIE","b) NIE",
"3634","https://fedrowanie.siecobywatelska.pl/sprawy/wnioski-o-informacje-w-2025-2779","Starostwo Powiatowe w Złotoryi","starostwo powiatowe","powiat","Dolnośląskie","Złotoryjski",,"Dolnośląskie / Złotoryjski (0226, powiat)",95,89,2,"[b, c, d]",0,1,0,"b) NIE","b) NIE",
"3635","https://fedrowanie.siecobywatelska.pl/sprawy/wnioski-o-informacje-w-2025-2780","Starostwo Powiatowe w Złotowie","starostwo powiatowe","powiat","Wielkopolskie","Złotowski",,"Wielkopolskie / Złotowski (3031, powiat)",85,85,0,"N/A",0,0,8,"b) NIE","b) NIE",
"3636","https://fedrowanie.siecobywatelska.pl/sprawy/wnioski-o-informacje-w-2025-2781","Starostwo Powiatowe w Zwoleniu","starostwo powiatowe","powiat","Mazowieckie","Zwoleński",,"Mazowieckie / Zwoleński (1436, powiat)",133,66,1,"[a, b, c]",1,1,1,"b) NIE","b) NIE",
"3637","https://fedrowanie.siecobywatelska.pl/sprawy/wnioski-o-informacje-w-2025-2782","Starostwo Powiatowe w Żaganiu","starostwo powiatowe","powiat","Lubuskie","Żagański",,"Lubuskie / Żagański (0810, powiat)",102,99,1,"[a, b, i]","BD","BD","BD","BD","b) NIE",
"3640","https://fedrowanie.siecobywatelska.pl/sprawy/wnioski-o-informacje-w-2025-2785","Starostwo Powiatowe w Żurominie","starostwo powiatowe","powiat","Mazowieckie","Żuromiński",,"Mazowieckie / Żuromiński (1437, powiat)",74,74,0,"N/A",0,0,0,"b) NIE","b) NIE",
"3641","https://fedrowanie.siecobywatelska.pl/sprawy/wnioski-o-informacje-w-2025-2786","Starostwo Powiatowe w Żyrardowie","starostwo powiatowe","powiat","Mazowieckie","Żyrardowski",,"Mazowieckie / Żyrardowski (1438, powiat)",140,140,12,"[b, c, d]",1,0,0,"b) NIE","b) NIE",
"3642","https://fedrowanie.siecobywatelska.pl/sprawy/wnioski-o-informacje-w-2025-2787","Starostwo Powiatowe w Żywcu","starostwo powiatowe","powiat","Śląskie","Żywiecki",,"Śląskie / Żywiecki (2417, powiat)",137,133,3,"[i]",1,0,0,"b) NIE","b) NIE",
"3614","https://fedrowanie.siecobywatelska.pl/sprawy/wnioski-o-informacje-w-2025-2788","Starostwo Powiatowe we Włocławku","starostwo powiatowe","powiat","Kujawsko-Pomorskie","Włocławski",,"Kujawsko-Pomorskie / Włocławski (0418, powiat)",65,65,0,"N/A",0,0,0,"b) NIE","a) TAK",
"3615","https://fedrowanie.siecobywatelska.pl/sprawy/wnioski-o-informacje-w-2025-2789","Starostwo Powiatowe we Włodawie","starostwo powiatowe","powiat","Lubelskie","Włodawski",,"Lubelskie / Włodawski (0619, powiat)",70,59,2,"[a, c, f]",0,0,0,"b) NIE","b) NIE",
"3616","https://fedrowanie.siecobywatelska.pl/sprawy/wnioski-o-informacje-w-2025-2790","Starostwo Powiatowe we Włoszczowie","starostwo powiatowe","powiat","Świętokrzyskie","Włoszczowski",,"Świętokrzyskie / Włoszczowski (2613, powiat)",104,90,9,"[a, b, c]",4,7,0,"b) NIE","b) NIE",
"3622","https://fedrowanie.siecobywatelska.pl/sprawy/wnioski-o-informacje-w-2025-2792","Starostwo Powiatowe we Wrześni","starostwo powiatowe","powiat","Wielkopolskie","Wrzesiński",,"Wielkopolskie / Wrzesiński (3030, powiat)",156,133,6,"[a, b, c]",0,0,1,"b) NIE","b) NIE",
"3623","https://fedrowanie.siecobywatelska.pl/sprawy/wnioski-o-informacje-w-2025-2793","Starostwo Powiatowe we Wschowie","starostwo powiatowe","powiat","Lubuskie","Wschowski",,"Lubuskie / Wschowski (0812, powiat)",72,71,0,"[c]",0,0,0,"b) NIE","b) NIE",
"355","https://fedrowanie.siecobywatelska.pl/sprawy/wnioski-o-informacje-w-2025-1222","STAROŹREBY","samorząd gminy","gmina miejsko-wiejska","Mazowieckie","Płocki","Staroźreby","Mazowieckie / Płocki / Staroźreby (1419143, gmina miejsko-wiejska)",87,86,1,"N/A",0,0,0,"b) NIE","b) NIE",6590
"2356","https://fedrowanie.siecobywatelska.pl/sprawy/wnioski-o-informacje-w-2025-1732","STARY DZIERZGOŃ","samorząd gminy","gmina wiejska","Pomorskie","Sztumski","Stary Dzierzgoń","Pomorskie / Sztumski / Stary Dzierzgoń (2216032, gmina wiejska)",58,58,0,"N/A",0,0,0,"b) NIE","a) TAK",3360
"2357","https://fedrowanie.siecobywatelska.pl/sprawy/wnioski-o-informacje-w-2025-1487","STARY DZIKÓW","samorząd gminy","gmina wiejska","Podkarpackie","Lubaczowski","Stary Dzików","Podkarpackie / Lubaczowski / Stary Dzików (1809072, gmina wiejska)",83,81,2,"[f]",0,1,0,"b) NIE","b) NIE",3850
"289","https://fedrowanie.siecobywatelska.pl/sprawy/wnioski-o-informacje-w-2025-1223","STARY LUBOTYŃ","samorząd gminy","gmina wiejska","Mazowieckie","Ostrowski","Stary Lubotyń","Mazowieckie / Ostrowski / Stary Lubotyń (1416082, gmina wiejska)",75,75,0,"N/A",0,0,0,"b) NIE","b) NIE",3530
"356","https://fedrowanie.siecobywatelska.pl/sprawy/wnioski-o-informacje-w-2025-928","STARY SĄCZ","samorząd gminy","gmina miejsko-wiejska","Małopolskie","Nowosądecki","Stary Sącz","Małopolskie / Nowosądecki / Stary Sącz (1210163, gmina miejsko-wiejska)",114,109,5,"[f]",0,0,0,"a) TAK","a) TAK",23420
"1701","https://fedrowanie.siecobywatelska.pl/sprawy/wnioski-o-informacje-w-2025-1733","STARY TARG","samorząd gminy","gmina wiejska","Pomorskie","Sztumski","Stary Targ","Pomorskie / Sztumski / Stary Targ (2216042, gmina wiejska)",78,77,0,"[d]",0,0,0,"b) NIE","b) NIE",5760
"357","https://fedrowanie.siecobywatelska.pl/sprawy/wnioski-o-informacje-w-2025-468","STARY ZAMOŚĆ","samorząd gminy","gmina wiejska","Lubelskie","Zamojski","Stary Zamość","Lubelskie / Zamojski / Stary Zamość (0620112, gmina wiejska)",63,63,0,"N/A",0,0,0,"b) NIE","b) NIE",4720
"76","https://fedrowanie.siecobywatelska.pl/sprawy/wnioski-o-informacje-w-2025-2007","STASZÓW","samorząd gminy","gmina miejsko-wiejska","Świętokrzyskie","Staszowski","Staszów","Świętokrzyskie / Staszowski / Staszów (2612073, gmina miejsko-wiejska)",129,127,2,"[h]",0,0,0,"b) NIE","b) NIE",23820
"627","https://fedrowanie.siecobywatelska.pl/sprawy/wnioski-o-informacje-w-2025-2127","STAWIGUDA","samorząd gminy","gmina wiejska","Warmińsko-Mazurskie","Olsztyński","Stawiguda","Warmińsko-Mazurskie / Olsztyński / Stawiguda (2814112, gmina wiejska)",57,53,1,"[a, b, c]",0,0,0,"b) NIE","b) NIE",15740
"1375","https://fedrowanie.siecobywatelska.pl/sprawy/wnioski-o-informacje-w-2025-2318","STAWISZYN","samorząd gminy","gmina miejsko-wiejska","Wielkopolskie","Kaliski","Stawiszyn","Wielkopolskie / Kaliski / Stawiszyn (3007093, gmina miejsko-wiejska)",47,47,0,"N/A",0,0,0,"b) NIE","b) NIE",6470
"987","https://fedrowanie.siecobywatelska.pl/sprawy/wnioski-o-informacje-w-2025-2008","STĄPORKÓW","samorząd gminy","gmina miejsko-wiejska","Świętokrzyskie","Konecki","Stąporków","Świętokrzyskie / Konecki / Stąporków (2605083, gmina miejsko-wiejska)",96,96,0,"N/A",0,0,0,"b) NIE","b) NIE",14770
"1519","https://fedrowanie.siecobywatelska.pl/sprawy/wnioski-o-informacje-w-2025-1734","STEGNA","samorząd gminy","gmina wiejska","Pomorskie","Nowodworski","Stegna","Pomorskie / Nowodworski / Stegna (2210042, gmina wiejska)",92,90,2,"[f]",0,0,2,"b) NIE","b) NIE",9080
"7996","https://fedrowanie.siecobywatelska.pl/sprawy/wnioski-o-informacje-w-2025-2457","STEPNICA","samorząd gminy","gmina miejsko-wiejska","Zachodniopomorskie","Goleniowski","Stepnica","Zachodniopomorskie / Goleniowski / Stepnica (3204073, gmina miejsko-wiejska)",76,68,0,"[a, c, f]",0,0,0,"b) NIE","b) NIE",4630
"1771","https://fedrowanie.siecobywatelska.pl/sprawy/wnioski-o-informacje-w-2025-1224","STERDYŃ","samorząd gminy","gmina wiejska","Mazowieckie","Sokołowski","Sterdyń","Mazowieckie / Sokołowski / Sterdyń (1429092, gmina wiejska)",91,91,0,"N/A",0,0,0,"b) NIE","b) NIE",3260
"1521","https://fedrowanie.siecobywatelska.pl/sprawy/wnioski-o-informacje-w-2025-469","STĘŻYCA (woj. lubelskie)","samorząd gminy","gmina wiejska","Lubelskie","Rycki","Stężyca","Lubelskie / Rycki / Stężyca (0616052, gmina wiejska)",35,33,0,"[i]",0,0,0,"b) NIE","b) NIE",4630
"1520","https://fedrowanie.siecobywatelska.pl/sprawy/wnioski-o-informacje-w-2025-1735","STĘŻYCA (woj. pomorskie)","samorząd gminy","gmina wiejska","Pomorskie","Kartuski","Stężyca","Pomorskie / Kartuski / Stężyca (2205062, gmina wiejska)",76,76,4,"[f]",0,0,0,"b) NIE","b) NIE",11540
"1377","https://fedrowanie.siecobywatelska.pl/sprawy/wnioski-o-informacje-w-2025-1225","STOCZEK","samorząd gminy","gmina wiejska","Mazowieckie","Węgrowski","Stoczek","Mazowieckie / Węgrowski / Stoczek (1433082, gmina wiejska)",65,63,0,"[c, i]",1,1,0,"b) NIE","b) NIE",4390
"640","https://fedrowanie.siecobywatelska.pl/sprawy/wnioski-o-informacje-w-2025-470","STOCZEK ŁUKOWSKI","samorząd gminy","gmina miejska","Lubelskie","Łukowski","Stoczek Łukowski","Lubelskie / Łukowski / Stoczek Łukowski (0611021, gmina miejska)",61,61,0,"N/A",0,"BD",0,"b) NIE","b) NIE",2280
"1379","https://fedrowanie.siecobywatelska.pl/sprawy/wnioski-o-informacje-w-2025-286","STOLNO","samorząd gminy","gmina wiejska","Kujawsko-Pomorskie","Chełmiński","Stolno","Kujawsko-Pomorskie / Chełmiński / Stolno (0404062, gmina wiejska)",78,78,0,"N/A",0,0,0,"b) NIE","b) NIE",5100
"7997","https://fedrowanie.siecobywatelska.pl/sprawy/wnioski-o-informacje-w-2025-2009","STOPNICA","samorząd gminy","gmina miejsko-wiejska","Świętokrzyskie","Buski","Stopnica","Świętokrzyskie / Buski / Stopnica (2601063, gmina miejsko-wiejska)",64,64,0,"N/A",0,0,0,"b) NIE","b) NIE",6920
"1380","https://fedrowanie.siecobywatelska.pl/sprawy/wnioski-o-informacje-w-2025-124","STOSZOWICE","samorząd gminy","gmina wiejska","Dolnośląskie","Ząbkowicki","Stoszowice","Dolnośląskie / Ząbkowicki / Stoszowice (0224042, gmina wiejska)",128,127,0,"N/A",0,0,0,"b) NIE","b) NIE",5050
"1772","https://fedrowanie.siecobywatelska.pl/sprawy/wnioski-o-informacje-w-2025-1226","STRACHÓWKA","samorząd gminy","gmina wiejska","Mazowieckie","Wołomiński","Strachówka","Mazowieckie / Wołomiński / Strachówka (1434102, gmina wiejska)",40,40,0,"N/A",0,0,0,"b) NIE","b) NIE",2560
"989","https://fedrowanie.siecobywatelska.pl/sprawy/wnioski-o-informacje-w-2025-2010","STRAWCZYN","samorząd gminy","gmina wiejska","Świętokrzyskie","Kielecki","Strawczyn","Świętokrzyskie / Kielecki / Strawczyn (2604182, gmina wiejska)",91,87,0,"[a, b, c]",0,0,0,"b) NIE","b) NIE",11290
"1919","https://fedrowanie.siecobywatelska.pl/sprawy/wnioski-o-informacje-w-2025-1227","STROMIEC","samorząd gminy","gmina wiejska","Mazowieckie","Białobrzeski","Stromiec","Mazowieckie / Białobrzeski / Stromiec (1401052, gmina wiejska)",95,95,0,"N/A",0,0,0,"b) NIE","b) NIE",5340
"358","https://fedrowanie.siecobywatelska.pl/sprawy/wnioski-o-informacje-w-2025-125","STRONIE ŚLĄSKIE","samorząd gminy","gmina miejsko-wiejska","Dolnośląskie","Kłodzki","Stronie Śląskie","Dolnośląskie / Kłodzki / Stronie Śląskie (0208133, gmina miejsko-wiejska)",129,129,0,"N/A",0,0,0,"b) NIE","b) NIE",6590
"1433","https://fedrowanie.siecobywatelska.pl/sprawy/wnioski-o-informacje-w-2025-1889","STRUMIEŃ","samorząd gminy","gmina miejsko-wiejska","Śląskie","Cieszyński","Strumień","Śląskie / Cieszyński / Strumień (2403113, gmina miejsko-wiejska)",84,84,0,"N/A",0,0,0,"b) NIE","b) NIE",13100
"51","https://fedrowanie.siecobywatelska.pl/sprawy/wnioski-o-informacje-w-2025-748","STRYKÓW","samorząd gminy","gmina miejsko-wiejska","Łódzkie","Zgierski","Stryków","Łódzkie / Zgierski / Stryków (1020083, gmina miejsko-wiejska)",94,89,0,"[a, b, f]",0,0,0,"b) NIE","b) NIE",12980
"1522","https://fedrowanie.siecobywatelska.pl/sprawy/wnioski-o-informacje-w-2025-929","STRYSZAWA","samorząd gminy","gmina wiejska","Małopolskie","Suski","Stryszawa","Małopolskie / Suski / Stryszawa (1215072, gmina wiejska)",75,75,0,"N/A",0,0,0,"b) NIE","b) NIE",11850
"359","https://fedrowanie.siecobywatelska.pl/sprawy/wnioski-o-informacje-w-2025-930","STRYSZÓW","samorząd gminy","gmina wiejska","Małopolskie","Wadowicki","Stryszów","Małopolskie / Wadowicki / Stryszów (1218072, gmina wiejska)",79,79,0,"N/A",0,0,0,"b) NIE","b) NIE",6740
"1702","https://fedrowanie.siecobywatelska.pl/sprawy/wnioski-o-informacje-w-2025-2320","STRZAŁKOWO","samorząd gminy","gmina wiejska","Wielkopolskie","Słupecki","Strzałkowo","Wielkopolskie / Słupecki / Strzałkowo (3023072, gmina wiejska)",74,74,0,"N/A",0,0,0,"b) NIE","b) NIE",9850
"1524","https://fedrowanie.siecobywatelska.pl/sprawy/wnioski-o-informacje-w-2025-1228","STRZEGOWO (dawn. Strzegowo-Osada)","samorząd gminy","gmina wiejska","Mazowieckie","Mławski","Strzegowo","Mazowieckie / Mławski / Strzegowo (1413052, gmina wiejska)",64,64,0,"N/A",0,0,0,"b) NIE","b) NIE",6870
"1920","https://fedrowanie.siecobywatelska.pl/sprawy/wnioski-o-informacje-w-2025-749","STRZELCE","samorząd gminy","gmina wiejska","Łódzkie","Kutnowski","Strzelce","Łódzkie / Kutnowski / Strzelce (1002102, gmina wiejska)",52,52,0,"N/A",0,0,0,"b) NIE","b) NIE",3640
"2358","https://fedrowanie.siecobywatelska.pl/sprawy/wnioski-o-informacje-w-2025-585","STRZELCE KRAJEŃSKIE","samorząd gminy","gmina miejsko-wiejska","Lubuskie","Strzelecko-Drezdenecki","Strzelce Krajeńskie","Lubuskie / Strzelecko-Drezdenecki / Strzelce Krajeńskie (0806043, gmina miejsko-wiejska)",106,106,0,"N/A",0,0,0,"b) NIE","b) NIE",15780
"2042","https://fedrowanie.siecobywatelska.pl/sprawy/wnioski-o-informacje-w-2025-1341","STRZELCE OPOLSKIE","samorząd gminy","gmina miejsko-wiejska","Opolskie","Strzelecki","Strzelce Opolskie","Opolskie / Strzelecki / Strzelce Opolskie (1611053, gmina miejsko-wiejska)",139,136,0,"[a, b]",0,0,0,"a) TAK","b) NIE",28450
"1921","https://fedrowanie.siecobywatelska.pl/sprawy/wnioski-o-informacje-w-2025-750","STRZELCE WIELKIE","samorząd gminy","gmina wiejska","Łódzkie","Pajęczański","Strzelce Wielkie","Łódzkie / Pajęczański / Strzelce Wielkie (1009072, gmina wiejska)",87,84,2,"[h, i]",0,0,0,"b) NIE","b) NIE",4070
"2150","https://fedrowanie.siecobywatelska.pl/sprawy/wnioski-o-informacje-w-2025-127","STRZELIN","samorząd gminy","gmina miejsko-wiejska","Dolnośląskie","Strzeliński","Strzelin","Dolnośląskie / Strzeliński / Strzelin (0217043, gmina miejsko-wiejska)",152,144,1,"[a, c]",4,0,0,"b) NIE","b) NIE",21310
"1525","https://fedrowanie.siecobywatelska.pl/sprawy/wnioski-o-informacje-w-2025-472","STRZYŻEWICE","samorząd gminy","gmina wiejska","Lubelskie","Lubelski","Strzyżewice","Lubelskie / Lubelski / Strzyżewice (0609122, gmina wiejska)",88,84,0,"[a]",0,0,0,"b) NIE","a) TAK",8170
"360","https://fedrowanie.siecobywatelska.pl/sprawy/wnioski-o-informacje-w-2025-1488","STRZYŻÓW","samorząd gminy","gmina miejsko-wiejska","Podkarpackie","Strzyżowski","Strzyżów","Podkarpackie / Strzyżowski / Strzyżów (1819043, gmina miejsko-wiejska)",119,118,1,"[f]",0,0,0,"b) NIE","b) NIE",19410
"1922","https://fedrowanie.siecobywatelska.pl/sprawy/wnioski-o-informacje-w-2025-1489","STUBNO","samorząd gminy","gmina wiejska","Podkarpackie","Przemyski","Stubno","Podkarpackie / Przemyski / Stubno (1813092, gmina wiejska)",88,88,0,"N/A",0,0,0,"b) NIE","b) NIE",3610
"1381","https://fedrowanie.siecobywatelska.pl/sprawy/wnioski-o-informacje-w-2025-1736","STUDZIENICE","samorząd gminy","gmina wiejska","Pomorskie","Bytowski","Studzienice","Pomorskie / Bytowski / Studzienice (2201082, gmina wiejska)",8,8,0,"N/A",0,0,0,"b) NIE","b) NIE",3710
"1923","https://fedrowanie.siecobywatelska.pl/sprawy/wnioski-o-informacje-w-2025-1229","STUPSK","samorząd gminy","gmina wiejska","Mazowieckie","Mławski","Stupsk","Mazowieckie / Mławski / Stupsk (1413062, gmina wiejska)",58,58,0,"N/A",0,0,0,"b) NIE","b) NIE",4310
"1382","https://fedrowanie.siecobywatelska.pl/sprawy/wnioski-o-informacje-w-2025-1737","SUBKOWY","samorząd gminy","gmina wiejska","Pomorskie","Tczewski","Subkowy","Pomorskie / Tczewski / Subkowy (2214052, gmina wiejska)",86,85,0,"[a, c]",0,0,0,"b) NIE","b) NIE",5310
"491","https://fedrowanie.siecobywatelska.pl/sprawy/wnioski-o-informacje-w-2025-931","SUCHA BESKIDZKA","samorząd gminy","gmina miejska","Małopolskie","Suski","Sucha Beskidzka","Małopolskie / Suski / Sucha Beskidzka (1215021, gmina miejska)",101,101,0,"N/A",0,"BD",0,"b) NIE","b) NIE",8690
"1034","https://fedrowanie.siecobywatelska.pl/sprawy/wnioski-o-informacje-w-2025-2458","SUCHAŃ","samorząd gminy","gmina miejsko-wiejska","Zachodniopomorskie","Stargardzki","Suchań","Zachodniopomorskie / Stargardzki / Suchań (3214113, gmina miejsko-wiejska)",60,60,0,"N/A",0,0,0,"b) NIE","b) NIE",4010
"1526","https://fedrowanie.siecobywatelska.pl/sprawy/wnioski-o-informacje-w-2025-2011","SUCHEDNIÓW","samorząd gminy","gmina miejsko-wiejska","Świętokrzyskie","Skarżyski","Suchedniów","Świętokrzyskie / Skarżyski / Suchedniów (2610053, gmina miejsko-wiejska)",74,74,3,"[b, d]",0,0,0,"b) NIE","b) NIE",8900
"361","https://fedrowanie.siecobywatelska.pl/sprawy/wnioski-o-informacje-w-2025-1230","SUCHOŻEBRY","samorząd gminy","gmina wiejska","Mazowieckie","Siedlecki","Suchożebry","Mazowieckie / Siedlecki / Suchożebry (1426102, gmina wiejska)",84,84,0,"N/A",0,0,0,"b) NIE","b) NIE",4740
"512","https://fedrowanie.siecobywatelska.pl/sprawy/wnioski-o-informacje-w-2025-2321","SUCHY LAS","samorząd gminy","gmina wiejska","Wielkopolskie","Poznański","Suchy Las","Wielkopolskie / Poznański / Suchy Las (3021152, gmina wiejska)",147,114,1,"[a, b]",0,0,0,"b) NIE","a) TAK",21210
"1383","https://fedrowanie.siecobywatelska.pl/sprawy/wnioski-o-informacje-w-2025-586","SULECHÓW","samorząd gminy","gmina miejsko-wiejska","Lubuskie","Zielonogórski","Sulechów","Lubuskie / Zielonogórski / Sulechów (0809063, gmina miejsko-wiejska)",109,106,3,"[a, c, f]",0,0,0,"b) NIE","b) NIE",25820
"2043","https://fedrowanie.siecobywatelska.pl/sprawy/wnioski-o-informacje-w-2025-751","SULEJÓW","samorząd gminy","gmina miejsko-wiejska","Łódzkie","Piotrkowski","Sulejów","Łódzkie / Piotrkowski / Sulejów (1010093, gmina miejsko-wiejska)",87,83,1,"[b, i]",0,0,0,"b) NIE","b) NIE",16410
"990","https://fedrowanie.siecobywatelska.pl/sprawy/wnioski-o-informacje-w-2025-1231","SULEJÓWEK","samorząd gminy","gmina miejska","Mazowieckie","Miński","Sulejówek","Mazowieckie / Miński / Sulejówek (1412151, gmina miejska)",154,126,1,"[a, c, e]",0,1,0,"b) NIE","b) NIE",21690
"2151","https://fedrowanie.siecobywatelska.pl/sprawy/wnioski-o-informacje-w-2025-587","SULĘCIN","samorząd gminy","gmina miejsko-wiejska","Lubuskie","Sulęciński","Sulęcin","Lubuskie / Sulęciński / Sulęcin (0807043, gmina miejsko-wiejska)",121,119,2,"[f, h]",0,0,0,"b) NIE","b) NIE",14690
"1411","https://fedrowanie.siecobywatelska.pl/sprawy/wnioski-o-informacje-w-2025-1739","SULĘCZYNO","samorząd gminy","gmina wiejska","Pomorskie","Kartuski","Sulęczyno","Pomorskie / Kartuski / Sulęczyno (2205072, gmina wiejska)",74,74,0,"N/A",0,0,0,"b) NIE","b) NIE",5760
"1703","https://fedrowanie.siecobywatelska.pl/sprawy/wnioski-o-informacje-w-2025-128","SULIKÓW","samorząd gminy","gmina wiejska","Dolnośląskie","Zgorzelecki","Sulików","Dolnośląskie / Zgorzelecki / Sulików (0225052, gmina wiejska)",97,94,3,"[e, f, h]",4,8,0,"b) NIE","b) NIE",5750
"1528","https://fedrowanie.siecobywatelska.pl/sprawy/wnioski-o-informacje-w-2025-752","SULMIERZYCE (woj. łódzkie)","samorząd gminy","gmina wiejska","Łódzkie","Pajęczański","Sulmierzyce","Łódzkie / Pajęczański / Sulmierzyce (1009082, gmina wiejska)",71,69,0,"[c, e]",1,0,0,"b) NIE","b) NIE",4350
"1527","https://fedrowanie.siecobywatelska.pl/sprawy/wnioski-o-informacje-w-2025-932","SUŁKOWICE","samorząd gminy","gmina miejsko-wiejska","Małopolskie","Myślenicki","Sułkowice","Małopolskie / Myślenicki / Sułkowice (1209073, gmina miejsko-wiejska)",104,101,2,"[a, b]",0,1,0,"b) NIE","b) NIE",15270
"363","https://fedrowanie.siecobywatelska.pl/sprawy/wnioski-o-informacje-w-2025-933","SUŁOSZOWA","samorząd gminy","gmina wiejska","Małopolskie","Krakowski","Sułoszowa","Małopolskie / Krakowski / Sułoszowa (1206132, gmina wiejska)",86,85,0,"[f]",0,0,0,"b) NIE","b) NIE",5580
"1704","https://fedrowanie.siecobywatelska.pl/sprawy/wnioski-o-informacje-w-2025-473","SUŁÓW","samorząd gminy","gmina wiejska","Lubelskie","Zamojski","Sułów","Lubelskie / Zamojski / Sułów (0620122, gmina wiejska)",74,74,0,"N/A",0,0,0,"b) NIE","b) NIE",3910
"2045","https://fedrowanie.siecobywatelska.pl/sprawy/wnioski-o-informacje-w-2025-1606","SUPRAŚL","samorząd gminy","gmina miejsko-wiejska","Podlaskie","Białostocki","Supraśl","Podlaskie / Białostocki / Supraśl (2002093, gmina miejsko-wiejska)",128,125,0,"[c]",0,0,0,"b) NIE","a) TAK",8190
"364","https://fedrowanie.siecobywatelska.pl/sprawy/wnioski-o-informacje-w-2025-474","SUSIEC","samorząd gminy","gmina wiejska","Lubelskie","Tomaszowski","Susiec","Lubelskie / Tomaszowski / Susiec (0618082, gmina wiejska)",70,69,0,"[d, i]",0,0,0,"b) NIE","b) NIE",6730
"1384","https://fedrowanie.siecobywatelska.pl/sprawy/wnioski-o-informacje-w-2025-2128","SUSZ","samorząd gminy","gmina miejsko-wiejska","Warmińsko-Mazurskie","Iławski","Susz","Warmińsko-Mazurskie / Iławski / Susz (2807063, gmina miejsko-wiejska)",91,90,2,"[g]",1,0,0,"b) NIE","b) NIE",11550
"365","https://fedrowanie.siecobywatelska.pl/sprawy/wnioski-o-informacje-w-2025-1890","SUSZEC","samorząd gminy","gmina wiejska","Śląskie","Pszczyński","Suszec","Śląskie / Pszczyński / Suszec (2410062, gmina wiejska)",55,54,0,"[c, i]",0,0,0,"b) NIE","b) NIE",12910
"855","https://fedrowanie.siecobywatelska.pl/sprawy/wnioski-o-informacje-w-2025-1608","SUWAŁKI","samorząd gminy","gmina wiejska","Podlaskie","Suwalski","Suwałki","Podlaskie / Suwalski / Suwałki (2012072, gmina wiejska)",94,89,0,"[a, i]",0,0,0,"b) NIE","b) NIE",8230
"1035","https://fedrowanie.siecobywatelska.pl/sprawy/wnioski-o-informacje-w-2025-1609","Suwałki","miasto na prawach powiatu","miasto na prawach powiatu","Podlaskie","Suwałki",,"Podlaskie / Suwałki (2063, miasto na prawach powiatu)",150,144,2,"[a, e, f]",0,0,0,"b) NIE","b) NIE",67880
"1385","https://fedrowanie.siecobywatelska.pl/sprawy/wnioski-o-informacje-w-2025-2323","SWARZĘDZ","samorząd gminy","gmina miejsko-wiejska","Wielkopolskie","Poznański","Swarzędz","Wielkopolskie / Poznański / Swarzędz (3021163, gmina miejsko-wiejska)",269,212,12,"[a, c, e]",0,9,1,"b) NIE","b) NIE",57430
"2419","https://fedrowanie.siecobywatelska.pl/sprawy/wnioski-o-informacje-w-2025-753","SZADEK","samorząd gminy","gmina miejsko-wiejska","Łódzkie","Zduńskowolski","Szadek","Łódzkie / Zduńskowolski / Szadek (1019023, gmina miejsko-wiejska)",72,72,0,"N/A",0,0,0,"b) NIE","b) NIE",6980
"1390","https://fedrowanie.siecobywatelska.pl/sprawy/wnioski-o-informacje-w-2025-934","SZAFLARY","samorząd gminy","gmina wiejska","Małopolskie","Nowotarski","Szaflary","Małopolskie / Nowotarski / Szaflary (1211142, gmina wiejska)",65,65,0,"N/A",0,0,0,"b) NIE","b) NIE",11340
"876","https://fedrowanie.siecobywatelska.pl/sprawy/wnioski-o-informacje-w-2025-2324","SZAMOCIN","samorząd gminy","gmina miejsko-wiejska","Wielkopolskie","Chodzieski","Szamocin","Wielkopolskie / Chodzieski / Szamocin (3001053, gmina miejsko-wiejska)",124,97,1,"[a]",0,0,0,"b) NIE","b) NIE",7070
"2153","https://fedrowanie.siecobywatelska.pl/sprawy/wnioski-o-informacje-w-2025-2325","SZAMOTUŁY","samorząd gminy","gmina miejsko-wiejska","Wielkopolskie","Szamotulski","Szamotuły","Wielkopolskie / Szamotulski / Szamotuły (3024073, gmina miejsko-wiejska)",115,113,1,"[a, f]",0,0,0,"b) NIE","b) NIE",29930
"1531","https://fedrowanie.siecobywatelska.pl/sprawy/wnioski-o-informacje-w-2025-475","SZASTARKA","samorząd gminy","gmina wiejska","Lubelskie","Kraśnicki","Szastarka","Lubelskie / Kraśnicki / Szastarka (0607062, gmina wiejska)",81,81,0,"N/A",0,0,0,"b) NIE","b) NIE",5300
"1709","https://fedrowanie.siecobywatelska.pl/sprawy/wnioski-o-informacje-w-2025-588","SZCZANIEC","samorząd gminy","gmina wiejska","Lubuskie","Świebodziński","Szczaniec","Lubuskie / Świebodziński / Szczaniec (0808042, gmina wiejska)",72,72,1,"[a]",0,1,0,"b) NIE","b) NIE",3650
"39926","https://fedrowanie.siecobywatelska.pl/sprawy/wnioski-o-informacje-w-2025-935","SZCZAWA","samorząd gminy","gmina wiejska","Małopolskie","Limanowski","Szczawa","Małopolskie / Limanowski / Szczawa (1207132, gmina wiejska)",29,29,0,"N/A",0,0,0,"b) NIE","a) TAK",1800
"1391","https://fedrowanie.siecobywatelska.pl/sprawy/wnioski-o-informacje-w-2025-130","SZCZAWNO-ZDRÓJ","samorząd gminy","gmina miejska","Dolnośląskie","Wałbrzyski","Szczawno-Zdrój","Dolnośląskie / Wałbrzyski / Szczawno-Zdrój (0221031, gmina miejska)",78,78,0,"N/A",0,0,0,"b) NIE","a) TAK",5090
"87","https://fedrowanie.siecobywatelska.pl/sprawy/wnioski-o-informacje-w-2025-2459","Szczecin","samorząd gminy","miasto na prawach powiatu","Zachodniopomorskie","Szczecin",,"Zachodniopomorskie / Szczecin (3262, miasto na prawach powiatu)",926,921,2,"[a, b, c]",2,2,0,"a) TAK","b) NIE",383790
"877","https://fedrowanie.siecobywatelska.pl/sprawy/wnioski-o-informacje-w-2025-2461","SZCZECINEK","samorząd gminy","gmina wiejska","Zachodniopomorskie","Szczecinecki","Szczecinek","Zachodniopomorskie / Szczecinecki / Szczecinek (3215062, gmina wiejska)",30,30,0,"N/A",1,0,0,"b) NIE","b) NIE",8730
"2154","https://fedrowanie.siecobywatelska.pl/sprawy/wnioski-o-informacje-w-2025-1891","SZCZEKOCINY","samorząd gminy","gmina miejsko-wiejska","Śląskie","Zawierciański","Szczekociny","Śląskie / Zawierciański / Szczekociny (2416083, gmina miejsko-wiejska)",84,84,0,"N/A",0,0,0,"b) NIE","b) NIE",6660
"2474","https://fedrowanie.siecobywatelska.pl/sprawy/wnioski-o-informacje-w-2025-754","SZCZERCÓW","samorząd gminy","gmina wiejska","Łódzkie","Bełchatowski","Szczerców","Łódzkie / Bełchatowski / Szczerców (1001072, gmina wiejska)",108,106,1,"[c, f]",0,0,0,"b) NIE","b) NIE",8080
"1925","https://fedrowanie.siecobywatelska.pl/sprawy/wnioski-o-informacje-w-2025-937","SZCZUCIN","samorząd gminy","gmina miejsko-wiejska","Małopolskie","Dąbrowski","Szczucin","Małopolskie / Dąbrowski / Szczucin (1204073, gmina miejsko-wiejska)",66,66,0,"N/A",0,0,0,"b) NIE","b) NIE",12270
"2048","https://fedrowanie.siecobywatelska.pl/sprawy/wnioski-o-informacje-w-2025-1610","SZCZUCZYN","samorząd gminy","gmina miejsko-wiejska","Podlaskie","Grajewski","Szczuczyn","Podlaskie / Grajewski / Szczuczyn (2004053, gmina miejsko-wiejska)",79,79,0,"N/A",0,0,0,"b) NIE","b) NIE",5560
"1710","https://fedrowanie.siecobywatelska.pl/sprawy/wnioski-o-informacje-w-2025-938","SZCZUROWA","samorząd gminy","gmina wiejska","Małopolskie","Brzeski","Szczurowa","Małopolskie / Brzeski / Szczurowa (1202072, gmina wiejska)",89,72,0,"[a, b]",0,0,0,"b) NIE","b) NIE",8980
"1392","https://fedrowanie.siecobywatelska.pl/sprawy/wnioski-o-informacje-w-2025-1234","SZCZUTOWO","samorząd gminy","gmina wiejska","Mazowieckie","Sierpecki","Szczutowo","Mazowieckie / Sierpecki / Szczutowo (1427062, gmina wiejska)",55,55,0,"N/A",0,0,0,"b) NIE","b) NIE",3900
"992","https://fedrowanie.siecobywatelska.pl/sprawy/wnioski-o-informacje-w-2025-1892","SZCZYRK","samorząd gminy","gmina miejska","Śląskie","Bielski","Szczyrk","Śląskie / Bielski / Szczyrk (2402011, gmina miejska)",74,71,0,"[c, f]",0,0,0,"b) NIE","b) NIE",5110
"1532","https://fedrowanie.siecobywatelska.pl/sprawy/wnioski-o-informacje-w-2025-131","SZCZYTNA","samorząd gminy","gmina miejsko-wiejska","Dolnośląskie","Kłodzki","Szczytna","Dolnośląskie / Kłodzki / Szczytna (0208143, gmina miejsko-wiejska)",127,120,0,"[c, f, i]",3,0,0,"b) NIE","b) NIE",6800
"993","https://fedrowanie.siecobywatelska.pl/sprawy/wnioski-o-informacje-w-2025-2326","SZCZYTNIKI","samorząd gminy","gmina wiejska","Wielkopolskie","Kaliski","Szczytniki","Wielkopolskie / Kaliski / Szczytniki (3007102, gmina wiejska)",73,73,0,"N/A",0,0,0,"b) NIE","b) NIE",7490
"2069","https://fedrowanie.siecobywatelska.pl/sprawy/wnioski-o-informacje-w-2025-2129","SZCZYTNO","samorząd gminy","gmina miejska","Warmińsko-Mazurskie","Szczycieński","Szczytno","Warmińsko-Mazurskie / Szczycieński / Szczytno (2817011, gmina miejska)",92,92,0,"N/A",0,0,0,"b) NIE","b) NIE",21320
"1773","https://fedrowanie.siecobywatelska.pl/sprawy/wnioski-o-informacje-w-2025-1235","SZELKÓW","samorząd gminy","gmina wiejska","Mazowieckie","Makowski","Szelków","Mazowieckie / Makowski / Szelków (1411102, gmina wiejska)",76,76,0,"N/A",0,0,0,"b) NIE","a) TAK",3490
"2049","https://fedrowanie.siecobywatelska.pl/sprawy/wnioski-o-informacje-w-2025-1611","SZEPIETOWO","samorząd gminy","gmina miejsko-wiejska","Podlaskie","Wysokomazowiecki","Szepietowo","Podlaskie / Wysokomazowiecki / Szepietowo (2013093, gmina miejsko-wiejska)",76,76,0,"N/A",0,0,0,"b) NIE","b) NIE",6250
"1534","https://fedrowanie.siecobywatelska.pl/sprawy/wnioski-o-informacje-w-2025-939","SZERZYNY","samorząd gminy","gmina wiejska","Małopolskie","Tarnowski","Szerzyny","Małopolskie / Tarnowski / Szerzyny (1216162, gmina wiejska)",64,64,0,"N/A",0,0,0,"b) NIE","a) TAK",7400
"994","https://fedrowanie.siecobywatelska.pl/sprawy/wnioski-o-informacje-w-2025-132","SZKLARSKA PORĘBA","samorząd gminy","gmina miejska","Dolnośląskie","Karkonoski","Szklarska Poręba","Dolnośląskie / Karkonoski / Szklarska Poręba (0206041, gmina miejska)",87,86,0,"[a]",1,0,0,"b) NIE","b) NIE",5430
"2155","https://fedrowanie.siecobywatelska.pl/sprawy/wnioski-o-informacje-w-2025-589","SZLICHTYNGOWA","samorząd gminy","gmina miejsko-wiejska","Lubuskie","Wschowski","Szlichtyngowa","Lubuskie / Wschowski / Szlichtyngowa (0812023, gmina miejsko-wiejska)",73,73,0,"N/A",0,0,0,"b) NIE","a) TAK",4760
"772","https://fedrowanie.siecobywatelska.pl/sprawy/wnioski-o-informacje-w-2025-590","SZPROTAWA","samorząd gminy","gmina miejsko-wiejska","Lubuskie","Żagański","Szprotawa","Lubuskie / Żagański / Szprotawa (0810073, gmina miejsko-wiejska)",138,118,1,"[a, b, d]",1,1,0,"b) NIE","b) NIE",18600
"1927","https://fedrowanie.siecobywatelska.pl/sprawy/wnioski-o-informacje-w-2025-1236","SZREŃSK","samorząd gminy","gmina wiejska","Mazowieckie","Mławski","Szreńsk","Mazowieckie / Mławski / Szreńsk (1413072, gmina wiejska)",80,80,0,"N/A",0,0,0,"b) NIE","b) NIE",3710
"1928","https://fedrowanie.siecobywatelska.pl/sprawy/wnioski-o-informacje-w-2025-1612","SZTABIN","samorząd gminy","gmina wiejska","Podlaskie","Augustowski","Sztabin","Podlaskie / Augustowski / Sztabin (2001072, gmina wiejska)",45,45,0,"N/A",0,0,0,"b) NIE","b) NIE",4380
"1535","https://fedrowanie.siecobywatelska.pl/sprawy/wnioski-o-informacje-w-2025-1741","SZTUM","samorząd gminy","gmina miejsko-wiejska","Pomorskie","Sztumski","Sztum","Pomorskie / Sztumski / Sztum (2216053, gmina miejsko-wiejska)",106,102,0,"[a, d]",0,0,1,"b) NIE","b) NIE",16550
"493","https://fedrowanie.siecobywatelska.pl/sprawy/wnioski-o-informacje-w-2025-1742","SZTUTOWO","samorząd gminy","gmina wiejska","Pomorskie","Nowodworski","Sztutowo","Pomorskie / Nowodworski / Sztutowo (2210052, gmina wiejska)",91,91,0,"N/A",0,0,0,"b) NIE","b) NIE",3370
"1828","https://fedrowanie.siecobywatelska.pl/sprawy/wnioski-o-informacje-w-2025-288","SZUBIN","samorząd gminy","gmina miejsko-wiejska","Kujawsko-Pomorskie","Nakielski","Szubin","Kujawsko-Pomorskie / Nakielski / Szubin (0410053, gmina miejsko-wiejska)",174,171,3,"[a, b, c]",4,2,0,"b) NIE","b) NIE",25260
"1929","https://fedrowanie.siecobywatelska.pl/sprawy/wnioski-o-informacje-w-2025-1613","SZUDZIAŁOWO","samorząd gminy","gmina wiejska","Podlaskie","Sokólski","Szudziałowo","Podlaskie / Sokólski / Szudziałowo (2011102, gmina wiejska)",60,60,0,"N/A",0,0,0,"b) NIE","b) NIE",2660
"1079","https://fedrowanie.siecobywatelska.pl/sprawy/wnioski-o-informacje-w-2025-1237","SZULBORZE WIELKIE","samorząd gminy","gmina wiejska","Mazowieckie","Ostrowski","Szulborze Wielkie","Mazowieckie / Ostrowski / Szulborze Wielkie (1416092, gmina wiejska)",30,29,0,"N/A",0,0,0,"b) NIE","b) NIE",1440
"995","https://fedrowanie.siecobywatelska.pl/sprawy/wnioski-o-informacje-w-2025-1614","SZUMOWO","samorząd gminy","gmina wiejska","Podlaskie","Zambrowski","Szumowo","Podlaskie / Zambrowski / Szumowo (2014042, gmina wiejska)",83,83,0,"N/A",0,0,0,"b) NIE","b) NIE",4480
"2362","https://fedrowanie.siecobywatelska.pl/sprawy/wnioski-o-informacje-w-2025-1238","SZYDŁOWIEC","samorząd gminy","gmina miejsko-wiejska","Mazowieckie","Szydłowiecki","Szydłowiec","Mazowieckie / Szydłowiecki / Szydłowiec (1430053, gmina miejsko-wiejska)",103,96,1,"[c, f]",0,0,0,"b) NIE","b) NIE",16830
"370","https://fedrowanie.siecobywatelska.pl/sprawy/wnioski-o-informacje-w-2025-1239","SZYDŁOWO (woj. mazowieckie)","samorząd gminy","gmina wiejska","Mazowieckie","Mławski","Szydłowo","Mazowieckie / Mławski / Szydłowo (1413082, gmina wiejska)",71,71,0,"N/A",0,0,0,"b) NIE","b) NIE",4090
"1393","https://fedrowanie.siecobywatelska.pl/sprawy/wnioski-o-informacje-w-2025-2327","SZYDŁOWO (woj. wielkopolskie)","samorząd gminy","gmina wiejska","Wielkopolskie","Pilski","Szydłowo","Wielkopolskie / Pilski / Szydłowo (3019062, gmina wiejska)",106,100,4,"[c, i]",0,0,0,"b) NIE","b) NIE",9930
"1555","https://fedrowanie.siecobywatelska.pl/sprawy/wnioski-o-informacje-w-2025-1615","SZYPLISZKI","samorząd gminy","gmina wiejska","Podlaskie","Suwalski","Szypliszki","Podlaskie / Suwalski / Szypliszki (2012082, gmina wiejska)",93,90,0,"[a, b, e]",0,0,0,"b) NIE","b) NIE",3860
"2349","https://fedrowanie.siecobywatelska.pl/sprawy/wnioski-o-informacje-w-2025-133","ŚCINAWA","samorząd gminy","gmina miejsko-wiejska","Dolnośląskie","Lubiński","Ścinawa","Dolnośląskie / Lubiński / Ścinawa (0211043, gmina miejsko-wiejska)",86,85,1,"[g]",1,0,0,"b) NIE","b) NIE",9180
"1917","https://fedrowanie.siecobywatelska.pl/sprawy/wnioski-o-informacje-w-2025-1893","ŚLEMIEŃ","samorząd gminy","gmina wiejska","Śląskie","Żywiecki","Ślemień","Śląskie / Żywiecki / Ślemień (2417122, gmina wiejska)",41,41,0,"N/A",0,0,0,"b) NIE","b) NIE",3480
"1361","https://fedrowanie.siecobywatelska.pl/sprawy/wnioski-o-informacje-w-2025-2328","ŚLESIN","samorząd gminy","gmina miejsko-wiejska","Wielkopolskie","Koniński","Ślesin","Wielkopolskie / Koniński / Ślesin (3010123, gmina miejsko-wiejska)",191,157,2,"[a, b, c]",1,0,12,"b) NIE","b) NIE",13760
"1502","https://fedrowanie.siecobywatelska.pl/sprawy/wnioski-o-informacje-w-2025-289","ŚLIWICE","samorząd gminy","gmina wiejska","Kujawsko-Pomorskie","Tucholski","Śliwice","Kujawsko-Pomorskie / Tucholski / Śliwice (0416052, gmina wiejska)",57,57,0,"N/A",0,"BD",0,"b) NIE","b) NIE",5630
"1362","https://fedrowanie.siecobywatelska.pl/sprawy/wnioski-o-informacje-w-2025-2329","ŚMIGIEL","samorząd gminy","gmina miejsko-wiejska","Wielkopolskie","Kościański","Śmigiel","Wielkopolskie / Kościański / Śmigiel (3011053, gmina miejsko-wiejska)",89,86,0,"[c, i]",0,0,0,"b) NIE","b) NIE",16900
"165","https://fedrowanie.siecobywatelska.pl/sprawy/wnioski-o-informacje-w-2025-1616","ŚNIADOWO","samorząd gminy","gmina wiejska","Podlaskie","Łomżyński","Śniadowo","Podlaskie / Łomżyński / Śniadowo (2007072, gmina wiejska)",47,47,0,"N/A",0,0,0,"b) NIE","b) NIE",4930
"2109","https://fedrowanie.siecobywatelska.pl/sprawy/wnioski-o-informacje-w-2025-2330","ŚREM","samorząd gminy","gmina miejsko-wiejska","Wielkopolskie","Śremski","Śrem","Wielkopolskie / Śremski / Śrem (3026043, gmina miejsko-wiejska)",92,92,0,"N/A",0,0,0,"b) NIE","b) NIE",42360
"1369","https://fedrowanie.siecobywatelska.pl/sprawy/wnioski-o-informacje-w-2025-2331","ŚRODA WIELKOPOLSKA","samorząd gminy","gmina miejsko-wiejska","Wielkopolskie","Średzki","Środa Wielkopolska","Wielkopolskie / Średzki / Środa Wielkopolska (3025043, gmina miejsko-wiejska)",184,184,0,"N/A",0,0,0,"b) NIE","a) TAK",33780
"2040","https://fedrowanie.siecobywatelska.pl/sprawy/wnioski-o-informacje-w-2025-134","ŚRODAŚLĄSKA","samorząd gminy","gmina miejsko-wiejska","Dolnośląskie","Średzki","Środa Śląska","Dolnośląskie / Średzki / Środa Śląska (0218043, gmina miejsko-wiejska)",133,129,1,"[a, c, g]",0,0,0,"a) TAK","b) NIE",19710
"1386","https://fedrowanie.siecobywatelska.pl/sprawy/wnioski-o-informacje-w-2025-2131","ŚWIĄTKI","samorząd gminy","gmina wiejska","Warmińsko-Mazurskie","Olsztyński","Świątki","Warmińsko-Mazurskie / Olsztyński / Świątki (2814122, gmina wiejska)",67,67,0,"N/A",0,0,0,"b) NIE","b) NIE",3630
"2152","https://fedrowanie.siecobywatelska.pl/sprawy/wnioski-o-informacje-w-2025-940","ŚWIĄTNIKI GÓRNE","samorząd gminy","gmina miejsko-wiejska","Małopolskie","Krakowski","Świątniki Górne","Małopolskie / Krakowski / Świątniki Górne (1206143, gmina miejsko-wiejska)",104,103,1,"[f]","BD","BD",0,"b) NIE","b) NIE",11170
"2068","https://fedrowanie.siecobywatelska.pl/sprawy/wnioski-o-informacje-w-2025-135","ŚWIDNICA","samorząd gminy","gmina miejska","Dolnośląskie","Świdnicki","Świdnica","Dolnośląskie / Świdnicki / Świdnica (0219011, gmina miejska)",196,130,0,"[a, c, i]",4,0,0,"b) NIE","a) TAK",51360
"2237","https://fedrowanie.siecobywatelska.pl/sprawy/wnioski-o-informacje-w-2025-136","ŚWIDNICA","samorząd gminy","gmina wiejska","Dolnośląskie","Świdnicki","Świdnica","Dolnośląskie / Świdnicki / Świdnica (0219072, gmina wiejska)",108,108,0,"N/A",1,0,0,"b) NIE","b) NIE",18180
"2420","https://fedrowanie.siecobywatelska.pl/sprawy/wnioski-o-informacje-w-2025-591","ŚWIDNICA","samorząd gminy","gmina wiejska","Lubuskie","Zielonogórski","Świdnica","Lubuskie / Zielonogórski / Świdnica (0809072, gmina wiejska)",145,142,3,"[b, d]",0,2,0,"b) NIE","a) TAK",6920
"2359","https://fedrowanie.siecobywatelska.pl/sprawy/wnioski-o-informacje-w-2025-477","ŚWIDNIK","samorząd gminy","gmina miejska","Lubelskie","Świdnicki","Świdnik","Lubelskie / Świdnicki / Świdnik (0617011, gmina miejska)",108,108,0,"N/A",0,0,0,"b) NIE","b) NIE",36220
"771","https://fedrowanie.siecobywatelska.pl/sprawy/wnioski-o-informacje-w-2025-2462","ŚWIDWIN","samorząd gminy","gmina miejska","Zachodniopomorskie","Świdwiński","Świdwin","Zachodniopomorskie / Świdwiński / Świdwin (3216011, gmina miejska)",56,56,0,"[a, b, c]",0,0,1,"b) NIE","b) NIE",14220
"1529","https://fedrowanie.siecobywatelska.pl/sprawy/wnioski-o-informacje-w-2025-137","ŚWIEBODZICE","samorząd gminy","gmina miejska","Dolnośląskie","Świdnicki","Świebodzice","Dolnośląskie / Świdnicki / Świebodzice (0219021, gmina miejska)",75,75,0,"N/A",0,0,0,"b) NIE","b) NIE",21470
"733","https://fedrowanie.siecobywatelska.pl/sprawy/wnioski-o-informacje-w-2025-592","ŚWIEBODZIN","samorząd gminy","gmina miejsko-wiejska","Lubuskie","Świebodziński","Świebodzin","Lubuskie / Świebodziński / Świebodzin (0808053, gmina miejsko-wiejska)",136,136,0,"N/A",0,0,0,"b) NIE","b) NIE",28720
"991","https://fedrowanie.siecobywatelska.pl/sprawy/wnioski-o-informacje-w-2025-290","ŚWIECIE","samorząd gminy","gmina miejsko-wiejska","Kujawsko-Pomorskie","Świecki","Świecie","Kujawsko-Pomorskie / Świecki / Świecie (0414093, gmina miejsko-wiejska)",97,97,0,"N/A",0,0,0,"b) NIE","a) TAK",32400
"803","https://fedrowanie.siecobywatelska.pl/sprawy/wnioski-o-informacje-w-2025-291","ŚWIECIE NAD OSĄ","samorząd gminy","gmina wiejska","Kujawsko-Pomorskie","Grudziądzki","Świecie Nad Osą","Kujawsko-Pomorskie / Grudziądzki / Świecie Nad Osą (0406062, gmina wiejska)",77,77,0,"N/A",0,0,0,"b) NIE","b) NIE",3640
"366","https://fedrowanie.siecobywatelska.pl/sprawy/wnioski-o-informacje-w-2025-292","ŚWIEDZIEBNIA","samorząd gminy","gmina wiejska","Kujawsko-Pomorskie","Brodnicki","Świedziebnia","Kujawsko-Pomorskie / Brodnicki / Świedziebnia (0402092, gmina wiejska)",85,85,0,"N/A",0,0,0,"b) NIE","b) NIE",4800
"1924","https://fedrowanie.siecobywatelska.pl/sprawy/wnioski-o-informacje-w-2025-293","ŚWIEKATOWO","samorząd gminy","gmina wiejska","Kujawsko-Pomorskie","Świecki","Świekatowo","Kujawsko-Pomorskie / Świecki / Świekatowo (0414102, gmina wiejska)",53,53,0,"N/A",1,1,0,"b) NIE","b) NIE",3490
"508","https://fedrowanie.siecobywatelska.pl/sprawy/wnioski-o-informacje-w-2025-138","ŚWIERADÓW-ZDRÓJ","samorząd gminy","gmina miejska","Dolnośląskie","Lubański","Świeradów-Zdrój","Dolnośląskie / Lubański / Świeradów-Zdrój (0210021, gmina miejska)",147,146,1,"[a, g]",0,0,0,"b) NIE","b) NIE",3850
"1530","https://fedrowanie.siecobywatelska.pl/sprawy/wnioski-o-informacje-w-2025-1240","ŚWIERCZE","samorząd gminy","gmina wiejska","Mazowieckie","Pułtuski","Świercze","Mazowieckie / Pułtuski / Świercze (1424052, gmina wiejska)",76,76,0,"N/A",0,0,0,"b) NIE","b) NIE",4450
"1387","https://fedrowanie.siecobywatelska.pl/sprawy/wnioski-o-informacje-w-2025-1343","ŚWIERCZÓW","samorząd gminy","gmina wiejska","Opolskie","Namysłowski","Świerczów","Opolskie / Namysłowski / Świerczów (1606042, gmina wiejska)",75,75,0,"N/A",0,0,0,"b) NIE","b) NIE",3010
"547","https://fedrowanie.siecobywatelska.pl/sprawy/wnioski-o-informacje-w-2025-1894","ŚWIERKLANIEC","samorząd gminy","gmina wiejska","Śląskie","Tarnogórski","Świerklaniec","Śląskie / Tarnogórski / Świerklaniec (2413072, gmina wiejska)",98,96,0,"N/A",0,0,0,"b) NIE","b) NIE",13270
"1705","https://fedrowanie.siecobywatelska.pl/sprawy/wnioski-o-informacje-w-2025-1895","ŚWIERKLANY","samorząd gminy","gmina wiejska","Śląskie","Rybnicki","Świerklany","Śląskie / Rybnicki / Świerklany (2412052, gmina wiejska)",69,65,2,"[c, b]",0,0,0,"b) NIE","a) TAK",12680
"2360","https://fedrowanie.siecobywatelska.pl/sprawy/wnioski-o-informacje-w-2025-139","ŚWIERZAWA","samorząd gminy","gmina miejsko-wiejska","Dolnośląskie","Złotoryjski","Świerzawa","Dolnośląskie / Złotoryjski / Świerzawa (0226043, gmina miejsko-wiejska)",118,117,0,"[f, i]",0,0,0,"a) TAK","b) NIE",6870
"1706","https://fedrowanie.siecobywatelska.pl/sprawy/wnioski-o-informacje-w-2025-2464","ŚWIERZNO","samorząd gminy","gmina wiejska","Zachodniopomorskie","Kamieński","Świerzno","Zachodniopomorskie / Kamieński / Świerzno (3207052, gmina wiejska)",41,41,0,"N/A",0,0,0,"b) NIE","b) NIE",3930
"367","https://fedrowanie.siecobywatelska.pl/sprawy/wnioski-o-informacje-w-2025-2465","ŚWIESZYNO","samorząd gminy","gmina wiejska","Zachodniopomorskie","Koszaliński","Świeszyno","Zachodniopomorskie / Koszaliński / Świeszyno (3209082, gmina wiejska)",86,"BD","BD","BD","BD","BD","BD","b) NIE","b) NIE",8860
"1484","https://fedrowanie.siecobywatelska.pl/sprawy/wnioski-o-informacje-w-2025-2332","ŚWIĘCIECHOWA","samorząd gminy","gmina wiejska","Wielkopolskie","Leszczyński","Święciechowa","Wielkopolskie / Leszczyński / Święciechowa (3013052, gmina wiejska)",82,80,1,"[a]",0,0,0,"b) NIE","a) TAK",8940
"1707","https://fedrowanie.siecobywatelska.pl/sprawy/wnioski-o-informacje-w-2025-2132","ŚWIĘTAJNO","samorząd gminy","gmina wiejska","Warmińsko-Mazurskie","Olecki","Świętajno","Warmińsko-Mazurskie / Olecki / Świętajno (2813052, gmina wiejska)",110,105,3,"[a, f]",0,2,0,"b) NIE","b) NIE",3250
"492","https://fedrowanie.siecobywatelska.pl/sprawy/wnioski-o-informacje-w-2025-2133","ŚWIĘTAJNO","samorząd gminy","gmina wiejska","Warmińsko-Mazurskie","Szczycieński","Świętajno","Warmińsko-Mazurskie / Szczycieński / Świętajno (2817072, gmina wiejska)",27,26,0,"[c]",0,0,0,"b) NIE","b) NIE",5250
"1388","https://fedrowanie.siecobywatelska.pl/sprawy/wnioski-o-informacje-w-2025-1490","ŚWILCZA","samorząd gminy","gmina wiejska","Podkarpackie","Rzeszowski","Świlcza","Podkarpackie / Rzeszowski / Świlcza (1816122, gmina wiejska)",135,129,6,"[a, d, f]",0,0,0,"b) NIE","b) NIE",16800
"2439","https://fedrowanie.siecobywatelska.pl/sprawy/wnioski-o-informacje-w-2025-755","ŚWINICE WARCKIE","samorząd gminy","gmina wiejska","Łódzkie","Łęczycki","Świnice Warckie","Łódzkie / Łęczycki / Świnice Warckie (1004072, gmina wiejska)",67,67,0,"N/A",0,0,0,"b) NIE","a) TAK",3560
"1708","https://fedrowanie.siecobywatelska.pl/sprawy/wnioski-o-informacje-w-2025-1897","ŚWINNA","samorząd gminy","gmina wiejska","Śląskie","Żywiecki","Świnna","Śląskie / Żywiecki / Świnna (2417132, gmina wiejska)",89,89,0,"N/A",0,0,0,"b) NIE","b) NIE",7780
"1036","https://fedrowanie.siecobywatelska.pl/sprawy/wnioski-o-informacje-w-2025-2466","Świnoujście","miasto na prawach powiatu","miasto na prawach powiatu","Zachodniopomorskie","Świnoujście",,"Zachodniopomorskie / Świnoujście (3263, miasto na prawach powiatu)",224,220,4,"[f]",1,0,0,"b) NIE","a) TAK",38190
"1536","https://fedrowanie.siecobywatelska.pl/sprawy/wnioski-o-informacje-w-2025-1241","TARCZYN","samorząd gminy","gmina miejsko-wiejska","Mazowieckie","Piaseczyński","Tarczyn","Mazowieckie / Piaseczyński / Tarczyn (1418063, gmina miejsko-wiejska)",81,80,1,"[b]",0,0,0,"b) NIE","a) TAK",12780
"371","https://fedrowanie.siecobywatelska.pl/sprawy/wnioski-o-informacje-w-2025-2013","TARŁÓW","samorząd gminy","gmina wiejska","Świętokrzyskie","Opatowski","Tarłów","Świętokrzyskie / Opatowski / Tarłów (2606072, gmina wiejska)",79,78,1,"[a, g]",0,0,0,"b) NIE","a) TAK",4500
"372","https://fedrowanie.siecobywatelska.pl/sprawy/wnioski-o-informacje-w-2025-478","TARNAWATKA","samorząd gminy","gmina wiejska","Lubelskie","Tomaszowski","Tarnawatka","Lubelskie / Tomaszowski / Tarnawatka (0618092, gmina wiejska)",85,85,0,"N/A",0,0,0,"b) NIE","b) NIE",3690
"2070","https://fedrowanie.siecobywatelska.pl/sprawy/wnioski-o-informacje-w-2025-1491","Tarnobrzeg","miasto na prawach powiatu","miasto na prawach powiatu","Podkarpackie","Tarnobrzeg",,"Podkarpackie / Tarnobrzeg (1864, miasto na prawach powiatu)",185,166,2,"[a, b, c]",0,0,0,"b) NIE","a) TAK",42730
"1711","https://fedrowanie.siecobywatelska.pl/sprawy/wnioski-o-informacje-w-2025-2333","TARNOWO PODGÓRNE","samorząd gminy","gmina wiejska","Wielkopolskie","Poznański","Tarnowo Podgórne","Wielkopolskie / Poznański / Tarnowo Podgórne (3021172, gmina wiejska)",216,166,3,"[a, b, c]",0,2,0,"b) NIE","a) TAK",34940
"2050","https://fedrowanie.siecobywatelska.pl/sprawy/wnioski-o-informacje-w-2025-1898","TARNOWSKIE GÓRY","samorząd gminy","gmina miejska","Śląskie","Tarnogórski","Tarnowskie Góry","Śląskie / Tarnogórski / Tarnowskie Góry (2413041, gmina miejska)",224,222,2,"[a, b]",2,2,0,"b) NIE","a) TAK",61000
"1154","https://fedrowanie.siecobywatelska.pl/sprawy/wnioski-o-informacje-w-2025-941","TARNÓW","samorząd gminy","gmina wiejska","Małopolskie","Tarnowski","Tarnów","Małopolskie / Tarnowski / Tarnów (1216092, gmina wiejska)",104,104,0,"N/A",0,0,0,"b) NIE","b) NIE",26530
"2181","https://fedrowanie.siecobywatelska.pl/sprawy/wnioski-o-informacje-w-2025-942","Tarnów","miasto na prawach powiatu","miasto na prawach powiatu","Małopolskie","Tarnów",,"Małopolskie / Tarnów (1263, miasto na prawach powiatu)",261,256,5,"[f, g, h]",0,0,1,"b) NIE","b) NIE",101180
"1712","https://fedrowanie.siecobywatelska.pl/sprawy/wnioski-o-informacje-w-2025-1344","TARNÓW OPOLSKI","samorząd gminy","gmina wiejska","Opolskie","Opolski","Tarnów Opolski","Opolskie / Opolski / Tarnów Opolski (1609112, gmina wiejska)",86,83,4,"[i]",3,3,0,"b) NIE","a) TAK",9350
"1394","https://fedrowanie.siecobywatelska.pl/sprawy/wnioski-o-informacje-w-2025-2334","TARNÓWKA","samorząd gminy","gmina wiejska","Wielkopolskie","Złotowski","Tarnówka","Wielkopolskie / Złotowski / Tarnówka (3031062, gmina wiejska)",43,43,0,"N/A",1,0,0,"b) NIE","b) NIE",2970
"2252","https://fedrowanie.siecobywatelska.pl/sprawy/wnioski-o-informacje-w-2025-1744","TCZEW","samorząd gminy","gmina wiejska","Pomorskie","Tczewski","Tczew","Pomorskie / Tczewski / Tczew (2214062, gmina wiejska)",158,146,2,"[a, c, f]",0,0,0,"b) NIE","b) NIE",16610
"1395","https://fedrowanie.siecobywatelska.pl/sprawy/wnioski-o-informacje-w-2025-1242","TCZÓW","samorząd gminy","gmina wiejska","Mazowieckie","Zwoleński","Tczów","Mazowieckie / Zwoleński / Tczów (1436042, gmina wiejska)",84,84,0,"N/A",0,0,0,"b) NIE","b) NIE",4740
"996","https://fedrowanie.siecobywatelska.pl/sprawy/wnioski-o-informacje-w-2025-480","TELATYN","samorząd gminy","gmina wiejska","Lubelskie","Tomaszowski","Telatyn","Lubelskie / Tomaszowski / Telatyn (0618102, gmina wiejska)",76,76,0,"[b]",0,0,0,"b) NIE","b) NIE",3390
"1072","https://fedrowanie.siecobywatelska.pl/sprawy/wnioski-o-informacje-w-2025-1243","TERESIN","samorząd gminy","gmina wiejska","Mazowieckie","Sochaczewski","Teresin","Mazowieckie / Sochaczewski / Teresin (1428082, gmina wiejska)",93,93,1,"[f]",0,0,0,"b) NIE","b) NIE",11510
"1396","https://fedrowanie.siecobywatelska.pl/sprawy/wnioski-o-informacje-w-2025-482","TERESPOL","samorząd gminy","gmina wiejska","Lubelskie","Bialski","Terespol","Lubelskie / Bialski / Terespol (0601162, gmina wiejska)",102,99,3,"[f]",0,0,0,"b) NIE","b) NIE",5820
"2051","https://fedrowanie.siecobywatelska.pl/sprawy/wnioski-o-informacje-w-2025-481","TERESPOL","samorząd gminy","gmina miejska","Lubelskie","Bialski","Terespol","Lubelskie / Bialski / Terespol (0601021, gmina miejska)",42,42,0,"N/A",0,0,0,"b) NIE","b) NIE",5020
"373","https://fedrowanie.siecobywatelska.pl/sprawy/wnioski-o-informacje-w-2025-483","TERESZPOL","samorząd gminy","gmina wiejska","Lubelskie","Biłgorajski","Tereszpol","Lubelskie / Biłgorajski / Tereszpol (0602132, gmina wiejska)",80,80,0,"N/A",0,0,0,"b) NIE","b) NIE",3730
"1931","https://fedrowanie.siecobywatelska.pl/sprawy/wnioski-o-informacje-w-2025-294","TŁUCHOWO","samorząd gminy","gmina wiejska","Kujawsko-Pomorskie","Lipnowski","Tłuchowo","Kujawsko-Pomorskie / Lipnowski / Tłuchowo (0408082, gmina wiejska)",71,71,0,"N/A",0,0,0,"b) NIE","b) NIE",4370
"1539","https://fedrowanie.siecobywatelska.pl/sprawy/wnioski-o-informacje-w-2025-943","TOKARNIA","samorząd gminy","gmina wiejska","Małopolskie","Myślenicki","Tokarnia","Małopolskie / Myślenicki / Tokarnia (1209082, gmina wiejska)",49,49,0,"N/A",0,0,0,"b) NIE","b) NIE",8780
"2108","https://fedrowanie.siecobywatelska.pl/sprawy/wnioski-o-informacje-w-2025-2134","TOLKMICKO","samorząd gminy","gmina miejsko-wiejska","Warmińsko-Mazurskie","Elbląski","Tolkmicko","Warmińsko-Mazurskie / Elbląski / Tolkmicko (2804093, gmina miejsko-wiejska)",86,86,0,"N/A",0,0,0,"b) NIE","b) NIE",5870
"2182","https://fedrowanie.siecobywatelska.pl/sprawy/wnioski-o-informacje-w-2025-484","TOMASZÓW LUBELSKI","samorząd gminy","gmina miejska","Lubelskie","Tomaszowski","Tomaszów Lubelski","Lubelskie / Tomaszowski / Tomaszów Lubelski (0618011, gmina miejska)",94,94,0,"N/A",0,0,0,"b) NIE","a) TAK",17290
"997","https://fedrowanie.siecobywatelska.pl/sprawy/wnioski-o-informacje-w-2025-485","TOMASZÓW LUBELSKI","samorząd gminy","gmina wiejska","Lubelskie","Tomaszowski","Tomaszów Lubelski","Lubelskie / Tomaszowski / Tomaszów Lubelski (0618112, gmina wiejska)",53,53,0,"N/A",0,0,0,"b) NIE","b) NIE",11010
"856","https://fedrowanie.siecobywatelska.pl/sprawy/wnioski-o-informacje-w-2025-757","TOMASZÓW MAZOWIECKI","samorząd gminy","gmina wiejska","Łódzkie","Tomaszowski","Tomaszów Mazowiecki","Łódzkie / Tomaszowski / Tomaszów Mazowiecki (1016092, gmina wiejska)",27,27,0,"N/A",0,0,0,"b) NIE","b) NIE",11500
"998","https://fedrowanie.siecobywatelska.pl/sprawy/wnioski-o-informacje-w-2025-756","TOMASZÓW MAZOWIECKI","samorząd gminy","gmina miejska","Łódzkie","Tomaszowski","Tomaszów Mazowiecki","Łódzkie / Tomaszowski / Tomaszów Mazowiecki (1016011, gmina miejska)",98,98,0,"N/A",0,0,0,"b) NIE","b) NIE",56060
"374","https://fedrowanie.siecobywatelska.pl/sprawy/wnioski-o-informacje-w-2025-944","TOMICE","samorząd gminy","gmina wiejska","Małopolskie","Wadowicki","Tomice","Małopolskie / Wadowicki / Tomice (1218082, gmina wiejska)",81,80,0,"[f]",0,0,0,"b) NIE","b) NIE",8340
"1434","https://fedrowanie.siecobywatelska.pl/sprawy/wnioski-o-informacje-w-2025-296","Toruń","miasto na prawach powiatu","miasto na prawach powiatu","Kujawsko-Pomorskie","Toruń",,"Kujawsko-Pomorskie / Toruń (0463, miasto na prawach powiatu)",445,437,9,"[c, f]",2,3,0,"b) NIE","b) NIE",192780
"127","https://fedrowanie.siecobywatelska.pl/sprawy/wnioski-o-informacje-w-2025-593","TORZYM","samorząd gminy","gmina miejsko-wiejska","Lubuskie","Sulęciński","Torzym","Lubuskie / Sulęciński / Torzym (0807053, gmina miejsko-wiejska)",86,86,0,"N/A",0,0,0,"b) NIE","b) NIE",6130
"494","https://fedrowanie.siecobywatelska.pl/sprawy/wnioski-o-informacje-w-2025-1899","TOSZEK","samorząd gminy","gmina miejsko-wiejska","Śląskie","Gliwicki","Toszek","Śląskie / Gliwicki / Toszek (2405073, gmina miejsko-wiejska)",103,93,2,"[a, b, c]",0,0,1,"b) NIE","b) NIE",9230
"1540","https://fedrowanie.siecobywatelska.pl/sprawy/wnioski-o-informacje-w-2025-486","TRAWNIKI","samorząd gminy","gmina wiejska","Lubelskie","Świdnicki","Trawniki","Lubelskie / Świdnicki / Trawniki (0617052, gmina wiejska)",90,90,0,"N/A",0,0,0,"b) NIE","b) NIE",8310
"1397","https://fedrowanie.siecobywatelska.pl/sprawy/wnioski-o-informacje-w-2025-1245","TROJANÓW","samorząd gminy","gmina wiejska","Mazowieckie","Garwoliński","Trojanów","Mazowieckie / Garwoliński / Trojanów (1403122, gmina wiejska)",92,92,0,"N/A",0,0,0,"b) NIE","b) NIE",7010
"1398","https://fedrowanie.siecobywatelska.pl/sprawy/wnioski-o-informacje-w-2025-1246","TROSZYN","samorząd gminy","gmina wiejska","Mazowieckie","Ostrołęcki","Troszyn","Mazowieckie / Ostrołęcki / Troszyn (1415112, gmina wiejska)",75,75,0,"N/A",0,0,0,"b) NIE","b) NIE",4430
"1564","https://fedrowanie.siecobywatelska.pl/sprawy/wnioski-o-informacje-w-2025-1493","TRYŃCZA","samorząd gminy","gmina wiejska","Podkarpackie","Przeworski","Tryńcza","Podkarpackie / Przeworski / Tryńcza (1814082, gmina wiejska)",45,45,0,"N/A",0,0,0,"b) NIE","b) NIE",8510
"1541","https://fedrowanie.siecobywatelska.pl/sprawy/wnioski-o-informacje-w-2025-945","TRZCIANA","samorząd gminy","gmina wiejska","Małopolskie","Bocheński","Trzciana","Małopolskie / Bocheński / Trzciana (1201082, gmina wiejska)",56,56,0,"N/A",0,0,0,"b) NIE","b) NIE",5710
"1399","https://fedrowanie.siecobywatelska.pl/sprawy/wnioski-o-informacje-w-2025-2335","TRZCIANKA","samorząd gminy","gmina miejsko-wiejska","Wielkopolskie","Czarnkowsko-Trzcianecki","Trzcianka","Wielkopolskie / Czarnkowsko-Trzcianecki / Trzcianka (3002073, gmina miejsko-wiejska)",71,67,0,"[a, b, c]",0,0,0,"b) NIE","b) NIE",23160
"1542","https://fedrowanie.siecobywatelska.pl/sprawy/wnioski-o-informacje-w-2025-1617","TRZCIANNE","samorząd gminy","gmina wiejska","Podlaskie","Moniecki","Trzcianne","Podlaskie / Moniecki / Trzcianne (2008072, gmina wiejska)",85,84,1,"[g]",0,0,0,"b) NIE","b) NIE",3830
"1400","https://fedrowanie.siecobywatelska.pl/sprawy/wnioski-o-informacje-w-2025-2336","TRZCINICA","samorząd gminy","gmina wiejska","Wielkopolskie","Kępiński","Trzcinica","Wielkopolskie / Kępiński / Trzcinica (3008072, gmina wiejska)",52,47,5,"[a, b, c]",0,0,0,"b) NIE","b) NIE",4840
"128","https://fedrowanie.siecobywatelska.pl/sprawy/wnioski-o-informacje-w-2025-2467","TRZCIŃSKO-ZDRÓJ","samorząd gminy","gmina miejsko-wiejska","Zachodniopomorskie","Gryfiński","Trzcińsko-Zdrój","Zachodniopomorskie / Gryfiński / Trzcińsko-Zdrój (3206083, gmina miejsko-wiejska)",88,78,1,"[a, c, i]",0,0,0,"b) NIE","b) NIE",4730
"1000","https://fedrowanie.siecobywatelska.pl/sprawy/wnioski-o-informacje-w-2025-2468","TRZEBIATÓW","samorząd gminy","gmina miejsko-wiejska","Zachodniopomorskie","Gryficki","Trzebiatów","Zachodniopomorskie / Gryficki / Trzebiatów (3205083, gmina miejsko-wiejska)",48,48,0,"N/A",0,0,0,"b) NIE","b) NIE",14600
"2364","https://fedrowanie.siecobywatelska.pl/sprawy/wnioski-o-informacje-w-2025-595","TRZEBIECHÓW","samorząd gminy","gmina wiejska","Lubuskie","Zielonogórski","Trzebiechów","Lubuskie / Zielonogórski / Trzebiechów (0809082, gmina wiejska)",82,82,0,"N/A",0,0,0,"b) NIE","b) NIE",3070
"375","https://fedrowanie.siecobywatelska.pl/sprawy/wnioski-o-informacje-w-2025-596","TRZEBIEL","samorząd gminy","gmina wiejska","Lubuskie","Żarski","Trzebiel","Lubuskie / Żarski / Trzebiel (0811082, gmina wiejska)",80,76,2,"[a]",0,0,0,"b) NIE","b) NIE",5320
"1543","https://fedrowanie.siecobywatelska.pl/sprawy/wnioski-o-informacje-w-2025-1746","TRZEBIELINO","samorząd gminy","gmina wiejska","Pomorskie","Bytowski","Trzebielino","Pomorskie / Bytowski / Trzebielino (2201092, gmina wiejska)",78,74,0,"[b, f]",0,0,0,"b) NIE","b) NIE",3460
"376","https://fedrowanie.siecobywatelska.pl/sprawy/wnioski-o-informacje-w-2025-487","TRZEBIESZÓW","samorząd gminy","gmina wiejska","Lubelskie","Łukowski","Trzebieszów","Lubelskie / Łukowski / Trzebieszów (0611092, gmina wiejska)",101,100,0,"N/A",1,0,0,"b) NIE","b) NIE",7000
"2381","https://fedrowanie.siecobywatelska.pl/sprawy/wnioski-o-informacje-w-2025-946","TRZEBINIA","samorząd gminy","gmina miejsko-wiejska","Małopolskie","Chrzanowski","Trzebinia","Małopolskie / Chrzanowski / Trzebinia (1203053, gmina miejsko-wiejska)",105,99,0,"[a, e, f]",0,0,1,"b) NIE","b) NIE",31820
"1435","https://fedrowanie.siecobywatelska.pl/sprawy/wnioski-o-informacje-w-2025-140","TRZEBNICA","samorząd gminy","gmina miejsko-wiejska","Dolnośląskie","Trzebnicki","Trzebnica","Dolnośląskie / Trzebnicki / Trzebnica (0220033, gmina miejsko-wiejska)",220,221,1,"[f]",5,0,0,"b) NIE","a) TAK",25150
"1401","https://fedrowanie.siecobywatelska.pl/sprawy/wnioski-o-informacje-w-2025-1494","TRZEBOWNISKO","samorząd gminy","gmina wiejska","Podkarpackie","Rzeszowski","Trzebownisko","Podkarpackie / Rzeszowski / Trzebownisko (1816132, gmina wiejska)",138,138,0,"N/A",1,0,0,"b) NIE","b) NIE",24870
"1001","https://fedrowanie.siecobywatelska.pl/sprawy/wnioski-o-informacje-w-2025-2337","TRZEMESZNO","samorząd gminy","gmina miejsko-wiejska","Wielkopolskie","Gnieźnieński","Trzemeszno","Wielkopolskie / Gnieźnieński / Trzemeszno (3003093, gmina miejsko-wiejska)",104,99,0,"[c, f]",0,0,0,"b) NIE","b) NIE",13540
"1544","https://fedrowanie.siecobywatelska.pl/sprawy/wnioski-o-informacje-w-2025-488","TRZESZCZANY","samorząd gminy","gmina wiejska","Lubelskie","Hrubieszowski","Trzeszczany","Lubelskie / Hrubieszowski / Trzeszczany (0604062, gmina wiejska)",126,126,0,"N/A",0,0,0,"a) TAK","b) NIE",3610
"1545","https://fedrowanie.siecobywatelska.pl/sprawy/wnioski-o-informacje-w-2025-947","TRZYCIĄŻ","samorząd gminy","gmina wiejska","Małopolskie","Olkuski","Trzyciąż","Małopolskie / Olkuski / Trzyciąż (1212062, gmina wiejska)",68,68,0,"N/A",0,0,0,"b) NIE","b) NIE",6880
"1933","https://fedrowanie.siecobywatelska.pl/sprawy/wnioski-o-informacje-w-2025-489","TRZYDNIK DUŻY","samorząd gminy","gmina wiejska","Lubelskie","Kraśnicki","Trzydnik Duży","Lubelskie / Kraśnicki / Trzydnik Duży (0607072, gmina wiejska)",94,94,0,"N/A",0,0,0,"b) NIE","b) NIE",5800
"129","https://fedrowanie.siecobywatelska.pl/sprawy/wnioski-o-informacje-w-2025-297","TUCHOLA","samorząd gminy","gmina miejsko-wiejska","Kujawsko-Pomorskie","Tucholski","Tuchola","Kujawsko-Pomorskie / Tucholski / Tuchola (0416063, gmina miejsko-wiejska)",95,95,0,"N/A",0,0,0,"b) NIE","b) NIE",19280
"1402","https://fedrowanie.siecobywatelska.pl/sprawy/wnioski-o-informacje-w-2025-1747","TUCHOMIE","samorząd gminy","gmina wiejska","Pomorskie","Bytowski","Tuchomie","Pomorskie / Bytowski / Tuchomie (2201102, gmina wiejska)",70,70,0,"N/A",0,0,0,"b) NIE","b) NIE",4140
"2052","https://fedrowanie.siecobywatelska.pl/sprawy/wnioski-o-informacje-w-2025-948","TUCHÓW","samorząd gminy","gmina miejsko-wiejska","Małopolskie","Tarnowski","Tuchów","Małopolskie / Tarnowski / Tuchów (1216103, gmina miejsko-wiejska)",81,75,0,"N/A",0,0,0,"b) NIE","b) NIE",16750
"1403","https://fedrowanie.siecobywatelska.pl/sprawy/wnioski-o-informacje-w-2025-2014","TUCZĘPY","samorząd gminy","gmina wiejska","Świętokrzyskie","Buski","Tuczępy","Świętokrzyskie / Buski / Tuczępy (2601072, gmina wiejska)",39,39,0,"N/A",0,0,0,"b) NIE","b) NIE",3520
"2365","https://fedrowanie.siecobywatelska.pl/sprawy/wnioski-o-informacje-w-2025-2469","TUCZNO","samorząd gminy","gmina miejsko-wiejska","Zachodniopomorskie","Wałecki","Tuczno","Zachodniopomorskie / Wałecki / Tuczno (3217043, gmina miejsko-wiejska)",25,25,0,"N/A",0,0,0,"b) NIE","b) NIE",4350
"1002","https://fedrowanie.siecobywatelska.pl/sprawy/wnioski-o-informacje-w-2025-2338","TULISZKÓW","samorząd gminy","gmina miejsko-wiejska","Wielkopolskie","Turecki","Tuliszków","Wielkopolskie / Turecki / Tuliszków (3027073, gmina miejsko-wiejska)",71,70,0,"N/A",0,0,0,"a) TAK","b) NIE",10010
"1547","https://fedrowanie.siecobywatelska.pl/sprawy/wnioski-o-informacje-w-2025-1345","TUŁOWICE","samorząd gminy","gmina miejsko-wiejska","Opolskie","Opolski","Tułowice","Opolskie / Opolski / Tułowice (1609123, gmina miejsko-wiejska)",87,87,0,"N/A",0,0,0,"b) NIE","a) TAK",4880
"377","https://fedrowanie.siecobywatelska.pl/sprawy/wnioski-o-informacje-w-2025-597","TUPLICE","samorząd gminy","gmina wiejska","Lubuskie","Żarski","Tuplice","Lubuskie / Żarski / Tuplice (0811092, gmina wiejska)",77,77,0,"N/A",0,0,0,"b) NIE","b) NIE",2830
"1713","https://fedrowanie.siecobywatelska.pl/sprawy/wnioski-o-informacje-w-2025-1346","TURAWA","samorząd gminy","gmina wiejska","Opolskie","Opolski","Turawa","Opolskie / Opolski / Turawa (1609132, gmina wiejska)",99,98,2,"[e]",0,1,0,"b) NIE","b) NIE",10120
"1601","https://fedrowanie.siecobywatelska.pl/sprawy/wnioski-o-informacje-w-2025-2340","TUREK","samorząd gminy","gmina wiejska","Wielkopolskie","Turecki","Turek","Wielkopolskie / Turecki / Turek (3027082, gmina wiejska)",94,93,1,"[g]",0,0,0,"b) NIE","a) TAK",10940
"721","https://fedrowanie.siecobywatelska.pl/sprawy/wnioski-o-informacje-w-2025-2339","TUREK","samorząd gminy","gmina miejska","Wielkopolskie","Turecki","Turek","Wielkopolskie / Turecki / Turek (3027011, gmina miejska)",21,21,0,"N/A",0,0,0,"b) NIE","b) NIE",23810
"1548","https://fedrowanie.siecobywatelska.pl/sprawy/wnioski-o-informacje-w-2025-491","TUROBIN","samorząd gminy","gmina miejsko-wiejska","Lubelskie","Biłgorajski","Turobin","Lubelskie / Biłgorajski / Turobin (0602143, gmina miejsko-wiejska)",84,81,1,"[a, f, i]",0,1,0,"b) NIE","b) NIE",5310
"1404","https://fedrowanie.siecobywatelska.pl/sprawy/wnioski-o-informacje-w-2025-1618","TUROŚL","samorząd gminy","gmina wiejska","Podlaskie","Kolneński","Turośl","Podlaskie / Kolneński / Turośl (2006062, gmina wiejska)",65,65,0,"N/A",0,0,0,"b) NIE","b) NIE",4740
"1549","https://fedrowanie.siecobywatelska.pl/sprawy/wnioski-o-informacje-w-2025-1619","TUROŚŃ KOŚCIELNA","samorząd gminy","gmina wiejska","Podlaskie","Białostocki","Turośń Kościelna","Podlaskie / Białostocki / Turośń Kościelna (2002112, gmina wiejska)",111,110,1,"[h]",0,0,0,"b) NIE","b) NIE",7230
"773","https://fedrowanie.siecobywatelska.pl/sprawy/wnioski-o-informacje-w-2025-141","TWARDOGÓRA","samorząd gminy","gmina miejsko-wiejska","Dolnośląskie","Oleśnicki","Twardogóra","Dolnośląskie / Oleśnicki / Twardogóra (0214083, gmina miejsko-wiejska)",79,79,0,"N/A",0,0,0,"b) NIE","b) NIE",12400
"378","https://fedrowanie.siecobywatelska.pl/sprawy/wnioski-o-informacje-w-2025-1900","TWORÓG","samorząd gminy","gmina wiejska","Śląskie","Tarnogórski","Tworóg","Śląskie / Tarnogórski / Tworóg (2413082, gmina wiejska)",81,80,1,"[b]",0,0,0,"b) NIE","b) NIE",8140
"7998","https://fedrowanie.siecobywatelska.pl/sprawy/wnioski-o-informacje-w-2025-2470","TYCHOWO","samorząd gminy","gmina miejsko-wiejska","Zachodniopomorskie","Białogardzki","Tychowo","Zachodniopomorskie / Białogardzki / Tychowo (3201043, gmina miejsko-wiejska)",66,63,1,"[a]",0,0,0,"b) NIE","b) NIE",6080
"1551","https://fedrowanie.siecobywatelska.pl/sprawy/wnioski-o-informacje-w-2025-1496","TYCZYN","samorząd gminy","gmina miejsko-wiejska","Podkarpackie","Rzeszowski","Tyczyn","Podkarpackie / Rzeszowski / Tyczyn (1816143, gmina miejsko-wiejska)","BD","BD","BD","BD","BD","BD","BD","b) NIE","b) NIE",11700
"100","https://fedrowanie.siecobywatelska.pl/sprawy/wnioski-o-informacje-w-2025-1620","TYKOCIN","samorząd gminy","gmina miejsko-wiejska","Podlaskie","Białostocki","Tykocin","Podlaskie / Białostocki / Tykocin (2002123, gmina miejsko-wiejska)",117,"BD","BD","BD","BD","BD",0,"b) NIE","b) NIE",5590
"1565","https://fedrowanie.siecobywatelska.pl/sprawy/wnioski-o-informacje-w-2025-949","TYMBARK","samorząd gminy","gmina wiejska","Małopolskie","Limanowski","Tymbark","Małopolskie / Limanowski / Tymbark (1207122, gmina wiejska)",75,75,1,"[a, b]",0,0,1,"b) NIE","b) NIE",6300
"1406","https://fedrowanie.siecobywatelska.pl/sprawy/wnioski-o-informacje-w-2025-1497","TYRAWA WOŁOSKA","samorząd gminy","gmina wiejska","Podkarpackie","Sanocki","Tyrawa Wołoska","Podkarpackie / Sanocki / Tyrawa Wołoska (1817062, gmina wiejska)",74,74,0,"N/A",0,0,0,"b) NIE","b) NIE",1920
"1407","https://fedrowanie.siecobywatelska.pl/sprawy/wnioski-o-informacje-w-2025-492","TYSZOWCE","samorząd gminy","gmina miejsko-wiejska","Lubelskie","Tomaszowski","Tyszowce","Lubelskie / Tomaszowski / Tyszowce (0618123, gmina miejsko-wiejska)",72,72,0,"N/A",0,0,0,"b) NIE","b) NIE",4950
"1554","https://fedrowanie.siecobywatelska.pl/sprawy/wnioski-o-informacje-w-2025-493","UCHANIE","samorząd gminy","gmina wiejska","Lubelskie","Hrubieszowski","Uchanie","Lubelskie / Hrubieszowski / Uchanie (0604072, gmina wiejska)",79,79,0,"N/A",0,0,0,"b) NIE","b) NIE",3890
"1428","https://fedrowanie.siecobywatelska.pl/sprawy/wnioski-o-informacje-w-2025-759","UJAZD","samorząd gminy","gmina miejsko-wiejska","Łódzkie","Tomaszowski","Ujazd","Łódzkie / Tomaszowski / Ujazd (1016103, gmina miejsko-wiejska)",82,80,0,"[c]",0,0,0,"b) NIE","a) TAK",7160
"2156","https://fedrowanie.siecobywatelska.pl/sprawy/wnioski-o-informacje-w-2025-1347","UJAZD","samorząd gminy","gmina miejsko-wiejska","Opolskie","Strzelecki","Ujazd","Opolskie / Strzelecki / Ujazd (1611063, gmina miejsko-wiejska)",79,75,2,"[a]",0,0,0,"b) NIE","b) NIE",6330
"1934","https://fedrowanie.siecobywatelska.pl/sprawy/wnioski-o-informacje-w-2025-1902","UJSOŁY","samorząd gminy","gmina wiejska","Śląskie","Żywiecki","Ujsoły","Śląskie / Żywiecki / Ujsoły (2417142, gmina wiejska)",69,69,0,"N/A",0,0,0,"b) NIE","b) NIE",4100
"1952","https://fedrowanie.siecobywatelska.pl/sprawy/wnioski-o-informacje-w-2025-2341","UJŚCIE","samorząd gminy","gmina miejsko-wiejska","Wielkopolskie","Pilski","Ujście","Wielkopolskie / Pilski / Ujście (3019073, gmina miejsko-wiejska)",141,132,22,"[a, b]",0,22,0,"b) NIE","b) NIE",7440
"1717","https://fedrowanie.siecobywatelska.pl/sprawy/wnioski-o-informacje-w-2025-494","ULAN-MAJORAT","samorząd gminy","gmina wiejska","Lubelskie","Radzyński","Ulan-Majorat","Lubelskie / Radzyński / Ulan-Majorat (0615072, gmina wiejska)",82,82,0,"N/A",0,0,0,"b) NIE","b) NIE",5410
"1429","https://fedrowanie.siecobywatelska.pl/sprawy/wnioski-o-informacje-w-2025-1498","ULANÓW","samorząd gminy","gmina miejsko-wiejska","Podkarpackie","Niżański","Ulanów","Podkarpackie / Niżański / Ulanów (1812073, gmina miejsko-wiejska)",65,65,0,"N/A",0,0,0,"b) NIE","b) NIE",7690
"383","https://fedrowanie.siecobywatelska.pl/sprawy/wnioski-o-informacje-w-2025-495","ULHÓWEK","samorząd gminy","gmina wiejska","Lubelskie","Tomaszowski","Ulhówek","Lubelskie / Tomaszowski / Ulhówek (0618132, gmina wiejska)",46,46,0,"N/A",0,0,0,"b) NIE","b) NIE",3850
"382","https://fedrowanie.siecobywatelska.pl/sprawy/wnioski-o-informacje-w-2025-496","UŁĘŻ","samorząd gminy","gmina wiejska","Lubelskie","Rycki","Ułęż","Lubelskie / Rycki / Ułęż (0616062, gmina wiejska)",61,61,0,"N/A",0,0,0,"a) TAK","b) NIE",2720
"2385","https://fedrowanie.siecobywatelska.pl/sprawy/wnioski-o-informacje-w-2025-760","UNIEJÓW","samorząd gminy","gmina miejsko-wiejska","Łódzkie","Poddębicki","Uniejów","Łódzkie / Poddębicki / Uniejów (1011043, gmina miejsko-wiejska)",56,"BD","BD","BD",0,0,0,"b) NIE","b) NIE",6650
"385","https://fedrowanie.siecobywatelska.pl/sprawy/wnioski-o-informacje-w-2025-298","UNISŁAW","samorząd gminy","gmina wiejska","Kujawsko-Pomorskie","Chełmiński","Unisław","Kujawsko-Pomorskie / Chełmiński / Unisław (0404072, gmina wiejska)",59,59,0,"N/A",0,0,0,"b) NIE","b) NIE",6620
"1043","https://fedrowanie.siecobywatelska.pl/sprawy/wnioski-o-informacje-w-2025-497","URSZULIN","samorząd gminy","gmina wiejska","Lubelskie","Włodawski","Urszulin","Lubelskie / Włodawski / Urszulin (0619052, gmina wiejska)",82,82,0,"N/A",0,0,0,"b) NIE","b) NIE",4010
"1194","https://fedrowanie.siecobywatelska.pl/sprawy/wnioski-o-informacje-w-2025-498","URZĄD GMINY HRUBIESZÓW","samorząd gminy","gmina wiejska","Lubelskie","Hrubieszowski","Hrubieszów","Lubelskie / Hrubieszowski / Hrubieszów (0604042, gmina wiejska)",98,97,0,"[d]",0,0,0,"b) NIE","a) TAK",8980
"1437","https://fedrowanie.siecobywatelska.pl/sprawy/wnioski-o-informacje-w-2025-1749","USTKA","samorząd gminy","gmina wiejska","Pomorskie","Słupski","Ustka","Pomorskie / Słupski / Ustka (2212102, gmina wiejska)",118,114,1,"[i]",0,0,0,"b) NIE","b) NIE",7920
"2071","https://fedrowanie.siecobywatelska.pl/sprawy/wnioski-o-informacje-w-2025-1748","USTKA","samorząd gminy","gmina miejska","Pomorskie","Słupski","Ustka","Pomorskie / Słupski / Ustka (2212011, gmina miejska)",131,123,6,"[c, i]",0,0,0,"b) NIE","b) NIE",13210
"2076","https://fedrowanie.siecobywatelska.pl/sprawy/wnioski-o-informacje-w-2025-1499","USTRZYKI DOLNE","samorząd gminy","gmina miejsko-wiejska","Podkarpackie","Bieszczadzki","Ustrzyki Dolne","Podkarpackie / Bieszczadzki / Ustrzyki Dolne (1801083, gmina miejsko-wiejska)",39,37,3,"[f]",0,0,0,"b) NIE","b) NIE",15960
"387","https://fedrowanie.siecobywatelska.pl/sprawy/wnioski-o-informacje-w-2025-950","UŚCIE GORLICKIE","samorząd gminy","gmina wiejska","Małopolskie","Gorlicki","Uście Gorlickie","Małopolskie / Gorlicki / Uście Gorlickie (1205102, gmina wiejska)",107,107,0,"N/A",0,0,0,"b) NIE","b) NIE",6640
"2440","https://fedrowanie.siecobywatelska.pl/sprawy/wnioski-o-informacje-w-2025-500","UŚCIMÓW","samorząd gminy","gmina wiejska","Lubelskie","Lubartowski","Uścimów","Lubelskie / Lubartowski / Uścimów (0608132, gmina wiejska)",66,66,0,"N/A",0,0,0,"b) NIE","b) NIE",2950
"2184","https://fedrowanie.siecobywatelska.pl/sprawy/wnioski-o-informacje-w-2025-951","WADOWICE","samorząd gminy","gmina miejsko-wiejska","Małopolskie","Wadowicki","Wadowice","Małopolskie / Wadowicki / Wadowice (1218093, gmina miejsko-wiejska)",134,"BD",3,"[a, f]",0,0,1,"b) NIE","a) TAK",36050
"1438","https://fedrowanie.siecobywatelska.pl/sprawy/wnioski-o-informacje-w-2025-1500","WADOWICE GÓRNE","samorząd gminy","gmina wiejska","Podkarpackie","Mielecki","Wadowice Górne","Podkarpackie / Mielecki / Wadowice Górne (1811102, gmina wiejska)",82,82,0,"N/A",0,0,0,"b) NIE","b) NIE",7650
"1566","https://fedrowanie.siecobywatelska.pl/sprawy/wnioski-o-informacje-w-2025-299","WAGANIEC","samorząd gminy","gmina wiejska","Kujawsko-Pomorskie","Aleksandrowski","Waganiec","Kujawsko-Pomorskie / Aleksandrowski / Waganiec (0401082, gmina wiejska)",89,87,2,"[h]",0,2,0,"b) NIE","b) NIE",4360
"2387","https://fedrowanie.siecobywatelska.pl/sprawy/wnioski-o-informacje-w-2025-143","WALIM","samorząd gminy","gmina wiejska","Dolnośląskie","Wałbrzyski","Walim","Dolnośląskie / Wałbrzyski / Walim (0221082, gmina wiejska)",97,97,0,"N/A",0,0,"BD","b) NIE","b) NIE",5290
"7999","https://fedrowanie.siecobywatelska.pl/sprawy/wnioski-o-informacje-w-2025-144","WAŁBRZYCH","miasto na prawach powiatu","miasto na prawach powiatu","Dolnośląskie","Wałbrzych",,"Dolnośląskie / Wałbrzych (0265, miasto na prawach powiatu)",220,182,10,"[a, c, f]",0,4,0,"b) NIE","b) NIE",97550
"2445","https://fedrowanie.siecobywatelska.pl/sprawy/wnioski-o-informacje-w-2025-2472","WAŁCZ","samorząd gminy","gmina miejska","Zachodniopomorskie","Wałecki","Wałcz","Zachodniopomorskie / Wałecki / Wałcz (3217011, gmina miejska)",103,94,0,"[a, b, c]",0,0,0,"b) NIE","b) NIE",22970
"2447","https://fedrowanie.siecobywatelska.pl/sprawy/wnioski-o-informacje-w-2025-2342","WAPNO","samorząd gminy","gmina wiejska","Wielkopolskie","Wągrowiecki","Wapno","Wielkopolskie / Wągrowiecki / Wapno (3028062, gmina wiejska)",68,68,0,"N/A",0,0,0,"b) NIE","b) NIE",2660
"2077","https://fedrowanie.siecobywatelska.pl/sprawy/wnioski-o-informacje-w-2025-1247","WARKA","samorząd gminy","gmina miejsko-wiejska","Mazowieckie","Grójecki","Warka","Mazowieckie / Grójecki / Warka (1406113, gmina miejsko-wiejska)",136,118,0,"[a,c,i]",0,0,2,"b) NIE","b) NIE",18970
"388","https://fedrowanie.siecobywatelska.pl/sprawy/wnioski-o-informacje-w-2025-300","WARLUBIE","samorząd gminy","gmina wiejska","Kujawsko-Pomorskie","Świecki","Warlubie","Kujawsko-Pomorskie / Świecki / Warlubie (0414112, gmina wiejska)",125,120,1,"[a, b, c]",0,0,0,"b) NIE","a) TAK",5970
"1440","https://fedrowanie.siecobywatelska.pl/sprawy/wnioski-o-informacje-w-2025-2474","WARNICE","samorząd gminy","gmina wiejska","Zachodniopomorskie","Pyrzycki","Warnice","Zachodniopomorskie / Pyrzycki / Warnice (3212062, gmina wiejska)",74,74,0,"N/A",0,0,0,"b) NIE","b) NIE",2980
"1487","https://fedrowanie.siecobywatelska.pl/sprawy/wnioski-o-informacje-w-2025-1248","Warszawa","miasto na prawach powiatu","miasto stołeczne, na prawach powiatu","Mazowieckie","Warszawa",,"Mazowieckie / Warszawa (1465, miasto stołeczne, na prawach powiatu)",11196,"BD",126,"[a, c, f]",16,10,0,"b) NIE","b) NIE",1866730
"220","https://fedrowanie.siecobywatelska.pl/sprawy/wnioski-o-informacje-w-2025-761","WARTA","samorząd gminy","gmina miejsko-wiejska","Łódzkie","Sieradzki","Warta","Łódzkie / Sieradzki / Warta (1014093, gmina miejsko-wiejska)",77,77,0,"N/A",0,0,0,"b) NIE","b) NIE",11640
"2388","https://fedrowanie.siecobywatelska.pl/sprawy/wnioski-o-informacje-w-2025-145","WARTA BOLESŁAWIECKA","samorząd gminy","gmina wiejska","Dolnośląskie","Bolesławiecki","Warta Bolesławiecka","Dolnośląskie / Bolesławiecki / Warta Bolesławiecka (0201062, gmina wiejska)",93,92,0,"[d]",0,0,0,"b) NIE","b) NIE",8350
"2389","https://fedrowanie.siecobywatelska.pl/sprawy/wnioski-o-informacje-w-2025-762","WARTKOWICE","samorząd gminy","gmina wiejska","Łódzkie","Poddębicki","Wartkowice","Łódzkie / Poddębicki / Wartkowice (1011052, gmina wiejska)",71,71,0,"N/A",0,0,0,"b) NIE","b) NIE",6030
"1442","https://fedrowanie.siecobywatelska.pl/sprawy/wnioski-o-informacje-w-2025-1621","WASILKÓW","samorząd gminy","gmina miejsko-wiejska","Podlaskie","Białostocki","Wasilków","Podlaskie / Białostocki / Wasilków (2002133, gmina miejsko-wiejska)",181,176,2,"[f]",3,0,0,"b) NIE","b) NIE",21690
"1178","https://fedrowanie.siecobywatelska.pl/sprawy/wnioski-o-informacje-w-2025-2015","WAŚNIÓW","samorząd gminy","gmina wiejska","Świętokrzyskie","Ostrowiecki","Waśniów","Świętokrzyskie / Ostrowiecki / Waśniów (2607062, gmina wiejska)",67,65,0,"[a]",0,0,0,"b) NIE","b) NIE",6190
"135","https://fedrowanie.siecobywatelska.pl/sprawy/wnioski-o-informacje-w-2025-2016","WĄCHOCK","samorząd gminy","gmina miejsko-wiejska","Świętokrzyskie","Starachowicki","Wąchock","Świętokrzyskie / Starachowicki / Wąchock (2611053, gmina miejsko-wiejska)",57,57,0,"N/A",0,0,0,"b) NIE","b) NIE",6150
"2386","https://fedrowanie.siecobywatelska.pl/sprawy/wnioski-o-informacje-w-2025-146","WĄDROŻEWIELKIE","samorząd gminy","gmina wiejska","Dolnośląskie","Jaworski","Wądroże Wielkie","Dolnośląskie / Jaworski / Wądroże Wielkie (0205062, gmina wiejska)",90,90,0,"N/A",0,0,0,"b) NIE","b) NIE",3660
"645","https://fedrowanie.siecobywatelska.pl/sprawy/wnioski-o-informacje-w-2025-2343","WĄGROWIEC","samorząd gminy","gmina miejska","Wielkopolskie","Wągrowiecki","Wągrowiec","Wielkopolskie / Wągrowiecki / Wągrowiec (3028011, gmina miejska)",115,106,0,"[a]",0,0,0,"b) NIE","b) NIE",25220
"697","https://fedrowanie.siecobywatelska.pl/sprawy/wnioski-o-informacje-w-2025-2344","WĄGROWIEC","samorząd gminy","gmina wiejska","Wielkopolskie","Wągrowiecki","Wągrowiec","Wielkopolskie / Wągrowiecki / Wągrowiec (3028072, gmina wiejska)",113,110,3,"[a, f, h]",0,0,0,"BD","BD",12400
"1936","https://fedrowanie.siecobywatelska.pl/sprawy/wnioski-o-informacje-w-2025-302","WĄPIELSK","samorząd gminy","gmina wiejska","Kujawsko-Pomorskie","Rypiński","Wąpielsk","Kujawsko-Pomorskie / Rypiński / Wąpielsk (0412062, gmina wiejska)",28,28,0,"N/A",0,0,0,"b) NIE","b) NIE",3610
"1441","https://fedrowanie.siecobywatelska.pl/sprawy/wnioski-o-informacje-w-2025-1249","WĄSEWO","samorząd gminy","gmina wiejska","Mazowieckie","Ostrowski","Wąsewo","Mazowieckie / Ostrowski / Wąsewo (1416102, gmina wiejska)",76,76,0,"N/A",0,0,0,"b) NIE","b) NIE",3890
"2448","https://fedrowanie.siecobywatelska.pl/sprawy/wnioski-o-informacje-w-2025-147","WĄSOSZ","samorząd gminy","gmina miejsko-wiejska","Dolnośląskie","Górowski","Wąsosz","Dolnośląskie / Górowski / Wąsosz (0204043, gmina miejsko-wiejska)",119,118,1,"[i]",0,0,0,"b) NIE","b) NIE",6610
"2463","https://fedrowanie.siecobywatelska.pl/sprawy/wnioski-o-informacje-w-2025-1622","WĄSOSZ","samorząd gminy","gmina wiejska","Podlaskie","Grajewski","Wąsosz","Podlaskie / Grajewski / Wąsosz (2004062, gmina wiejska)",73,71,0,"[a]","BD",0,0,"b) NIE","b) NIE",3210
"389","https://fedrowanie.siecobywatelska.pl/sprawy/wnioski-o-informacje-w-2025-501","WĄWOLNICA","samorząd gminy","gmina miejsko-wiejska","Lubelskie","Puławski","Wąwolnica","Lubelskie / Puławski / Wąwolnica (0614103, gmina miejsko-wiejska)",113,109,3,"BD",0,1,0,"b) NIE","b) NIE",4060
"1412","https://fedrowanie.siecobywatelska.pl/sprawy/wnioski-o-informacje-w-2025-1751","WEJHEROWO","samorząd gminy","gmina wiejska","Pomorskie","Wejherowski","Wejherowo","Pomorskie / Wejherowski / Wejherowo (2215102, gmina wiejska)",119,115,0,"[b, c]",0,0,0,"b) NIE","a) TAK",32370
"646","https://fedrowanie.siecobywatelska.pl/sprawy/wnioski-o-informacje-w-2025-1750","WEJHEROWO","samorząd gminy","gmina miejska","Pomorskie","Wejherowski","Wejherowo","Pomorskie / Wejherowski / Wejherowo (2215031, gmina miejska)",135,102,25,"[a, f, g]",0,13,0,"b) NIE","a) TAK",44980
"1718","https://fedrowanie.siecobywatelska.pl/sprawy/wnioski-o-informacje-w-2025-502","WERBKOWICE","samorząd gminy","gmina wiejska","Lubelskie","Hrubieszowski","Werbkowice","Lubelskie / Hrubieszowski / Werbkowice (0604082, gmina wiejska)",107,106,1,"[g]",0,0,0,"b) NIE","b) NIE",8110
"1443","https://fedrowanie.siecobywatelska.pl/sprawy/wnioski-o-informacje-w-2025-1904","WĘGIERSKA GÓRKA","samorząd gminy","gmina wiejska","Śląskie","Żywiecki","Węgierska Górka","Śląskie / Żywiecki / Węgierska Górka (2417152, gmina wiejska)",112,106,3,"[a, f, i]",0,0,1,"b) NIE","b) NIE",14150
"2449","https://fedrowanie.siecobywatelska.pl/sprawy/wnioski-o-informacje-w-2025-148","WĘGLINIEC","samorząd gminy","gmina miejsko-wiejska","Dolnośląskie","Zgorzelecki","Węgliniec","Dolnośląskie / Zgorzelecki / Węgliniec (0225063, gmina miejsko-wiejska)",91,90,1,"[a]",0,0,0,"b) NIE","b) NIE",7590
"40","https://fedrowanie.siecobywatelska.pl/sprawy/wnioski-o-informacje-w-2025-2135","WĘGORZEWO","samorząd gminy","gmina miejsko-wiejska","Warmińsko-Mazurskie","Węgorzewski","Węgorzewo","Warmińsko-Mazurskie / Węgorzewski / Węgorzewo (2819033, gmina miejsko-wiejska)",79,70,0,"[a, b, f]",0,0,0,"b) NIE","b) NIE",14940
"1047","https://fedrowanie.siecobywatelska.pl/sprawy/wnioski-o-informacje-w-2025-1250","WĘGRÓW","samorząd gminy","gmina miejska","Mazowieckie","Węgrowski","Węgrów","Mazowieckie / Węgrowski / Węgrów (1433011, gmina miejska)",74,74,0,"N/A",0,0,0,"b) NIE","a) TAK",11650
"2391","https://fedrowanie.siecobywatelska.pl/sprawy/wnioski-o-informacje-w-2025-1251","WIĄZOWNA","samorząd gminy","gmina wiejska","Mazowieckie","Otwocki","Wiązowna","Mazowieckie / Otwocki / Wiązowna (1417082, gmina wiejska)",206,"BD",3,"[d, f]",1,1,0,"b) NIE","a) TAK",16530
"1444","https://fedrowanie.siecobywatelska.pl/sprawy/wnioski-o-informacje-w-2025-1501","WIĄZOWNICA","samorząd gminy","gmina wiejska","Podkarpackie","Jarosławski","Wiązownica","Podkarpackie / Jarosławski / Wiązownica (1804112, gmina wiejska)",45,45,0,"N/A",0,0,0,"a) TAK","b) NIE",11790
"136","https://fedrowanie.siecobywatelska.pl/sprawy/wnioski-o-informacje-w-2025-149","WIĄZÓW","samorząd gminy","gmina miejsko-wiejska","Dolnośląskie","Strzeliński","Wiązów","Dolnośląskie / Strzeliński / Wiązów (0217053, gmina miejsko-wiejska)",83,82,1,"[f]",0,0,0,"b) NIE","b) NIE",6680
"736","https://fedrowanie.siecobywatelska.pl/sprawy/wnioski-o-informacje-w-2025-763","WIDAWA","samorząd gminy","gmina wiejska","Łódzkie","Łaski","Widawa","Łódzkie / Łaski / Widawa (1003042, gmina wiejska)",84,84,0,"N/A",0,0,0,"b) NIE","b) NIE",6710
"691","https://fedrowanie.siecobywatelska.pl/sprawy/wnioski-o-informacje-w-2025-2476","WIDUCHOWA","samorząd gminy","gmina wiejska","Zachodniopomorskie","Gryfiński","Widuchowa","Zachodniopomorskie / Gryfiński / Widuchowa (3206092, gmina wiejska)",71,71,0,"N/A",0,0,0,"b) NIE","b) NIE",4910
"1094","https://fedrowanie.siecobywatelska.pl/sprawy/wnioski-o-informacje-w-2025-1252","WIECZFNIA KOŚCIELNA","samorząd gminy","gmina wiejska","Mazowieckie","Mławski","Wieczfnia Kościelna","Mazowieckie / Mławski / Wieczfnia Kościelna (1413092, gmina wiejska)",67,67,0,"N/A",0,0,0,"b) NIE","b) NIE",3540
"2450","https://fedrowanie.siecobywatelska.pl/sprawy/wnioski-o-informacje-w-2025-2136","WIELBARK","samorząd gminy","gmina miejsko-wiejska","Warmińsko-Mazurskie","Szczycieński","Wielbark","Warmińsko-Mazurskie / Szczycieński / Wielbark (2817083, gmina miejsko-wiejska)",83,83,0,"N/A",0,0,0,"b) NIE","b) NIE",6140
"2451","https://fedrowanie.siecobywatelska.pl/sprawy/wnioski-o-informacje-w-2025-2345","WIELEŃ","samorząd gminy","gmina miejsko-wiejska","Wielkopolskie","Czarnkowsko-Trzcianecki","Wieleń","Wielkopolskie / Czarnkowsko-Trzcianecki / Wieleń (3002083, gmina miejsko-wiejska)",44,41,1,"[f, g, i]",0,0,0,"b) NIE","b) NIE",11390
"557","https://fedrowanie.siecobywatelska.pl/sprawy/wnioski-o-informacje-w-2025-303","WIELGIE","samorząd gminy","gmina wiejska","Kujawsko-Pomorskie","Lipnowski","Wielgie","Kujawsko-Pomorskie / Lipnowski / Wielgie (0408092, gmina wiejska)",71,71,0,"N/A",0,0,0,"b) NIE","b) NIE",6600
"96","https://fedrowanie.siecobywatelska.pl/sprawy/wnioski-o-informacje-w-2025-764","WIELGOMŁYNY","samorząd gminy","gmina wiejska","Łódzkie","Radomszczański","Wielgomłyny","Łódzkie / Radomszczański / Wielgomłyny (1012132, gmina wiejska)",85,83,3,"[a, b, c]",0,1,0,"b) NIE","b) NIE",4190
"1446","https://fedrowanie.siecobywatelska.pl/sprawy/wnioski-o-informacje-w-2025-2346","WIELICHOWO","samorząd gminy","gmina miejsko-wiejska","Wielkopolskie","Grodziski","Wielichowo","Wielkopolskie / Grodziski / Wielichowo (3005053, gmina miejsko-wiejska)",81,77,0,"N/A",0,0,0,"a) TAK","b) NIE",6630
"618","https://fedrowanie.siecobywatelska.pl/sprawy/wnioski-o-informacje-w-2025-952","WIELICZKA","samorząd gminy","gmina miejsko-wiejska","Małopolskie","Wielicki","Wieliczka","Małopolskie / Wielicki / Wieliczka (1219053, gmina miejsko-wiejska)",58,230,5,"[c]",0,0,0,"b) NIE","b) NIE",70470
"1447","https://fedrowanie.siecobywatelska.pl/sprawy/wnioski-o-informacje-w-2025-1253","WIELISZEW","samorząd gminy","gmina wiejska","Mazowieckie","Legionowski","Wieliszew","Mazowieckie / Legionowski / Wieliszew (1408052, gmina wiejska)",197,196,1,"[a]",2,0,0,"b) NIE","b) NIE",22140
"1448","https://fedrowanie.siecobywatelska.pl/sprawy/wnioski-o-informacje-w-2025-953","WIELKA WIEŚ","samorząd gminy","gmina wiejska","Małopolskie","Krakowski","Wielka Wieś","Małopolskie / Krakowski / Wielka Wieś (1206152, gmina wiejska)",99,98,1,"[f]",0,0,0,"b) NIE","a) TAK",17590
"1942","https://fedrowanie.siecobywatelska.pl/sprawy/wnioski-o-informacje-w-2025-1502","WIELKIE OCZY","samorząd gminy","gmina wiejska","Podkarpackie","Lubaczowski","Wielkie Oczy","Podkarpackie / Lubaczowski / Wielkie Oczy (1809082, gmina wiejska)",90,87,0,"[b, g]",0,0,0,"b) NIE","b) NIE",3620
"1049","https://fedrowanie.siecobywatelska.pl/sprawy/wnioski-o-informacje-w-2025-1503","WIELOPOLE SKRZYŃSKIE","samorząd gminy","gmina wiejska","Podkarpackie","Ropczycko-Sędziszowski","Wielopole Skrzyńskie","Podkarpackie / Ropczycko-Sędziszowski / Wielopole Skrzyńskie (1815052, gmina wiejska)",108,91,0,"[a, b, c]",0,0,0,"b) NIE","b) NIE",7680
"504","https://fedrowanie.siecobywatelska.pl/sprawy/wnioski-o-informacje-w-2025-1905","WIELOWIEŚ","samorząd gminy","gmina wiejska","Śląskie","Gliwicki","Wielowieś","Śląskie / Gliwicki / Wielowieś (2405082, gmina wiejska)",96,96,0,"N/A",0,0,0,"b) NIE","b) NIE",5640
"1774","https://fedrowanie.siecobywatelska.pl/sprawy/wnioski-o-informacje-w-2025-1254","WIENIAWA","samorząd gminy","gmina wiejska","Mazowieckie","Przysuski","Wieniawa","Mazowieckie / Przysuski / Wieniawa (1423082, gmina wiejska)",68,67,0,"[f]",0,0,0,"b) NIE","b) NIE",4980
"2078","https://fedrowanie.siecobywatelska.pl/sprawy/wnioski-o-informacje-w-2025-766","WIERUSZÓW","samorząd gminy","gmina miejsko-wiejska","Łódzkie","Wieruszowski","Wieruszów","Łódzkie / Wieruszowski / Wieruszów (1018073, gmina miejsko-wiejska)",97,95,2,"[b, c, g]",0,0,0,"b) NIE","b) NIE",13920
"1937","https://fedrowanie.siecobywatelska.pl/sprawy/wnioski-o-informacje-w-2025-503","WIERZBICA","samorząd gminy","gmina wiejska","Lubelskie","Chełmski","Wierzbica","Lubelskie / Chełmski / Wierzbica (0603122, gmina wiejska)",37,37,0,"N/A",0,0,0,"b) NIE","b) NIE",4560
"2452","https://fedrowanie.siecobywatelska.pl/sprawy/wnioski-o-informacje-w-2025-1255","WIERZBICA","samorząd gminy","gmina wiejska","Mazowieckie","Radomski","Wierzbica","Mazowieckie / Radomski / Wierzbica (1425112, gmina wiejska)",95,95,0,"N/A",0,0,0,"b) NIE","b) NIE",9040
"1719","https://fedrowanie.siecobywatelska.pl/sprawy/wnioski-o-informacje-w-2025-2347","WIERZBINEK","samorząd gminy","gmina wiejska","Wielkopolskie","Koniński","Wierzbinek","Wielkopolskie / Koniński / Wierzbinek (3010132, gmina wiejska)",108,104,2,"[c, e, f]",0,2,0,"b) NIE","b) NIE",6820
"1938","https://fedrowanie.siecobywatelska.pl/sprawy/wnioski-o-informacje-w-2025-1256","WIERZBNO","samorząd gminy","gmina wiejska","Mazowieckie","Węgrowski","Wierzbno","Mazowieckie / Węgrowski / Wierzbno (1433092, gmina wiejska)",66,66,0,"N/A",0,0,0,"b) NIE","a) TAK",2370
"656","https://fedrowanie.siecobywatelska.pl/sprawy/wnioski-o-informacje-w-2025-955","WIERZCHOSŁAWICE","samorząd gminy","gmina wiejska","Małopolskie","Tarnowski","Wierzchosławice","Małopolskie / Tarnowski / Wierzchosławice (1216112, gmina wiejska)",103,91,1,"[a, c]",0,0,0,"b) NIE","a) TAK",10430
"1449","https://fedrowanie.siecobywatelska.pl/sprawy/wnioski-o-informacje-w-2025-2477","WIERZCHOWO","samorząd gminy","gmina wiejska","Zachodniopomorskie","Drawski","Wierzchowo","Zachodniopomorskie / Drawski / Wierzchowo (3203052, gmina wiejska)",45,44,1,"[a]",0,0,0,"b) NIE","b) NIE",3950
"1720","https://fedrowanie.siecobywatelska.pl/sprawy/wnioski-o-informacje-w-2025-956","WIETRZYCHOWICE","samorząd gminy","gmina wiejska","Małopolskie","Tarnowski","Wietrzychowice","Małopolskie / Tarnowski / Wietrzychowice (1216122, gmina wiejska)",67,67,0,"N/A",0,0,0,"b) NIE","b) NIE",3670
"2185","https://fedrowanie.siecobywatelska.pl/sprawy/wnioski-o-informacje-w-2025-305","WIĘCBORK","samorząd gminy","gmina miejsko-wiejska","Kujawsko-Pomorskie","Sępoleński","Więcbork","Kujawsko-Pomorskie / Sępoleński / Więcbork (0413043, gmina miejsko-wiejska)",40,40,0,"N/A",0,0,0,"BD","b) NIE",12700
"2453","https://fedrowanie.siecobywatelska.pl/sprawy/wnioski-o-informacje-w-2025-2348","WIJEWO","samorząd gminy","gmina wiejska","Wielkopolskie","Leszczyński","Wijewo","Wielkopolskie / Leszczyński / Wijewo (3013062, gmina wiejska)",72,72,0,"N/A",0,0,0,"b) NIE","b) NIE",3750
"1721","https://fedrowanie.siecobywatelska.pl/sprawy/wnioski-o-informacje-w-2025-1906","WILAMOWICE","samorząd gminy","gmina miejsko-wiejska","Śląskie","Bielski","Wilamowice","Śląskie / Bielski / Wilamowice (2402093, gmina miejsko-wiejska)",42,"BD",0,"[b, a, c]","BD","BD","BD","BD","BD",18330
"2454","https://fedrowanie.siecobywatelska.pl/sprawy/wnioski-o-informacje-w-2025-2138","WILCZĘTA","samorząd gminy","gmina wiejska","Warmińsko-Mazurskie","Braniewski","Wilczęta","Warmińsko-Mazurskie / Braniewski / Wilczęta (2802072, gmina wiejska)",64,64,0,"N/A",0,0,0,"b) NIE","b) NIE",2480
"1450","https://fedrowanie.siecobywatelska.pl/sprawy/wnioski-o-informacje-w-2025-2017","WILCZYCE","samorząd gminy","gmina wiejska","Świętokrzyskie","Sandomierski","Wilczyce","Świętokrzyskie / Sandomierski / Wilczyce (2609082, gmina wiejska)",24,24,0,"N/A",0,60,70,"b) NIE","b) NIE",3370
"390","https://fedrowanie.siecobywatelska.pl/sprawy/wnioski-o-informacje-w-2025-2349","WILCZYN","samorząd gminy","gmina wiejska","Wielkopolskie","Koniński","Wilczyn","Wielkopolskie / Koniński / Wilczyn (3010142, gmina wiejska)",76,76,0,"N/A",0,0,0,"b) NIE","b) NIE",5690
"1939","https://fedrowanie.siecobywatelska.pl/sprawy/wnioski-o-informacje-w-2025-1257","WILGA","samorząd gminy","gmina wiejska","Mazowieckie","Garwoliński","Wilga","Mazowieckie / Garwoliński / Wilga (1403132, gmina wiejska)",49,49,0,"N/A",0,0,0,"b) NIE","b) NIE",5060
"2455","https://fedrowanie.siecobywatelska.pl/sprawy/wnioski-o-informacje-w-2025-504","WILKOŁAZ","samorząd gminy","gmina wiejska","Lubelskie","Kraśnicki","Wilkołaz","Lubelskie / Kraśnicki / Wilkołaz (0607092, gmina wiejska)",37,37,0,"N/A",0,0,0,"b) NIE","b) NIE",5240
"1051","https://fedrowanie.siecobywatelska.pl/sprawy/wnioski-o-informacje-w-2025-1907","WILKOWICE","samorząd gminy","gmina wiejska","Śląskie","Bielski","Wilkowice","Śląskie / Bielski / Wilkowice (2402102, gmina wiejska)",137,137,0,"N/A",0,0,0,"b) NIE","b) NIE",13200
"1451","https://fedrowanie.siecobywatelska.pl/sprawy/wnioski-o-informacje-w-2025-505","WILKÓW","samorząd gminy","gmina wiejska","Lubelskie","Opolski","Wilków","Lubelskie / Opolski / Wilków (0612072, gmina wiejska)",59,59,0,"[a, c]",1,0,0,"b) NIE","b) NIE",4040
"1452","https://fedrowanie.siecobywatelska.pl/sprawy/wnioski-o-informacje-w-2025-1349","WILKÓW","samorząd gminy","gmina wiejska","Opolskie","Namysłowski","Wilków","Opolskie / Namysłowski / Wilków (1606052, gmina wiejska)",87,86,2,"[f]",0,0,0,"b) NIE","b) NIE",4150
"878","https://fedrowanie.siecobywatelska.pl/sprawy/wnioski-o-informacje-w-2025-1258","WINNICA","samorząd gminy","gmina wiejska","Mazowieckie","Pułtuski","Winnica","Mazowieckie / Pułtuski / Winnica (1424062, gmina wiejska)",77,77,0,"N/A",0,0,0,"b) NIE","b) NIE",3920
"1776","https://fedrowanie.siecobywatelska.pl/sprawy/wnioski-o-informacje-w-2025-151","WISZNIA MAŁA","samorząd gminy","gmina wiejska","Dolnośląskie","Trzebnicki","Wisznia Mała","Dolnośląskie / Trzebnicki / Wisznia Mała (0220042, gmina wiejska)",95,90,0,"[a, b, c]",0,1,0,"b) NIE","b) NIE",12450
"391","https://fedrowanie.siecobywatelska.pl/sprawy/wnioski-o-informacje-w-2025-506","WISZNICE","samorząd gminy","gmina wiejska","Lubelskie","Bialski","Wisznice","Lubelskie / Bialski / Wisznice (0601182, gmina wiejska)",78,78,0,"N/A",0,0,0,"b) NIE","b) NIE",4370
"516","https://fedrowanie.siecobywatelska.pl/sprawy/wnioski-o-informacje-w-2025-2018","WIŚLICA","samorząd gminy","gmina miejsko-wiejska","Świętokrzyskie","Buski","Wiślica","Świętokrzyskie / Buski / Wiślica (2601083, gmina miejsko-wiejska)",61,61,0,"N/A",0,0,0,"b) NIE","b) NIE",4990
"1453","https://fedrowanie.siecobywatelska.pl/sprawy/wnioski-o-informacje-w-2025-1260","WIŚNIEW","samorząd gminy","gmina wiejska","Mazowieckie","Siedlecki","Wiśniew","Mazowieckie / Siedlecki / Wiśniew (1426112, gmina wiejska)",105,105,0,"N/A",0,0,0,"b) NIE","b) NIE",5770
"1940","https://fedrowanie.siecobywatelska.pl/sprawy/wnioski-o-informacje-w-2025-1261","WIŚNIEWO","samorząd gminy","gmina wiejska","Mazowieckie","Mławski","Wiśniewo","Mazowieckie / Mławski / Wiśniewo (1413102, gmina wiejska)",20,20,0,"N/A",0,0,0,"b) NIE","b) NIE",5040
"1426","https://fedrowanie.siecobywatelska.pl/sprawy/wnioski-o-informacje-w-2025-957","WIŚNIOWA (woj. małopolskie)","samorząd gminy","gmina wiejska","Małopolskie","Myślenicki","Wiśniowa","Małopolskie / Myślenicki / Wiśniowa (1209092, gmina wiejska)",65,65,0,"N/A",0,0,0,"b) NIE","b) NIE",7560
"1454","https://fedrowanie.siecobywatelska.pl/sprawy/wnioski-o-informacje-w-2025-1504","WIŚNIOWA (woj. podkarpackie)","samorząd gminy","gmina wiejska","Podkarpackie","Strzyżowski","Wiśniowa","Podkarpackie / Strzyżowski / Wiśniowa (1819052, gmina wiejska)",77,77,0,"N/A",0,0,0,"b) NIE","b) NIE",7450
"1455","https://fedrowanie.siecobywatelska.pl/sprawy/wnioski-o-informacje-w-2025-2350","WITKOWO","samorząd gminy","gmina miejsko-wiejska","Wielkopolskie","Gnieźnieński","Witkowo","Wielkopolskie / Gnieźnieński / Witkowo (3003103, gmina miejsko-wiejska)",94,92,2,"[f, i]",0,0,0,"b) NIE","b) NIE",12850
"2456","https://fedrowanie.siecobywatelska.pl/sprawy/wnioski-o-informacje-w-2025-768","WITONIA","samorząd gminy","gmina wiejska","Łódzkie","Łęczycki","Witonia","Łódzkie / Łęczycki / Witonia (1004082, gmina wiejska)",68,68,0,"N/A",0,0,0,"b) NIE","a) TAK",2930
"2457","https://fedrowanie.siecobywatelska.pl/sprawy/wnioski-o-informacje-w-2025-1623","WIZNA","samorząd gminy","gmina wiejska","Podlaskie","Łomżyński","Wizna","Podlaskie / Łomżyński / Wizna (2007082, gmina wiejska)",84,84,0,"N/A",0,0,0,"b) NIE","b) NIE",3540
"1941","https://fedrowanie.siecobywatelska.pl/sprawy/wnioski-o-informacje-w-2025-1624","WIŻAJNY","samorząd gminy","gmina wiejska","Podlaskie","Suwalski","Wiżajny","Podlaskie / Suwalski / Wiżajny (2012092, gmina wiejska)",65,65,0,"N/A",0,0,0,"b) NIE","b) NIE",1900
"8000","https://fedrowanie.siecobywatelska.pl/sprawy/wnioski-o-informacje-w-2025-1753","WŁADYSŁAWOWO","samorząd gminy","gmina miejsko-wiejska","Pomorskie","Pucki","Władysławowo","Pomorskie / Pucki / Władysławowo (2211043, gmina miejsko-wiejska)",165,163,0,"N/A",0,0,0,"b) NIE","b) NIE",13840
"1456","https://fedrowanie.siecobywatelska.pl/sprawy/wnioski-o-informacje-w-2025-2351","WŁADYSŁAWÓW","samorząd gminy","gmina wiejska","Wielkopolskie","Turecki","Władysławów","Wielkopolskie / Turecki / Władysławów (3027092, gmina wiejska)",70,70,0,"N/A",0,0,0,"a) TAK","b) NIE",7850
"1155","https://fedrowanie.siecobywatelska.pl/sprawy/wnioski-o-informacje-w-2025-306","WŁOCŁAWEK","samorząd gminy","gmina wiejska","Kujawsko-Pomorskie","Włocławski","Włocławek","Kujawsko-Pomorskie / Włocławski / Włocławek (0418132, gmina wiejska)",78,78,0,"N/A",0,0,0,"b) NIE","b) NIE",7500
"505","https://fedrowanie.siecobywatelska.pl/sprawy/wnioski-o-informacje-w-2025-507","WŁODAWA","samorząd gminy","gmina miejska","Lubelskie","Włodawski","Włodawa","Lubelskie / Włodawski / Włodawa (0619011, gmina miejska)",113,108,2,"[a, c, i]",1,1,0,"a) TAK","b) NIE",11760
"539","https://fedrowanie.siecobywatelska.pl/sprawy/wnioski-o-informacje-w-2025-508","WŁODAWA","samorząd gminy","gmina wiejska","Lubelskie","Włodawski","Włodawa","Lubelskie / Włodawski / Włodawa (0619062, gmina wiejska)",92,92,0,"N/A",0,0,0,"b) NIE","b) NIE",5610
"2392","https://fedrowanie.siecobywatelska.pl/sprawy/wnioski-o-informacje-w-2025-1909","WŁODOWICE","samorząd gminy","gmina miejsko-wiejska","Śląskie","Zawierciański","Włodowice","Śląskie / Zawierciański / Włodowice (2416093, gmina miejsko-wiejska)",88,88,0,"N/A",0,0,0,"b) NIE","b) NIE",5080
"660","https://fedrowanie.siecobywatelska.pl/sprawy/wnioski-o-informacje-w-2025-2352","WŁOSZAKOWICE","samorząd gminy","gmina wiejska","Wielkopolskie","Leszczyński","Włoszakowice","Wielkopolskie / Leszczyński / Włoszakowice (3013072, gmina wiejska)",78,74,1,"[b, c, i]",0,0,0,"b) NIE","a) TAK",10080
"101","https://fedrowanie.siecobywatelska.pl/sprawy/wnioski-o-informacje-w-2025-2019","WŁOSZCZOWA","samorząd gminy","gmina miejsko-wiejska","Świętokrzyskie","Włoszczowski","Włoszczowa","Świętokrzyskie / Włoszczowski / Włoszczowa (2613063, gmina miejsko-wiejska)",80,79,0,"[c]",0,0,0,"b) NIE","b) NIE",18220
"1457","https://fedrowanie.siecobywatelska.pl/sprawy/wnioski-o-informacje-w-2025-1262","WODYNIE","samorząd gminy","gmina wiejska","Mazowieckie","Siedlecki","Wodynie","Mazowieckie / Siedlecki / Wodynie (1426122, gmina wiejska)",89,87,2,"[f]",0,0,0,"b) NIE","b) NIE",4020
"2393","https://fedrowanie.siecobywatelska.pl/sprawy/wnioski-o-informacje-w-2025-769","WODZIERADY","samorząd gminy","gmina wiejska","Łódzkie","Łaski","Wodzierady","Łódzkie / Łaski / Wodzierady (1003052, gmina wiejska)",87,87,0,"N/A",0,0,0,"b) NIE","b) NIE",3800
"551","https://fedrowanie.siecobywatelska.pl/sprawy/wnioski-o-informacje-w-2025-1910","WODZISŁAW ŚLĄSKI","samorząd gminy","gmina miejska","Śląskie","Wodzisławski","Wodzisław Śląski","Śląskie / Wodzisławski / Wodzisław Śląski (2415041, gmina miejska)",116,"BD",0,"BD",1,0,0,"b) NIE","b) NIE",44020
"2460","https://fedrowanie.siecobywatelska.pl/sprawy/wnioski-o-informacje-w-2025-509","WOHYŃ","samorząd gminy","gmina wiejska","Lubelskie","Radzyński","Wohyń","Lubelskie / Radzyński / Wohyń (0615082, gmina wiejska)",77,77,0,"N/A",1,0,1,"b) NIE","b) NIE",6020
"2394","https://fedrowanie.siecobywatelska.pl/sprawy/wnioski-o-informacje-w-2025-1505","WOJASZÓWKA","samorząd gminy","gmina wiejska","Podkarpackie","Krośnieński","Wojaszówka","Podkarpackie / Krośnieński / Wojaszówka (1807092, gmina wiejska)",45,45,0,"N/A",0,0,0,"b) NIE","b) NIE",9120
"2395","https://fedrowanie.siecobywatelska.pl/sprawy/wnioski-o-informacje-w-2025-2021","WOJCIECHOWICE","samorząd gminy","gmina wiejska","Świętokrzyskie","Opatowski","Wojciechowice","Świętokrzyskie / Opatowski / Wojciechowice (2606082, gmina wiejska)",78,73,0,"N/A",0,0,0,"b) NIE","b) NIE",3690
"1458","https://fedrowanie.siecobywatelska.pl/sprawy/wnioski-o-informacje-w-2025-510","WOJCIECHÓW","samorząd gminy","gmina wiejska","Lubelskie","Lubelski","Wojciechów","Lubelskie / Lubelski / Wojciechów (0609132, gmina wiejska)",102,101,1,"[e]",0,0,0,"b) NIE","b) NIE",5980
"1459","https://fedrowanie.siecobywatelska.pl/sprawy/wnioski-o-informacje-w-2025-511","WOJCIESZKÓW","samorząd gminy","gmina wiejska","Lubelskie","Łukowski","Wojcieszków","Lubelskie / Łukowski / Wojcieszków (0611102, gmina wiejska)",45,45,0,"N/A",0,0,0,"b) NIE","b) NIE",6400
"647","https://fedrowanie.siecobywatelska.pl/sprawy/wnioski-o-informacje-w-2025-153","WOJCIESZÓW","samorząd gminy","gmina miejska","Dolnośląskie","Złotoryjski","Wojcieszów","Dolnośląskie / Złotoryjski / Wojcieszów (0226011, gmina miejska)",74,74,0,"N/A",0,0,0,"a) TAK","b) NIE",3370
"2183","https://fedrowanie.siecobywatelska.pl/sprawy/wnioski-o-informacje-w-2025-1911","WOJKOWICE","samorząd gminy","gmina miejska","Śląskie","Będziński","Wojkowice","Śląskie / Będziński / Wojkowice (2401031, gmina miejska)",91,90,1,"[c, h]",0,0,0,"b) NIE","b) NIE",8320
"2080","https://fedrowanie.siecobywatelska.pl/sprawy/wnioski-o-informacje-w-2025-958","WOJNICZ","samorząd gminy","gmina miejsko-wiejska","Małopolskie","Tarnowski","Wojnicz","Małopolskie / Tarnowski / Wojnicz (1216133, gmina miejsko-wiejska)",109,107,0,"[f]",0,0,0,"b) NIE","b) NIE",13020
"392","https://fedrowanie.siecobywatelska.pl/sprawy/wnioski-o-informacje-w-2025-512","WOJSŁAWICE","samorząd gminy","gmina wiejska","Lubelskie","Chełmski","Wojsławice","Lubelskie / Chełmski / Wojsławice (0603132, gmina wiejska)","BD",69,0,"N/A",0,0,0,"b) NIE","b) NIE",3300
"1054","https://fedrowanie.siecobywatelska.pl/sprawy/wnioski-o-informacje-w-2025-770","WOLA KRZYSZTOPORSKA","samorząd gminy","gmina wiejska","Łódzkie","Piotrkowski","Wola Krzysztoporska","Łódzkie / Piotrkowski / Wola Krzysztoporska (1010102, gmina wiejska)",78,73,0,"[a, b, f]",0,0,0,"b) NIE","b) NIE",11800
"2476","https://fedrowanie.siecobywatelska.pl/sprawy/wnioski-o-informacje-w-2025-514","WOLA UHRUSKA","samorząd gminy","gmina wiejska","Lubelskie","Włodawski","Wola Uhruska","Lubelskie / Włodawski / Wola Uhruska (0619072, gmina wiejska)",76,76,0,"N/A",0,0,0,"b) NIE","a) TAK",3510
"737","https://fedrowanie.siecobywatelska.pl/sprawy/wnioski-o-informacje-w-2025-771","WOLBÓRZ","samorząd gminy","gmina miejsko-wiejska","Łódzkie","Piotrkowski","Wolbórz","Łódzkie / Piotrkowski / Wolbórz (1010113, gmina miejsko-wiejska)",85,85,0,"N/A",0,0,0,"b) NIE","a) TAK",7760
"503","https://fedrowanie.siecobywatelska.pl/sprawy/wnioski-o-informacje-w-2025-959","WOLBROM","samorząd gminy","gmina miejsko-wiejska","Małopolskie","Olkuski","Wolbrom","Małopolskie / Olkuski / Wolbrom (1212073, gmina miejsko-wiejska)",102,97,0,"[a, b]",0,0,0,"b) NIE","b) NIE",21570
"2396","https://fedrowanie.siecobywatelska.pl/sprawy/wnioski-o-informacje-w-2025-2478","WOLIN","samorząd gminy","gmina miejsko-wiejska","Zachodniopomorskie","Kamieński","Wolin","Zachodniopomorskie / Kamieński / Wolin (3207063, gmina miejsko-wiejska)",265,246,19,"[a, b, c]",8,18,0,"b) NIE","b) NIE",11450
"137","https://fedrowanie.siecobywatelska.pl/sprawy/wnioski-o-informacje-w-2025-2353","WOLSZTYN","samorząd gminy","gmina miejsko-wiejska","Wielkopolskie","Wolsztyński","Wolsztyn","Wielkopolskie / Wolsztyński / Wolsztyn (3029033, gmina miejsko-wiejska)",174,169,0,"N/A",0,0,0,"b) NIE","a) TAK",29990
"1460","https://fedrowanie.siecobywatelska.pl/sprawy/wnioski-o-informacje-w-2025-1350","WOŁCZYN","samorząd gminy","gmina miejsko-wiejska","Opolskie","Kluczborski","Wołczyn","Opolskie / Kluczborski / Wołczyn (1604043, gmina miejsko-wiejska)",109,108,1,"[f]",0,0,0,"b) NIE","b) NIE",11900
"2072","https://fedrowanie.siecobywatelska.pl/sprawy/wnioski-o-informacje-w-2025-1264","WOŁOMIN","samorząd gminy","gmina miejsko-wiejska","Mazowieckie","Wołomiński","Wołomin","Mazowieckie / Wołomiński / Wołomin (1434123, gmina miejsko-wiejska)",248,240,1,"[a, h]",1,0,0,"b) NIE","a) TAK",50730
"2397","https://fedrowanie.siecobywatelska.pl/sprawy/wnioski-o-informacje-w-2025-1912","WOŹNIKI","samorząd gminy","gmina miejsko-wiejska","Śląskie","Lubliniecki","Woźniki","Śląskie / Lubliniecki / Woźniki (2407083, gmina miejsko-wiejska)",71,71,0,"N/A",0,0,0,"b) NIE","b) NIE",9230
"1722","https://fedrowanie.siecobywatelska.pl/sprawy/wnioski-o-informacje-w-2025-1913","WRĘCZYCA WIELKA","samorząd gminy","gmina wiejska","Śląskie","Kłobucki","Wręczyca Wielka","Śląskie / Kłobucki / Wręczyca Wielka (2406092, gmina wiejska)",114,101,4,"[c, d, e]",1,0,0,"b) NIE","b) NIE",17440
"588","https://fedrowanie.siecobywatelska.pl/sprawy/wnioski-o-informacje-w-2025-155","Wrocław","miasto na prawach powiatu","miasto na prawach powiatu","Dolnośląskie","Wrocław",,"Dolnośląskie / Wrocław (0264, miasto na prawach powiatu)",1384,1384,2,"[b]",3,2,0,"a) TAK","a) TAK",672600
"1461","https://fedrowanie.siecobywatelska.pl/sprawy/wnioski-o-informacje-w-2025-2354","WRONKI","samorząd gminy","gmina miejsko-wiejska","Wielkopolskie","Szamotulski","Wronki","Wielkopolskie / Szamotulski / Wronki (3024083, gmina miejsko-wiejska)",106,106,0,"N/A",0,0,0,"b) NIE","a) TAK",18520
"2481","https://fedrowanie.siecobywatelska.pl/sprawy/wnioski-o-informacje-w-2025-2355","WRZEŚNIA","samorząd gminy","gmina miejsko-wiejska","Wielkopolskie","Wrzesiński","Września","Wielkopolskie / Wrzesiński / Września (3030053, gmina miejsko-wiejska)",216,215,1,"[i]",0,0,1,"b) NIE","b) NIE",48420
"2482","https://fedrowanie.siecobywatelska.pl/sprawy/wnioski-o-informacje-w-2025-599","WSCHOWA","samorząd gminy","gmina miejsko-wiejska","Lubuskie","Wschowski","Wschowa","Lubuskie / Wschowski / Wschowa (0812033, gmina miejsko-wiejska)",120,98,3,"[a, b]",5,1,0,"b) NIE","b) NIE",19690
"1056","https://fedrowanie.siecobywatelska.pl/sprawy/wnioski-o-informacje-w-2025-600","WYMIARKI","samorząd gminy","gmina wiejska","Lubuskie","Żagański","Wymiarki","Lubuskie / Żagański / Wymiarki (0810082, gmina wiejska)",83,83,0,"N/A",0,0,0,"b) NIE","b) NIE",2040
"1462","https://fedrowanie.siecobywatelska.pl/sprawy/wnioski-o-informacje-w-2025-1914","WYRY","samorząd gminy","gmina wiejska","Śląskie","Mikołowski","Wyry","Śląskie / Mikołowski / Wyry (2408052, gmina wiejska)",90,80,2,"[a, c, h]",0,2,0,"b) NIE","a) TAK",9240
"1057","https://fedrowanie.siecobywatelska.pl/sprawy/wnioski-o-informacje-w-2025-516","WYRYKI","samorząd gminy","gmina wiejska","Lubelskie","Włodawski","Wyryki","Lubelskie / Włodawski / Wyryki (0619082, gmina wiejska)",51,51,1,"N/A",0,1,0,"b) NIE","b) NIE",2130
"692","https://fedrowanie.siecobywatelska.pl/sprawy/wnioski-o-informacje-w-2025-2356","WYRZYSK","samorząd gminy","gmina miejsko-wiejska","Wielkopolskie","Pilski","Wyrzysk","Wielkopolskie / Pilski / Wyrzysk (3019083, gmina miejsko-wiejska)",154,80,0,"[a, b, c]",0,0,0,"b) NIE","a) TAK",12830
"2484","https://fedrowanie.siecobywatelska.pl/sprawy/wnioski-o-informacje-w-2025-2357","WYSOKA","samorząd gminy","gmina miejsko-wiejska","Wielkopolskie","Pilski","Wysoka","Wielkopolskie / Pilski / Wysoka (3019093, gmina miejsko-wiejska)",94,94,0,"N/A",0,0,0,"b) NIE","b) NIE",5890
"1716","https://fedrowanie.siecobywatelska.pl/sprawy/wnioski-o-informacje-w-2025-517","WYSOKIE","samorząd gminy","gmina wiejska","Lubelskie","Lubelski","Wysokie","Lubelskie / Lubelski / Wysokie (0609152, gmina wiejska)",75,75,0,"N/A",0,0,0,"a) TAK","b) NIE",3930
"1058","https://fedrowanie.siecobywatelska.pl/sprawy/wnioski-o-informacje-w-2025-1625","Wysokie Mazowieckie","samorząd gminy","gmina miejska","Podlaskie","Wysokomazowiecki","Wysokie Mazowieckie","Podlaskie / Wysokomazowiecki / Wysokie Mazowieckie (2013011, gmina miejska)",77,77,0,"N/A",0,0,0,"b) NIE","b) NIE",8920
"434","https://fedrowanie.siecobywatelska.pl/sprawy/wnioski-o-informacje-w-2025-1626","WYSOKIE MAZOWIECKIE","samorząd gminy","gmina wiejska","Podlaskie","Wysokomazowiecki","Wysokie Mazowieckie","Podlaskie / Wysokomazowiecki / Wysokie Mazowieckie (2013102, gmina wiejska)",65,65,0,"N/A",0,0,0,"b) NIE","a) TAK",5450
"1777","https://fedrowanie.siecobywatelska.pl/sprawy/wnioski-o-informacje-w-2025-1627","WYSZKI","samorząd gminy","gmina wiejska","Podlaskie","Bielski","Wyszki","Podlaskie / Bielski / Wyszki (2003082, gmina wiejska)",80,80,0,"[A, C]",0,0,0,"b) NIE","b) NIE",3790
"395","https://fedrowanie.siecobywatelska.pl/sprawy/wnioski-o-informacje-w-2025-1265","WYSZKÓW","samorząd gminy","gmina miejsko-wiejska","Mazowieckie","Wyszkowski","Wyszków","Mazowieckie / Wyszkowski / Wyszków (1435053, gmina miejsko-wiejska)",175,165,1,"[a, f, g]",0,0,0,"b) NIE","b) NIE",39080
"1829","https://fedrowanie.siecobywatelska.pl/sprawy/wnioski-o-informacje-w-2025-1266","WYSZOGRÓD","samorząd gminy","gmina miejsko-wiejska","Mazowieckie","Płocki","Wyszogród","Mazowieckie / Płocki / Wyszogród (1419153, gmina miejsko-wiejska)",88,88,0,"N/A",0,0,0,"b) NIE","a) TAK",5090
"2186","https://fedrowanie.siecobywatelska.pl/sprawy/wnioski-o-informacje-w-2025-1267","WYŚMIERZYCE","samorząd gminy","gmina miejsko-wiejska","Mazowieckie","Białobrzeski","Wyśmierzyce","Mazowieckie / Białobrzeski / Wyśmierzyce (1401063, gmina miejsko-wiejska)",44,44,0,"N/A",0,0,0,"b) NIE","b) NIE",2640
"2082","https://fedrowanie.siecobywatelska.pl/sprawy/wnioski-o-informacje-w-2025-1628","ZABŁUDÓW","samorząd gminy","gmina miejsko-wiejska","Podlaskie","Białostocki","Zabłudów","Podlaskie / Białostocki / Zabłudów (2002143, gmina miejsko-wiejska)",36,35,1,"[a]",0,0,0,"b) NIE","b) NIE",10340
"1059","https://fedrowanie.siecobywatelska.pl/sprawy/wnioski-o-informacje-w-2025-1268","ZABRODZIE","samorząd gminy","gmina wiejska","Mazowieckie","Wyszkowski","Zabrodzie","Mazowieckie / Wyszkowski / Zabrodzie (1435062, gmina wiejska)",80,78,2,"[f, g]",0,0,0,"b) NIE","b) NIE",6230
"1060","https://fedrowanie.siecobywatelska.pl/sprawy/wnioski-o-informacje-w-2025-2022","ZAGNAŃSK","samorząd gminy","gmina wiejska","Świętokrzyskie","Kielecki","Zagnańsk","Świętokrzyskie / Kielecki / Zagnańsk (2604192, gmina wiejska)",96,93,0,"[a, f, g]",0,0,0,"b) NIE","b) NIE",11990
"1946","https://fedrowanie.siecobywatelska.pl/sprawy/wnioski-o-informacje-w-2025-156","ZAGRODNO","samorząd gminy","gmina wiejska","Dolnośląskie","Złotoryjski","Zagrodno","Dolnośląskie / Złotoryjski / Zagrodno (0226052, gmina wiejska)",84,79,5,"[e, f]",2,2,0,"b) NIE","b) NIE",4740
"2487","https://fedrowanie.siecobywatelska.pl/sprawy/wnioski-o-informacje-w-2025-961","ZAKLICZYN","samorząd gminy","gmina miejsko-wiejska","Małopolskie","Tarnowski","Zakliczyn","Małopolskie / Tarnowski / Zakliczyn (1216143, gmina miejsko-wiejska)",180,180,0,"N/A",0,0,0,"b) NIE","b) NIE",12320
"8001","https://fedrowanie.siecobywatelska.pl/sprawy/wnioski-o-informacje-w-2025-1507","ZAKLIKÓW","samorząd gminy","gmina miejsko-wiejska","Podkarpackie","Stalowowolski","Zaklików","Podkarpackie / Stalowowolski / Zaklików (1818053, gmina miejsko-wiejska)",68,68,0,"N/A",0,0,0,"b) NIE","b) NIE",7890
"683","https://fedrowanie.siecobywatelska.pl/sprawy/wnioski-o-informacje-w-2025-962","ZAKOPANE","samorząd gminy","gmina miejska","Małopolskie","Tatrzański","Zakopane","Małopolskie / Tatrzański / Zakopane (1217011, gmina miejska)",241,175,6,"[e]",1,2,2,"b) NIE","b) NIE",24920
"2400","https://fedrowanie.siecobywatelska.pl/sprawy/wnioski-o-informacje-w-2025-1269","ZAKROCZYM","samorząd gminy","gmina miejsko-wiejska","Mazowieckie","Nowodworski","Zakroczym","Mazowieckie / Nowodworski / Zakroczym (1414063, gmina miejsko-wiejska)",105,91,2,"[f]",0,0,0,"b) NIE","a) TAK",5750
"2488","https://fedrowanie.siecobywatelska.pl/sprawy/wnioski-o-informacje-w-2025-518","ZAKRZEW (woj. lubelskie)","samorząd gminy","gmina wiejska","Lubelskie","Lubelski","Zakrzew","Lubelskie / Lubelski / Zakrzew (0609162, gmina wiejska)",66,66,0,"N/A",0,0,0,"b) NIE","b) NIE",2590
"1464","https://fedrowanie.siecobywatelska.pl/sprawy/wnioski-o-informacje-w-2025-1270","ZAKRZEW (woj. mazowieckie)","samorząd gminy","gmina wiejska","Mazowieckie","Radomski","Zakrzew","Mazowieckie / Radomski / Zakrzew (1425132, gmina wiejska)",93,92,1,"[f]",0,1,0,"b) NIE","b) NIE",14230
"1465","https://fedrowanie.siecobywatelska.pl/sprawy/wnioski-o-informacje-w-2025-308","ZAKRZEWO","samorząd gminy","gmina wiejska","Kujawsko-Pomorskie","Aleksandrowski","Zakrzewo","Kujawsko-Pomorskie / Aleksandrowski / Zakrzewo (0401092, gmina wiejska)",89,81,0,"[a]",0,0,2,"b) NIE","b) NIE",3270
"1466","https://fedrowanie.siecobywatelska.pl/sprawy/wnioski-o-informacje-w-2025-2359","ZAKRZEWO","samorząd gminy","gmina wiejska","Wielkopolskie","Złotowski","Zakrzewo","Wielkopolskie / Złotowski / Zakrzewo (3031072, gmina wiejska)",73,73,0,"N/A",0,0,0,"b) NIE","b) NIE",4740
"2196","https://fedrowanie.siecobywatelska.pl/sprawy/wnioski-o-informacje-w-2025-519","ZAKRZÓWEK","samorząd gminy","gmina wiejska","Lubelskie","Kraśnicki","Zakrzówek","Lubelskie / Kraśnicki / Zakrzówek (0607102, gmina wiejska)",90,77,2,"[b, c, f]",0,0,0,"b) NIE","b) NIE",5950
"1467","https://fedrowanie.siecobywatelska.pl/sprawy/wnioski-o-informacje-w-2025-520","ZALESIE","samorząd gminy","gmina wiejska","Lubelskie","Bialski","Zalesie","Lubelskie / Bialski / Zalesie (0601192, gmina wiejska)",66,66,0,"N/A",0,0,0,"b) NIE","b) NIE",3930
"1723","https://fedrowanie.siecobywatelska.pl/sprawy/wnioski-o-informacje-w-2025-1508","ZALESZANY","samorząd gminy","gmina wiejska","Podkarpackie","Stalowowolski","Zaleszany","Podkarpackie / Stalowowolski / Zaleszany (1818062, gmina wiejska)",86,86,0,"N/A",1,0,0,"b) NIE","b) NIE",10890
"1468","https://fedrowanie.siecobywatelska.pl/sprawy/wnioski-o-informacje-w-2025-2140","ZALEWO","samorząd gminy","gmina miejsko-wiejska","Warmińsko-Mazurskie","Iławski","Zalewo","Warmińsko-Mazurskie / Iławski / Zalewo (2807073, gmina miejsko-wiejska)",88,86,2,"[f]",0,0,0,"b) NIE","b) NIE",5980
"1944","https://fedrowanie.siecobywatelska.pl/sprawy/wnioski-o-informacje-w-2025-1630","ZAMBRÓW","samorząd gminy","gmina wiejska","Podlaskie","Zambrowski","Zambrów","Podlaskie / Zambrowski / Zambrów (2014052, gmina wiejska)",87,87,0,"N/A",0,0,0,"b) NIE","b) NIE",8760
"2083","https://fedrowanie.siecobywatelska.pl/sprawy/wnioski-o-informacje-w-2025-1629","Zambrów","samorząd gminy","gmina miejska","Podlaskie","Zambrowski","Zambrów","Podlaskie / Zambrowski / Zambrów (2014011, gmina miejska)",71,70,1,"[f]",0,0,0,"a) TAK","a) TAK",20500
"396","https://fedrowanie.siecobywatelska.pl/sprawy/wnioski-o-informacje-w-2025-521","ZAMOŚĆ","samorząd gminy","gmina wiejska","Lubelskie","Zamojski","Zamość","Lubelskie / Zamojski / Zamość (0620142, gmina wiejska)",97,80,0,"[a, d, e]",0,0,0,"a) TAK","b) NIE",23980
"628","https://fedrowanie.siecobywatelska.pl/sprawy/wnioski-o-informacje-w-2025-522","Zamość","samorząd gminy","miasto na prawach powiatu","Lubelskie","Zamość",,"Lubelskie / Zamość (0664, miasto na prawach powiatu)",184,165,5,"[b, c, f]",0,1,0,"a) TAK","a) TAK",56840
"1724","https://fedrowanie.siecobywatelska.pl/sprawy/wnioski-o-informacje-w-2025-2360","ZANIEMYŚL","samorząd gminy","gmina miejsko-wiejska","Wielkopolskie","Średzki","Zaniemyśl","Wielkopolskie / Średzki / Zaniemyśl (3025053, gmina miejsko-wiejska)",94,94,0,"N/A",0,0,0,"b) NIE","b) NIE",6940
"2401","https://fedrowanie.siecobywatelska.pl/sprawy/wnioski-o-informacje-w-2025-774","ZAPOLICE","samorząd gminy","gmina wiejska","Łódzkie","Zduńskowolski","Zapolice","Łódzkie / Zduńskowolski / Zapolice (1019032, gmina wiejska)",80,80,0,"N/A",0,0,0,"b) NIE","b) NIE",5560
"1947","https://fedrowanie.siecobywatelska.pl/sprawy/wnioski-o-informacje-w-2025-1272","ZARĘBY KOŚCIELNE","samorząd gminy","gmina wiejska","Mazowieckie","Ostrowski","Zaręby Kościelne","Mazowieckie / Ostrowski / Zaręby Kościelne (1416112, gmina wiejska)",63,63,0,"N/A",0,0,0,"b) NIE","b) NIE",3240
"397","https://fedrowanie.siecobywatelska.pl/sprawy/wnioski-o-informacje-w-2025-963","ZATOR","samorząd gminy","gmina miejsko-wiejska","Małopolskie","Oświęcimski","Zator","Małopolskie / Oświęcimski / Zator (1213093, gmina miejsko-wiejska)",79,79,0,"N/A",0,0,0,"b) NIE","b) NIE",8990
"1949","https://fedrowanie.siecobywatelska.pl/sprawy/wnioski-o-informacje-w-2025-1273","ZATORY","samorząd gminy","gmina wiejska","Mazowieckie","Pułtuski","Zatory","Mazowieckie / Pułtuski / Zatory (1424072, gmina wiejska)",75,75,0,"N/A",5,0,0,"b) NIE","b) NIE",4670
"879","https://fedrowanie.siecobywatelska.pl/sprawy/wnioski-o-informacje-w-2025-1631","ZAWADY","samorząd gminy","gmina wiejska","Podlaskie","Białostocki","Zawady","Podlaskie / Białostocki / Zawady (2002152, gmina wiejska)",59,58,0,"[a]",0,0,0,"b) NIE","a) TAK",2400
"2402","https://fedrowanie.siecobywatelska.pl/sprawy/wnioski-o-informacje-w-2025-2023","ZAWICHOST","samorząd gminy","gmina miejsko-wiejska","Świętokrzyskie","Sandomierski","Zawichost","Świętokrzyskie / Sandomierski / Zawichost (2609093, gmina miejsko-wiejska)",55,54,1,"[a]",0,0,0,"b) NIE","b) NIE",3900
"2189","https://fedrowanie.siecobywatelska.pl/sprawy/wnioski-o-informacje-w-2025-157","ZAWIDÓW","samorząd gminy","gmina miejska","Dolnośląskie","Zgorzelecki","Zawidów","Dolnośląskie / Zgorzelecki / Zawidów (0225011, gmina miejska)",62,61,1,"[a, g]",0,0,0,"b) NIE","b) NIE",3690
"1567","https://fedrowanie.siecobywatelska.pl/sprawy/wnioski-o-informacje-w-2025-1274","ZAWIDZ","samorząd gminy","gmina wiejska","Mazowieckie","Sierpecki","Zawidz","Mazowieckie / Sierpecki / Zawidz (1427072, gmina wiejska)",28,27,0,"[a, g]",0,0,0,"b) NIE","b) NIE",5660
"2403","https://fedrowanie.siecobywatelska.pl/sprawy/wnioski-o-informacje-w-2025-1916","ZAWIERCIE","samorząd gminy","gmina miejska","Śląskie","Zawierciański","Zawiercie","Śląskie / Zawierciański / Zawiercie (2416021, gmina miejska)",183,104,1,"[a, b, c]",2,1,0,"b) NIE","b) NIE",44920
"1062","https://fedrowanie.siecobywatelska.pl/sprawy/wnioski-o-informacje-w-2025-964","ZAWOJA","samorząd gminy","gmina wiejska","Małopolskie","Suski","Zawoja","Małopolskie / Suski / Zawoja (1215082, gmina wiejska)",122,122,7,"[f, h]",0,0,0,"b) NIE","a) TAK",8690
"1471","https://fedrowanie.siecobywatelska.pl/sprawy/wnioski-o-informacje-w-2025-158","ZAWONIA","samorząd gminy","gmina wiejska","Dolnośląskie","Trzebnicki","Zawonia","Dolnośląskie / Trzebnicki / Zawonia (0220052, gmina wiejska)",119,117,0,"[a, b]",0,0,0,"b) NIE","b) NIE",5910
"2081","https://fedrowanie.siecobywatelska.pl/sprawy/wnioski-o-informacje-w-2025-1275","ZĄBKI","samorząd gminy","gmina miejska","Mazowieckie","Wołomiński","Ząbki","Mazowieckie / Wołomiński / Ząbki (1434031, gmina miejska)",196,196,0,"N/A",0,0,0,"b) NIE","BD",45650
"2398","https://fedrowanie.siecobywatelska.pl/sprawy/wnioski-o-informacje-w-2025-159","ZĄBKOWICE ŚLĄSKIE","samorząd gminy","gmina miejsko-wiejska","Dolnośląskie","Ząbkowicki","Ząbkowice Śląskie","Dolnośląskie / Ząbkowicki / Ząbkowice Śląskie (0224053, gmina miejsko-wiejska)",123,112,0,"[f]",0,0,0,"b) NIE","b) NIE",20170
"2404","https://fedrowanie.siecobywatelska.pl/sprawy/wnioski-o-informacje-w-2025-602","ZBĄSZYNEK","samorząd gminy","gmina miejsko-wiejska","Lubuskie","Świebodziński","Zbąszynek","Lubuskie / Świebodziński / Zbąszynek (0808063, gmina miejsko-wiejska)",98,98,0,"N/A",0,0,0,"b) NIE","b) NIE",7980
"1472","https://fedrowanie.siecobywatelska.pl/sprawy/wnioski-o-informacje-w-2025-2361","ZBĄSZYŃ","samorząd gminy","gmina miejsko-wiejska","Wielkopolskie","Nowotomyski","Zbąszyń","Wielkopolskie / Nowotomyski / Zbąszyń (3015063, gmina miejsko-wiejska)",68,64,1,"[a, f, i]",1,0,0,"b) NIE","b) NIE",13670
"2493","https://fedrowanie.siecobywatelska.pl/sprawy/wnioski-o-informacje-w-2025-309","ZBICZNO","samorząd gminy","gmina wiejska","Kujawsko-Pomorskie","Brodnicki","Zbiczno","Kujawsko-Pomorskie / Brodnicki / Zbiczno (0402102, gmina wiejska)",80,80,0,"N/A",0,0,0,"b) NIE","b) NIE",4950
"398","https://fedrowanie.siecobywatelska.pl/sprawy/wnioski-o-informacje-w-2025-1754","ZBLEWO","samorząd gminy","gmina wiejska","Pomorskie","Starogardzki","Zblewo","Pomorskie / Starogardzki / Zblewo (2213132, gmina wiejska)",53,53,0,"N/A",0,0,0,"b) NIE","b) NIE",12310
"1950","https://fedrowanie.siecobywatelska.pl/sprawy/wnioski-o-informacje-w-2025-1632","ZBÓJNA","samorząd gminy","gmina wiejska","Podlaskie","Łomżyński","Zbójna","Podlaskie / Łomżyński / Zbójna (2007092, gmina wiejska)",13,13,0,"N/A",0,0,0,"b) NIE","b) NIE",3890
"70","https://fedrowanie.siecobywatelska.pl/sprawy/wnioski-o-informacje-w-2025-310","ZBÓJNO","samorząd gminy","gmina wiejska","Kujawsko-Pomorskie","Golubsko-Dobrzyński","Zbójno","Kujawsko-Pomorskie / Golubsko-Dobrzyński / Zbójno (0405062, gmina wiejska)",69,69,0,"N/A",0,0,0,"b) NIE","b) NIE",4130
"2405","https://fedrowanie.siecobywatelska.pl/sprawy/wnioski-o-informacje-w-2025-1917","ZBROSŁAWICE","samorząd gminy","gmina wiejska","Śląskie","Tarnogórski","Zbrosławice","Śląskie / Tarnogórski / Zbrosławice (2413092, gmina wiejska)",136,135,1,"[a]",0,0,2,"b) NIE","b) NIE",16390
"1726","https://fedrowanie.siecobywatelska.pl/sprawy/wnioski-o-informacje-w-2025-1276","ZBUCZYN","samorząd gminy","gmina wiejska","Mazowieckie","Siedlecki","Zbuczyn","Mazowieckie / Siedlecki / Zbuczyn (1426132, gmina wiejska)",102,95,2,"[a, c, f]",0,1,0,"b) NIE","b) NIE",9760
"1179","https://fedrowanie.siecobywatelska.pl/sprawy/wnioski-o-informacje-w-2025-775","ZDUNY (woj. łódzkie)","samorząd gminy","gmina wiejska","Łódzkie","Łowicki","Zduny","Łódzkie / Łowicki / Zduny (1005102, gmina wiejska)",105,102,0,"[a, i]",0,0,0,"b) NIE","b) NIE",5060
"2495","https://fedrowanie.siecobywatelska.pl/sprawy/wnioski-o-informacje-w-2025-2362","ZDUNY (woj. wielkopolskie)","samorząd gminy","gmina miejsko-wiejska","Wielkopolskie","Krotoszyński","Zduny","Wielkopolskie / Krotoszyński / Zduny (3012063, gmina miejsko-wiejska)",63,60,0,"[a, b]",0,0,0,"b) NIE","b) NIE",7530
"1427","https://fedrowanie.siecobywatelska.pl/sprawy/wnioski-o-informacje-w-2025-777","ZDUŃSKA WOLA","samorząd gminy","gmina wiejska","Łódzkie","Zduńskowolski","Zduńska Wola","Łódzkie / Zduńskowolski / Zduńska Wola (1019042, gmina wiejska)",75,75,0,"N/A",0,0,0,"b) NIE","b) NIE",12410
"2415","https://fedrowanie.siecobywatelska.pl/sprawy/wnioski-o-informacje-w-2025-776","ZDUŃSKA WOLA","samorząd gminy","gmina miejska","Łódzkie","Zduńskowolski","Zduńska Wola","Łódzkie / Zduńskowolski / Zduńska Wola (1019011, gmina miejska)",103,103,0,"N/A",0,0,0,"b) NIE","b) NIE",37530
"138","https://fedrowanie.siecobywatelska.pl/sprawy/wnioski-o-informacje-w-2025-1352","ZDZIESZOWICE","samorząd gminy","gmina miejsko-wiejska","Opolskie","Krapkowicki","Zdzieszowice","Opolskie / Krapkowicki / Zdzieszowice (1605053, gmina miejsko-wiejska)",139,80,1,"[b, c, d]",0,0,0,"b) NIE","b) NIE",13830
"2190","https://fedrowanie.siecobywatelska.pl/sprawy/wnioski-o-informacje-w-2025-778","ZELÓW","samorząd gminy","gmina miejsko-wiejska","Łódzkie","Bełchatowski","Zelów","Łódzkie / Bełchatowski / Zelów (1001083, gmina miejsko-wiejska)",94,94,1,"[f]",0,0,0,"b) NIE","b) NIE",14090
"1474","https://fedrowanie.siecobywatelska.pl/sprawy/wnioski-o-informacje-w-2025-965","ZEMBRZYCE","samorząd gminy","gmina wiejska","Małopolskie","Suski","Zembrzyce","Małopolskie / Suski / Zembrzyce (1215092, gmina wiejska)",160,157,0,"[a, c]",0,0,0,"b) NIE","b) NIE",5330
"1727","https://fedrowanie.siecobywatelska.pl/sprawy/wnioski-o-informacje-w-2025-1353","ZĘBOWICE","samorząd gminy","gmina wiejska","Opolskie","Oleski","Zębowice","Opolskie / Oleski / Zębowice (1608072, gmina wiejska)",79,79,0,"N/A",0,0,0,"b) NIE","b) NIE",3390
"1156","https://fedrowanie.siecobywatelska.pl/sprawy/wnioski-o-informacje-w-2025-780","ZGIERZ","samorząd gminy","gmina wiejska","Łódzkie","Zgierski","Zgierz","Łódzkie / Zgierski / Zgierz (1020092, gmina wiejska)",165,126,5,"[a, c, f]",0,0,0,"b) NIE","b) NIE",16610
"167","https://fedrowanie.siecobywatelska.pl/sprawy/wnioski-o-informacje-w-2025-779","ZGIERZ","samorząd gminy","gmina miejska","Łódzkie","Zgierski","Zgierz","Łódzkie / Zgierski / Zgierz (1020031, gmina miejska)",192,178,3,"[b, d]",11,0,0,"b) NIE","b) NIE",52420
"2406","https://fedrowanie.siecobywatelska.pl/sprawy/wnioski-o-informacje-w-2025-160","ZGORZELEC","samorząd gminy","gmina miejska","Dolnośląskie","Zgorzelecki","Zgorzelec","Dolnośląskie / Zgorzelecki / Zgorzelec (0225021, gmina miejska)",119,111,3,"[a, b, c]",1,3,0,"b) NIE","b) NIE",28100
"2434","https://fedrowanie.siecobywatelska.pl/sprawy/wnioski-o-informacje-w-2025-603","Zielona Góra","samorząd gminy","miasto na prawach powiatu","Lubuskie","Zielona Góra",,"Lubuskie / Zielona Góra (0862, miasto na prawach powiatu)",364,360,1,"[f]",0,0,0,"b) NIE","a) TAK",138480
"2084","https://fedrowanie.siecobywatelska.pl/sprawy/wnioski-o-informacje-w-2025-1277","ZIELONKA","samorząd gminy","gmina miejska","Mazowieckie","Wołomiński","Zielonka","Mazowieckie / Wołomiński / Zielonka (1434041, gmina miejska)",193,"BD",0,"[a, c]",3,0,0,"b) NIE","a) TAK",17990
"2498","https://fedrowanie.siecobywatelska.pl/sprawy/wnioski-o-informacje-w-2025-966","ZIELONKI","samorząd gminy","gmina wiejska","Małopolskie","Krakowski","Zielonki","Małopolskie / Krakowski / Zielonki (1206172, gmina wiejska)",152,152,0,"N/A",0,0,0,"b) NIE","b) NIE",28260
"2407","https://fedrowanie.siecobywatelska.pl/sprawy/wnioski-o-informacje-w-2025-162","ZIĘBICE","samorząd gminy","gmina miejsko-wiejska","Dolnośląskie","Ząbkowicki","Ziębice","Dolnośląskie / Ząbkowicki / Ziębice (0224063, gmina miejsko-wiejska)",105,76,2,"[a, c, g]",0,0,0,"b) NIE","a) TAK",15180
"450","https://fedrowanie.siecobywatelska.pl/sprawy/wnioski-o-informacje-w-2025-311","ZŁAWIEŚ WIELKA","samorząd gminy","gmina wiejska","Kujawsko-Pomorskie","Toruński","Zławieś Wielka","Kujawsko-Pomorskie / Toruński / Zławieś Wielka (0415092, gmina wiejska)",117,115,0,"N/A",0,0,0,"a) TAK","b) NIE",16580
"2113","https://fedrowanie.siecobywatelska.pl/sprawy/wnioski-o-informacje-w-2025-2479","ZŁOCIENIEC","samorząd gminy","gmina miejsko-wiejska","Zachodniopomorskie","Drawski","Złocieniec","Zachodniopomorskie / Drawski / Złocieniec (3203063, gmina miejsko-wiejska)",91,91,0,"N/A",0,0,0,"b) NIE","b) NIE",14880
"1180","https://fedrowanie.siecobywatelska.pl/sprawy/wnioski-o-informacje-w-2025-2024","ZŁOTA","samorząd gminy","gmina wiejska","Świętokrzyskie","Pińczowski","Złota","Świętokrzyskie / Pińczowski / Złota (2608052, gmina wiejska)",52,52,0,"N/A",0,0,0,"a) TAK","b) NIE",4120
"42","https://fedrowanie.siecobywatelska.pl/sprawy/wnioski-o-informacje-w-2025-312","ZŁOTNIKI KUJAWSKIE","samorząd gminy","gmina wiejska","Kujawsko-Pomorskie","Inowrocławski","Złotniki Kujawskie","Kujawsko-Pomorskie / Inowrocławski / Złotniki Kujawskie (0407092, gmina wiejska)",114,114,0,"N/A",0,0,1,"b) NIE","b) NIE",8780
"2085","https://fedrowanie.siecobywatelska.pl/sprawy/wnioski-o-informacje-w-2025-163","ZŁOTORYJA","samorząd gminy","gmina miejska","Dolnośląskie","Złotoryjski","Złotoryja","Dolnośląskie / Złotoryjski / Złotoryja (0226021, gmina miejska)",87,86,1,"[b]",1,2,0,"b) NIE","a) TAK",13780
"431","https://fedrowanie.siecobywatelska.pl/sprawy/wnioski-o-informacje-w-2025-164","ZŁOTORYJA","samorząd gminy","gmina wiejska","Dolnośląskie","Złotoryjski","Złotoryja","Dolnośląskie / Złotoryjski / Złotoryja (0226062, gmina wiejska)",99,97,0,"[g]",0,0,0,"b) NIE","b) NIE",6920
"2408","https://fedrowanie.siecobywatelska.pl/sprawy/wnioski-o-informacje-w-2025-2363","ZŁOTÓW","samorząd gminy","gmina miejska","Wielkopolskie","Złotowski","Złotów","Wielkopolskie / Złotowski / Złotów (3031011, gmina miejska)",112,112,0,"N/A",1,0,0,"b) NIE","b) NIE",17800
"2499","https://fedrowanie.siecobywatelska.pl/sprawy/wnioski-o-informacje-w-2025-2364","ZŁOTÓW","samorząd gminy","gmina wiejska","Wielkopolskie","Złotowski","Złotów","Wielkopolskie / Złotowski / Złotów (3031082, gmina wiejska)",27,27,0,"N/A",0,0,0,"b) NIE","b) NIE",10080
"2086","https://fedrowanie.siecobywatelska.pl/sprawy/wnioski-o-informacje-w-2025-165","ZŁOTY STOK","samorząd gminy","gmina miejsko-wiejska","Dolnośląskie","Ząbkowicki","Złoty Stok","Dolnośląskie / Ząbkowicki / Złoty Stok (0224073, gmina miejsko-wiejska)",77,77,0,"N/A",0,0,0,"b) NIE","b) NIE",3920
"1476","https://fedrowanie.siecobywatelska.pl/sprawy/wnioski-o-informacje-w-2025-604","ZWIERZYN","samorząd gminy","gmina wiejska","Lubuskie","Strzelecko-Drezdenecki","Zwierzyn","Lubuskie / Strzelecko-Drezdenecki / Zwierzyn (0806052, gmina wiejska)",18,18,0,"N/A",0,0,0,"b) NIE","b) NIE",4080
"2087","https://fedrowanie.siecobywatelska.pl/sprawy/wnioski-o-informacje-w-2025-523","ZWIERZYNIEC","samorząd gminy","gmina miejsko-wiejska","Lubelskie","Zamojski","Zwierzyniec","Lubelskie / Zamojski / Zwierzyniec (0620153, gmina miejsko-wiejska)",73,72,1,"[g]",0,0,0,"b) NIE","b) NIE",5900
"1065","https://fedrowanie.siecobywatelska.pl/sprawy/wnioski-o-informacje-w-2025-1278","ZWOLEŃ","samorząd gminy","gmina miejsko-wiejska","Mazowieckie","Zwoleński","Zwoleń","Mazowieckie / Zwoleński / Zwoleń (1436053, gmina miejsko-wiejska)",61,61,1,"[a, c, g]",0,0,0,"b) NIE","BD",14130
"2485","https://fedrowanie.siecobywatelska.pl/sprawy/wnioski-o-informacje-w-2025-1279","ŻABIA WOLA","samorząd gminy","gmina wiejska","Mazowieckie","Grodziski","Żabia Wola","Mazowieckie / Grodziski / Żabia Wola (1405062, gmina wiejska)",151,151,0,"N/A",0,0,0,"b) NIE","b) NIE",11860
"2188","https://fedrowanie.siecobywatelska.pl/sprawy/wnioski-o-informacje-w-2025-967","ŻABNO","samorząd gminy","gmina miejsko-wiejska","Małopolskie","Tarnowski","Żabno","Małopolskie / Tarnowski / Żabno (1216153, gmina miejsko-wiejska)",109,109,2,"[f]",0,0,0,"b) NIE","b) NIE",18200
"2253","https://fedrowanie.siecobywatelska.pl/sprawy/wnioski-o-informacje-w-2025-605","ŻAGAŃ","samorząd gminy","gmina wiejska","Lubuskie","Żagański","Żagań","Lubuskie / Żagański / Żagań (0810092, gmina wiejska)",91,90,0,"[a]",2,0,0,"b) NIE","b) NIE",7170
"502","https://fedrowanie.siecobywatelska.pl/sprawy/wnioski-o-informacje-w-2025-606","ŻAGAŃ","samorząd gminy","gmina miejska","Lubuskie","Żagański","Żagań","Lubuskie / Żagański / Żagań (0810021, gmina miejska)",80,78,1,"BD",1,1,0,"b) NIE","b) NIE",22800
"734","https://fedrowanie.siecobywatelska.pl/sprawy/wnioski-o-informacje-w-2025-1919","ŻARKI","samorząd gminy","gmina miejsko-wiejska","Śląskie","Myszkowski","Żarki","Śląskie / Myszkowski / Żarki (2409053, gmina miejsko-wiejska)",90,86,4,"[c, g]",0,0,0,"b) NIE","b) NIE",8120
"1725","https://fedrowanie.siecobywatelska.pl/sprawy/wnioski-o-informacje-w-2025-1920","ŻARNOWIEC","samorząd gminy","gmina wiejska","Śląskie","Zawierciański","Żarnowiec","Śląskie / Zawierciański / Żarnowiec (2416102, gmina wiejska)",60,60,0,"N/A",0,0,0,"b) NIE","b) NIE",4360
"1061","https://fedrowanie.siecobywatelska.pl/sprawy/wnioski-o-informacje-w-2025-782","ŻARNÓW","samorząd gminy","gmina miejsko-wiejska","Łódzkie","Opoczyński","Żarnów","Łódzkie / Opoczyński / Żarnów (1007083, gmina miejsko-wiejska)",83,83,0,"N/A",0,0,0,"b) NIE","b) NIE",5460
"132","https://fedrowanie.siecobywatelska.pl/sprawy/wnioski-o-informacje-w-2025-166","ŻARÓW","samorząd gminy","gmina miejsko-wiejska","Dolnośląskie","Świdnicki","Żarów","Dolnośląskie / Świdnicki / Żarów (0219083, gmina miejsko-wiejska)",62,62,0,"N/A",0,0,0,"b) NIE","b) NIE",11950
"430","https://fedrowanie.siecobywatelska.pl/sprawy/wnioski-o-informacje-w-2025-607","ŻARY","samorząd gminy","gmina wiejska","Lubuskie","Żarski","Żary","Lubuskie / Żarski / Żary (0811102, gmina wiejska)",74,74,0,"N/A",0,0,0,"b) NIE","b) NIE",12470
"648","https://fedrowanie.siecobywatelska.pl/sprawy/wnioski-o-informacje-w-2025-608","ŻARY","samorząd gminy","gmina miejska","Lubuskie","Żarski","Żary","Lubuskie / Żarski / Żary (0811021, gmina miejska)",123,120,3,"[a, g]",1,0,0,"b) NIE","b) NIE",33950
"1951","https://fedrowanie.siecobywatelska.pl/sprawy/wnioski-o-informacje-w-2025-968","ŻEGOCINA","samorząd gminy","gmina wiejska","Małopolskie","Bocheński","Żegocina","Małopolskie / Bocheński / Żegocina (1201092, gmina wiejska)",51,51,0,"N/A",0,0,0,"b) NIE","b) NIE",5540
"399","https://fedrowanie.siecobywatelska.pl/sprawy/wnioski-o-informacje-w-2025-783","ŻELECHLINEK","samorząd gminy","gmina wiejska","Łódzkie","Tomaszowski","Żelechlinek","Łódzkie / Tomaszowski / Żelechlinek (1016112, gmina wiejska)",112,90,0,"[c, h]",0,0,0,"b) NIE","b) NIE",3040
"2496","https://fedrowanie.siecobywatelska.pl/sprawy/wnioski-o-informacje-w-2025-1280","ŻELECHÓW","samorząd gminy","gmina miejsko-wiejska","Mazowieckie","Garwoliński","Żelechów","Mazowieckie / Garwoliński / Żelechów (1403143, gmina miejsko-wiejska)",100,99,1,"[f]",0,0,0,"b) NIE","b) NIE",7640
"1063","https://fedrowanie.siecobywatelska.pl/sprawy/wnioski-o-informacje-w-2025-2366","ŻERKÓW","samorząd gminy","gmina miejsko-wiejska","Wielkopolskie","Jarociński","Żerków","Wielkopolskie / Jarociński / Żerków (3006043, gmina miejsko-wiejska)",50,50,0,"N/A",0,0,0,"b) NIE","b) NIE",9610
"2409","https://fedrowanie.siecobywatelska.pl/sprawy/wnioski-o-informacje-w-2025-167","ŻMIGRÓD","samorząd gminy","gmina miejsko-wiejska","Dolnośląskie","Trzebnicki","Żmigród","Dolnośląskie / Trzebnicki / Żmigród (0220063, gmina miejsko-wiejska)",108,106,2,"[f]",1,0,0,"b) NIE","b) NIE",14030
"384","https://fedrowanie.siecobywatelska.pl/sprawy/wnioski-o-informacje-w-2025-313","ŻNIN","samorząd gminy","gmina miejsko-wiejska","Kujawsko-Pomorskie","Żniński","Żnin","Kujawsko-Pomorskie / Żniński / Żnin (0419063, gmina miejsko-wiejska)",94,91,0,"[b]",0,0,0,"b) NIE","b) NIE",22400
"2191","https://fedrowanie.siecobywatelska.pl/sprawy/wnioski-o-informacje-w-2025-1921","Żory","miasto na prawach powiatu","miasto na prawach powiatu","Śląskie","Żory",,"Śląskie / Żory (2479, miasto na prawach powiatu)",196,185,3,"[a, b, c]",0,2,0,"b) NIE","b) NIE",61860
"1064","https://fedrowanie.siecobywatelska.pl/sprawy/wnioski-o-informacje-w-2025-525","ŻÓŁKIEWKA","samorząd gminy","gmina wiejska","Lubelskie","Krasnostawski","Żółkiewka","Lubelskie / Krasnostawski / Żółkiewka (0606112, gmina wiejska)",93,"BD",1,"[f]",0,1,0,"b) NIE","a) TAK",4680
"2411","https://fedrowanie.siecobywatelska.pl/sprawy/wnioski-o-informacje-w-2025-168","ŻÓRAWINA","samorząd gminy","gmina wiejska","Dolnośląskie","Wrocławski","Żórawina","Dolnośląskie / Wrocławski / Żórawina (0223092, gmina wiejska)",124,115,2,"[f]",0,0,0,"b) NIE","b) NIE",14280
"401","https://fedrowanie.siecobywatelska.pl/sprawy/wnioski-o-informacje-w-2025-169","ŻUKOWICE","samorząd gminy","gmina wiejska","Dolnośląskie","Głogowski","Żukowice","Dolnośląskie / Głogowski / Żukowice (0203062, gmina wiejska)",86,86,0,"N/A",0,0,0,"b) NIE","b) NIE",3350
"139","https://fedrowanie.siecobywatelska.pl/sprawy/wnioski-o-informacje-w-2025-1755","ŻUKOWO","samorząd gminy","gmina miejsko-wiejska","Pomorskie","Kartuski","Żukowo","Pomorskie / Kartuski / Żukowo (2205083, gmina miejsko-wiejska)",294,271,3,"[a, b, g]",4,0,0,"b) NIE","b) NIE",53010
"2501","https://fedrowanie.siecobywatelska.pl/sprawy/wnioski-o-informacje-w-2025-1512","ŻURAWICA","samorząd gminy","gmina wiejska","Podkarpackie","Przemyski","Żurawica","Podkarpackie / Przemyski / Żurawica (1813102, gmina wiejska)",66,65,1,"[i]",0,0,0,"b) NIE","b) NIE",12410
"880","https://fedrowanie.siecobywatelska.pl/sprawy/wnioski-o-informacje-w-2025-784","ŻYCHLIN","samorząd gminy","gmina miejsko-wiejska","Łódzkie","Kutnowski","Żychlin","Łódzkie / Kutnowski / Żychlin (1002113, gmina miejsko-wiejska)",72,72,1,"[a]",0,0,0,"b) NIE","b) NIE",10560
"2412","https://fedrowanie.siecobywatelska.pl/sprawy/wnioski-o-informacje-w-2025-1282","ŻYRARDÓW","samorząd gminy","gmina miejska","Mazowieckie","Żyrardowski","Żyrardów","Mazowieckie / Żyrardowski / Żyrardów (1438011, gmina miejska)",181,122,6,"[b, g, i]",0,2,0,"b) NIE","b) NIE",38280
"1478","https://fedrowanie.siecobywatelska.pl/sprawy/wnioski-o-informacje-w-2025-526","ŻYRZYN","samorząd gminy","gmina wiejska","Lubelskie","Puławski","Żyrzyn","Lubelskie / Puławski / Żyrzyn (0614112, gmina wiejska)",84,84,0,"N/A",0,0,0,"a) TAK","b) NIE",6030
"1066","https://fedrowanie.siecobywatelska.pl/sprawy/wnioski-o-informacje-w-2025-1922","ŻYWIEC","samorząd gminy","gmina miejska","Śląskie","Żywiecki","Żywiec","Śląskie / Żywiecki / Żywiec (2417011, gmina miejska)",167,167,0,"N/A",0,0,0,"b) NIE","b) NIE",29090
"115","https://fedrowanie.siecobywatelska.pl/sprawy/wnioski-o-informacje-w-2025-571","OŚNO LUBUSKIE","samorząd gminy","gmina miejsko-wiejska","Lubuskie","Słubicki","Ośno Lubuskie","Lubuskie / Słubicki / Ośno Lubuskie (0805033, gmina miejsko-wiejska)",164,117,7,"[e, f]",40,7,0,"b) NIE","a) TAK",6090
"1208","https://fedrowanie.siecobywatelska.pl/sprawy/wnioski-o-informacje-w-2025-1047","JASIENIEC","samorząd gminy","gmina wiejska","Mazowieckie","Grójecki","Jasieniec","Mazowieckie / Grójecki / Jasieniec (1406062, gmina wiejska)",260,259,5,"[a, c, f]",12,16,0,"a) TAK","b) NIE",5330
"1244","https://fedrowanie.siecobywatelska.pl/sprawy/wnioski-o-informacje-w-2025-866","ŁAPANÓW","samorząd gminy","gmina wiejska","Małopolskie","Bocheński","Łapanów","Małopolskie / Bocheński / Łapanów (1201052, gmina wiejska)",80,78,0,"[c]",0,0,0,"b) NIE","b) NIE",8690
"1305","https://fedrowanie.siecobywatelska.pl/sprawy/wnioski-o-informacje-w-2025-1981","OŻARÓW","samorząd gminy","gmina miejsko-wiejska","Świętokrzyskie","Opatowski","Ożarów","Świętokrzyskie / Opatowski / Ożarów (2606053, gmina miejsko-wiejska)",153,147,7,"[a, e, h]",1,1,0,"b) NIE","b) NIE",9780
"1318","https://fedrowanie.siecobywatelska.pl/sprawy/wnioski-o-informacje-w-2025-1332","POPIELÓW","samorząd gminy","gmina wiejska","Opolskie","Opolski","Popielów","Opolskie / Opolski / Popielów (1609092, gmina wiejska)",68,68,0,"N/A",0,0,0,"b) NIE","b) NIE",7550
"1323","https://fedrowanie.siecobywatelska.pl/sprawy/wnioski-o-informacje-w-2025-1706","PRUSZCZ GDAŃSKI","samorząd gminy","gmina wiejska","Pomorskie","Gdański","Pruszcz Gdański","Pomorskie / Gdański / Pruszcz Gdański (2204042, gmina wiejska)",217,166,1,"[a, b, c]",2,0,0,"b) NIE","b) NIE",39010
"1359","https://fedrowanie.siecobywatelska.pl/sprawy/wnioski-o-informacje-w-2025-1340","SKOROSZYCE","samorząd gminy","gmina wiejska","Opolskie","Nyski","Skoroszyce","Opolskie / Nyski / Skoroszyce (1607092, gmina wiejska)",84,84,0,"N/A",1,0,3,"b) NIE","b) NIE",5760
"140","https://fedrowanie.siecobywatelska.pl/sprawy/wnioski-o-informacje-w-2025-1604","STAWISKI","samorząd gminy","gmina miejsko-wiejska","Podlaskie","Kolneński","Stawiski","Podlaskie / Kolneński / Stawiski (2006053, gmina miejsko-wiejska)",71,69,0,"N/A",0,0,0,"b) NIE","b) NIE",5440
"1410","https://fedrowanie.siecobywatelska.pl/sprawy/wnioski-o-informacje-w-2025-1852","OŻAROWICE","samorząd gminy","gmina wiejska","Śląskie","Tarnogórski","Ożarowice","Śląskie / Tarnogórski / Ożarowice (2413062, gmina wiejska)",148,71,0,"[d, e, i]",5,0,0,"b) NIE","b) NIE",5900
"1439","https://fedrowanie.siecobywatelska.pl/sprawy/wnioski-o-informacje-w-2025-1348","WALCE","samorząd gminy","gmina wiejska","Opolskie","Krapkowicki","Walce","Opolskie / Krapkowicki / Walce (1605042, gmina wiejska)",70,54,0,"[c]",0,0,0,"b) NIE","a) TAK",5100
"1491","https://fedrowanie.siecobywatelska.pl/sprawy/wnioski-o-informacje-w-2025-2107","PASŁĘK","samorząd gminy","gmina miejsko-wiejska","Warmińsko-Mazurskie","Elbląski","Pasłęk","Warmińsko-Mazurskie / Elbląski / Pasłęk (2804073, gmina miejsko-wiejska)",70,63,1,"N/A","BD",0,0,"BD","BD",17890
"1504","https://fedrowanie.siecobywatelska.pl/sprawy/wnioski-o-informacje-w-2025-1725","SMOŁDZINO","samorząd gminy","gmina wiejska","Pomorskie","Słupski","Smołdzino","Pomorskie / Słupski / Smołdzino (2212092, gmina wiejska)",30,29,0,"[c, f]",0,0,0,"b) NIE","b) NIE",3050
"1523","https://fedrowanie.siecobywatelska.pl/sprawy/wnioski-o-informacje-w-2025-126","STRZEGOM","samorząd gminy","gmina miejsko-wiejska","Dolnośląskie","Świdnicki","Strzegom","Dolnośląskie / Świdnicki / Strzegom (0219063, gmina miejsko-wiejska)",314,276,1,"[a, f, i]",1,0,0,"b) NIE","b) NIE",23760
"1573","https://fedrowanie.siecobywatelska.pl/sprawy/wnioski-o-informacje-w-2025-1285","BIERAWA","samorząd gminy","gmina wiejska","Opolskie","Kędzierzyńsko-Kozielski","Bierawa","Opolskie / Kędzierzyńsko-Kozielski / Bierawa (1603022, gmina wiejska)",114,110,3,"[g, h]",0,0,0,"b) NIE","b) NIE",7480
"1595","https://fedrowanie.siecobywatelska.pl/sprawy/wnioski-o-informacje-w-2025-2048","EŁK","samorząd gminy","gmina wiejska","Warmińsko-Mazurskie","Ełcki","Ełk","Warmińsko-Mazurskie / Ełcki / Ełk (2805022, gmina wiejska)",131,"BD","BD","BD","BD","BD","BD","b) NIE","b) NIE",12910
"1675","https://fedrowanie.siecobywatelska.pl/sprawy/wnioski-o-informacje-w-2025-2116","PURDA","samorząd gminy","gmina wiejska","Warmińsko-Mazurskie","Olsztyński","Purda","Warmińsko-Mazurskie / Olsztyński / Purda (2814102, gmina wiejska)",171,167,4,"[a, c, e]",3,1,0,"b) NIE","b) NIE",9090
"170","https://fedrowanie.siecobywatelska.pl/sprawy/wnioski-o-informacje-w-2025-2376","BIESIEKIERZ","samorząd gminy","gmina wiejska","Zachodniopomorskie","Koszaliński","Biesiekierz","Zachodniopomorskie / Koszaliński / Biesiekierz (3209022, gmina wiejska)",82,79,0,"N/A",0,0,0,"b) NIE","b) NIE",6890
"1862","https://fedrowanie.siecobywatelska.pl/sprawy/wnioski-o-informacje-w-2025-1079","LEONCIN","samorząd gminy","gmina wiejska","Mazowieckie","Nowodworski","Leoncin","Mazowieckie / Nowodworski / Leoncin (1414032, gmina wiejska)",106,106,0,"N/A",0,"BD","BD","BD","BD",5590
"1893","https://fedrowanie.siecobywatelska.pl/sprawy/wnioski-o-informacje-w-2025-1585","PIĄTNICA","samorząd gminy","gmina wiejska","Podlaskie","Łomżyński","Piątnica","Podlaskie / Łomżyński / Piątnica (2007052, gmina wiejska)",74,68,0,"[a]",0,0,0,"b) NIE","b) NIE",10110
"1965","https://fedrowanie.siecobywatelska.pl/sprawy/wnioski-o-informacje-w-2025-792","BOBOWA","samorząd gminy","gmina miejsko-wiejska","Małopolskie","Gorlicki","Bobowa","Małopolskie / Gorlicki / Bobowa (1205033, gmina miejsko-wiejska)",134,"BD","BD","BD","BD","BD","BD","b) NIE","b) NIE",9500
"1976","https://fedrowanie.siecobywatelska.pl/sprawy/wnioski-o-informacje-w-2025-1777","Dąbrowa Górnicza","miasto na prawach powiatu","miasto na prawach powiatu","Śląskie","Dąbrowa Górnicza",,"Śląskie / Dąbrowa Górnicza (2465, miasto na prawach powiatu)",351,299,4,"[a, c, f]",0,0,0,"a) TAK","b) NIE",111310
"2021","https://fedrowanie.siecobywatelska.pl/sprawy/wnioski-o-informacje-w-2025-2275","OSTRÓW WIELKOPOLSKI","samorząd gminy","gmina miejska","Wielkopolskie","Ostrowski","Ostrów Wielkopolski","Wielkopolskie / Ostrowski / Ostrów Wielkopolski (3017011, gmina miejska)",97,79,0,"N/A",0,0,0,"b) NIE","b) NIE",68110
"2044","https://fedrowanie.siecobywatelska.pl/sprawy/wnioski-o-informacje-w-2025-2322","SULMIERZYCE (woj. wielkopolskie)","samorząd gminy","gmina miejska","Wielkopolskie","Krotoszyński","Sulmierzyce","Wielkopolskie / Krotoszyński / Sulmierzyce (3012011, gmina miejska)",68,68,0,"N/A",0,0,0,"b) NIE","a) TAK",2690
"2079","https://fedrowanie.siecobywatelska.pl/sprawy/wnioski-o-informacje-w-2025-1908","WISŁA","samorząd gminy","gmina miejska","Śląskie","Cieszyński","Wisła","Śląskie / Cieszyński / Wisła (2403031, gmina miejska)",71,"BD",0,"N/A",0,0,1,"b) NIE","b) NIE",10420
"2105","https://fedrowanie.siecobywatelska.pl/sprawy/wnioski-o-informacje-w-2025-1656","Gdynia","miasto na prawach powiatu","miasto na prawach powiatu","Pomorskie","Gdynia",,"Pomorskie / Gdynia (2262, miasto na prawach powiatu)",1157,861,12,"[a, c, i]",6,5,4,"b) NIE","a) TAK",238710
"2173","https://fedrowanie.siecobywatelska.pl/sprawy/wnioski-o-informacje-w-2025-1138","OTWOCK","samorząd gminy","gmina miejska","Mazowieckie","Otwocki","Otwock","Mazowieckie / Otwocki / Otwock (1417021, gmina miejska)",233,221,12,"[a, c, f]",0,0,1,"b) NIE","b) NIE",43120
"2187","https://fedrowanie.siecobywatelska.pl/sprawy/wnioski-o-informacje-w-2025-1915","Zabrze","miasto na prawach powiatu","miasto na prawach powiatu","Śląskie","Zabrze",,"Śląskie / Zabrze (2478, miasto na prawach powiatu)","BD",225,"BD","[a, c, i]","BD","BD","BD","BD","a) TAK",150780
"2214","https://fedrowanie.siecobywatelska.pl/sprawy/wnioski-o-informacje-w-2025-990","CEGŁÓW","samorząd gminy","gmina miejsko-wiejska","Mazowieckie","Miński","Cegłów","Mazowieckie / Miński / Cegłów (1412043, gmina miejsko-wiejska)",87,87,0,"N/A",0,0,0,"b) NIE","b) NIE",6040
"2228","https://fedrowanie.siecobywatelska.pl/sprawy/wnioski-o-informacje-w-2025-2175","DUSZNIKI","samorząd gminy","gmina wiejska","Wielkopolskie","Szamotulski","Duszniki","Wielkopolskie / Szamotulski / Duszniki (3024022, gmina wiejska)",86,77,1,"[a, c]",0,0,0,"b) NIE","b) NIE",9750
"2279","https://fedrowanie.siecobywatelska.pl/sprawy/wnioski-o-informacje-w-2025-1065","KONSTANCIN-JEZIORNA","samorząd gminy","gmina miejsko-wiejska","Mazowieckie","Piaseczyński","Konstancin-Jeziorna","Mazowieckie / Piaseczyński / Konstancin-Jeziorna (1418023, gmina miejsko-wiejska)",306,244,6,"[a, c, f]",3,1,0,"b) NIE","b) NIE",24870
"2425","https://fedrowanie.siecobywatelska.pl/sprawy/wnioski-o-informacje-w-2025-7","BOLESŁAWIEC","samorząd gminy","gmina wiejska","Dolnośląskie","Bolesławiecki","Bolesławiec","Dolnośląskie / Bolesławiecki / Bolesławiec (0201022, gmina wiejska)",101,101,0,"N/A",0,0,0,"b) NIE","BD",15410
"2491","https://fedrowanie.siecobywatelska.pl/sprawy/wnioski-o-informacje-w-2025-2163","CZERMIN","samorząd gminy","gmina wiejska","Wielkopolskie","Pleszewski","Czermin","Wielkopolskie / Pleszewski / Czermin (3020022, gmina wiejska)",73,67,2,"[c, f, h]",0,0,0,"b) NIE","b) NIE",4740
"288","https://fedrowanie.siecobywatelska.pl/sprawy/wnioski-o-informacje-w-2025-682","LUBOCHNIA","samorząd gminy","gmina wiejska","Łódzkie","Tomaszowski","Lubochnia","Łódzkie / Tomaszowski / Lubochnia (1016062, gmina wiejska)",81,79,0,"[c]",0,0,0,"b) NIE","b) NIE",7070
"3390","https://fedrowanie.siecobywatelska.pl/sprawy/wnioski-o-informacje-w-2025-2537","Starostwo Powiatowe w Grodzisku Mazowieckim","starostwo powiatowe","powiat","Mazowieckie","Grodziski",,"Mazowieckie / Grodziski (1405, powiat)",184,145,2,"[a, b, c]",0,0,1,"b) NIE","b) NIE",
"3552","https://fedrowanie.siecobywatelska.pl/sprawy/wnioski-o-informacje-w-2025-2701","Starostwo Powiatowe w Sanoku","starostwo powiatowe","powiat","Podkarpackie","Sanocki",,"Podkarpackie / Sanocki (1817, powiat)",81,72,5,"[f, i]",0,2,0,"b) NIE","b) NIE",
"3601","https://fedrowanie.siecobywatelska.pl/sprawy/wnioski-o-informacje-w-2025-2750","Starostwo Powiatowe w Tucholi","starostwo powiatowe","powiat","Kujawsko-Pomorskie","Tucholski",,"Kujawsko-Pomorskie / Tucholski (0416, powiat)",69,69,0,"N/A",0,0,0,"b) NIE","b) NIE",
"3620","https://fedrowanie.siecobywatelska.pl/sprawy/wnioski-o-informacje-w-2025-2767","Starostwo Powiatowe w Wołowie","starostwo powiatowe","powiat","Dolnośląskie","Wołowski",,"Dolnośląskie / Wołowski (0222, powiat)",84,77,0,"[a, c]",0,0,0,"b) NIE","a) TAK",
"3639","https://fedrowanie.siecobywatelska.pl/sprawy/wnioski-o-informacje-w-2025-2784","Starostwo Powiatowe w Żninie","starostwo powiatowe","powiat","Kujawsko-Pomorskie","Żniński",,"Kujawsko-Pomorskie / Żniński (0419, powiat)",48,48,0,"N/A",0,0,0,"b) NIE","b) NIE",
"393","https://fedrowanie.siecobywatelska.pl/sprawy/wnioski-o-informacje-w-2025-1263","WOLANÓW","samorząd gminy","gmina wiejska","Mazowieckie","Radomski","Wolanów","Mazowieckie / Radomski / Wolanów (1425122, gmina wiejska)",92,91,0,"[f]",0,0,0,"BD","BD",9050
"5","https://fedrowanie.siecobywatelska.pl/sprawy/wnioski-o-informacje-w-2025-2798","Marszałek Województwa Łódzkiego","marszałkowie","województwo","Łódzkie",,,"Łódzkie (10, województwo)",369,329,13,"[a, b, h]",1,0,0,"b) NIE","a) TAK",
"536","https://fedrowanie.siecobywatelska.pl/sprawy/wnioski-o-informacje-w-2025-610","ALEKSANDRÓW ŁÓDZKI","samorząd gminy","gmina miejsko-wiejska","Łódzkie","Zgierski","Aleksandrów Łódzki","Łódzkie / Zgierski / Aleksandrów Łódzki (1020043, gmina miejsko-wiejska)",101,97,2,"[a, f, g]",1,1,0,"b) NIE","a) TAK",35640
"5420","https://fedrowanie.siecobywatelska.pl/sprawy/wnioski-o-informacje-w-2025-2828","Ministerstwo Zdrowia","ministerstwa","dzielnica","Mazowieckie","Warszawa","Śródmieście","Mazowieckie / Warszawa / Śródmieście (1465108, dzielnica)",858,614,11,"[a, c, f]",5,"BD",0,"b) NIE","b) NIE",
"5423","https://fedrowanie.siecobywatelska.pl/sprawy/wnioski-o-informacje-w-2025-2811","Ministerstwo Cyfryzacji","ministerstwa","dzielnica","Mazowieckie","Warszawa","Śródmieście","Mazowieckie / Warszawa / Śródmieście (1465108, dzielnica)",505,496,9,"[a, c, f]",3,1,0,"b) NIE","b) NIE",
"5426","https://fedrowanie.siecobywatelska.pl/sprawy/wnioski-o-informacje-w-2025-2825","Ministerstwo Spraw Wewnętrznych i Administracji","ministerstwa","dzielnica","Mazowieckie","Warszawa","Śródmieście","Mazowieckie / Warszawa / Śródmieście (1465108, dzielnica)",978,"BD",7,"[a, c, f]",8,1,0,"b) NIE","a) TAK",
"5431","https://fedrowanie.siecobywatelska.pl/sprawy/wnioski-o-informacje-w-2025-2814","Ministerstwo Finansów","ministerstwa","dzielnica","Mazowieckie","Warszawa","Śródmieście","Mazowieckie / Warszawa / Śródmieście (1465108, dzielnica)",5020,4850,60,"[a, b, c, f, i]",12,18,0,"b) NIE","a) TAK",
"577","https://fedrowanie.siecobywatelska.pl/sprawy/wnioski-o-informacje-w-2025-1812","KOSZĘCIN","samorząd gminy","gmina wiejska","Śląskie","Lubliniecki","Koszęcin","Śląskie / Lubliniecki / Koszęcin (2407062, gmina wiejska)",76,75,0,"[a]",0,0,2,"b) NIE","b) NIE",11730
"68","https://fedrowanie.siecobywatelska.pl/sprawy/wnioski-o-informacje-w-2025-1605","SUCHOWOLA","samorząd gminy","gmina miejsko-wiejska","Podlaskie","Sokólski","Suchowola","Podlaskie / Sokólski / Suchowola (2011093, gmina miejsko-wiejska)",44,44,0,"N/A",0,0,0,"b) NIE","b) NIE",6110
"685","https://fedrowanie.siecobywatelska.pl/sprawy/wnioski-o-informacje-w-2025-97","OŁAWA","samorząd gminy","gmina miejska","Dolnośląskie","Oławski","Oława","Dolnośląskie / Oławski / Oława (0215011, gmina miejska)","BD",180,13,"[a, b, c, f, g, i]",1,3,"BD","BD","BD",32930
"7","https://fedrowanie.siecobywatelska.pl/sprawy/wnioski-o-informacje-w-2025-2800","Marszałek Województwa Mazowieckiego","marszałkowie","województwo","Mazowieckie",,,"Mazowieckie (14, województwo)",592,505,2,"[a, c, g]",6,0,0,"b) NIE","b) NIE",
"708","https://fedrowanie.siecobywatelska.pl/sprawy/wnioski-o-informacje-w-2025-1860","POCZESNA","samorząd gminy","gmina wiejska","Śląskie","Częstochowski","Poczesna","Śląskie / Częstochowski / Poczesna (2404132, gmina wiejska)",139,"BD","BD","BD",0,0,0,"b) NIE","b) NIE",12290
"749","https://fedrowanie.siecobywatelska.pl/sprawy/wnioski-o-informacje-w-2025-307","Włocławek","miasto na prawach powiatu","miasto na prawach powiatu","Kujawsko-Pomorskie","Włocławek",,"Kujawsko-Pomorskie / Włocławek (0464, miasto na prawach powiatu)",265,244,2,"[b, c, f]",4,2,0,"b) NIE","b) NIE",98040
"767","https://fedrowanie.siecobywatelska.pl/sprawy/wnioski-o-informacje-w-2025-2032","BISKUPIEC","samorząd gminy","gmina miejsko-wiejska","Warmińsko-Mazurskie","Olsztyński","Biskupiec","Warmińsko-Mazurskie / Olsztyński / Biskupiec (2814023, gmina miejsko-wiejska)",170,166,5,"[f, g]",4,4,0,"b) NIE","b) NIE",17450
"802","https://fedrowanie.siecobywatelska.pl/sprawy/wnioski-o-informacje-w-2025-1727","Sopot","samorząd gminy","miasto na prawach powiatu","Pomorskie","Sopot",,"Pomorskie / Sopot (2264, miasto na prawach powiatu)",272,272,15,"[a, g]",0,1,0,"b) NIE","b) NIE",31210
"821","https://fedrowanie.siecobywatelska.pl/sprawy/wnioski-o-informacje-w-2025-986","BROK","samorząd gminy","gmina miejsko-wiejska","Mazowieckie","Ostrowski","Brok","Mazowieckie / Ostrowski / Brok (1416043, gmina miejsko-wiejska)",70,70,0,"N/A",0,0,0,"b) NIE","b) NIE",2510
"911","https://fedrowanie.siecobywatelska.pl/sprawy/wnioski-o-informacje-w-2025-554","KROSNO ODRZAŃSKIE","samorząd gminy","gmina miejsko-wiejska","Lubuskie","Krośnieński","Krosno Odrzańskie","Lubuskie / Krośnieński / Krosno Odrzańskie (0802063, gmina miejsko-wiejska)",99,99,0,"N/A",0,0,0,"b) NIE","b) NIE",16570
"945","https://fedrowanie.siecobywatelska.pl/sprawy/wnioski-o-informacje-w-2025-1319","NAMYSŁÓW","samorząd gminy","gmina miejsko-wiejska","Opolskie","Namysłowski","Namysłów","Opolskie / Namysłowski / Namysłów (1606023, gmina miejsko-wiejska)",146,143,2,"[i]",0,0,0,"b) NIE","b) NIE",26210
"986","https://fedrowanie.siecobywatelska.pl/sprawy/wnioski-o-informacje-w-2025-464","SOSNÓWKA","samorząd gminy","gmina wiejska","Lubelskie","Bialski","Sosnówka","Lubelskie / Bialski / Sosnówka (0601152, gmina wiejska)",96,90,0,"[a, c, f]",0,0,0,"BD","b) NIE",2030
"999","https://fedrowanie.siecobywatelska.pl/sprawy/wnioski-o-informacje-w-2025-295","TOPÓLKA","samorząd gminy","gmina wiejska","Kujawsko-Pomorskie","Radziejowski","Topólka","Kujawsko-Pomorskie / Radziejowski / Topólka (0411072, gmina wiejska)",66,66,0,"N/A",0,0,0,"b) NIE","b) NIE",4400
